movieId,title,genres,year,tag,content
1,Toy Story,Adventure Animation Children Comedy Fantasy,1995.0,pixar pixar fun,toy story adventure animation children comedy fantasy pixar pixar fun
2,Jumanji,Adventure Children Fantasy,1995.0,fantasy magic board game robin williams game,jumanji adventure children fantasy fantasy magic board game robin williams game
3,Grumpier Old Men,Comedy Romance,1995.0,moldy old,grumpier old men comedy romance moldy old
4,Waiting to Exhale,Comedy Drama Romance,1995.0,,waiting to exhale comedy drama romance
5,Father of the Bride Part II,Comedy,1995.0,pregnancy remake,father of the bride part ii comedy pregnancy remake
6,Heat,Action Crime Thriller,1995.0,,heat action crime thriller
7,Sabrina,Comedy Romance,1995.0,remake,sabrina comedy romance remake
8,Tom and Huck,Adventure Children,1995.0,,tom and huck adventure children
9,Sudden Death,Action,1995.0,,sudden death action
10,GoldenEye,Action Adventure Thriller,1995.0,,goldeneye action adventure thriller
11,"American President, The",Comedy Drama Romance,1995.0,politics president,american president the comedy drama romance politics president
12,Dracula: Dead and Loving It,Comedy Horror,1995.0,,dracula dead and loving it comedy horror
13,Balto,Adventure Animation Children,1995.0,,balto adventure animation children
14,Nixon,Drama,1995.0,politics president,nixon drama politics president
15,Cutthroat Island,Action Adventure Romance,1995.0,,cutthroat island action adventure romance
16,Casino,Crime Drama,1995.0,mafia,casino crime drama mafia
17,Sense and Sensibility,Drama Romance,1995.0,jane austen,sense and sensibility drama romance jane austen
18,Four Rooms,Comedy,1995.0,,four rooms comedy
19,Ace Ventura: When Nature Calls,Comedy,1995.0,,ace ventura when nature calls comedy
20,Money Train,Action Comedy Crime Drama Thriller,1995.0,,money train action comedy crime drama thriller
21,Get Shorty,Comedy Crime Thriller,1995.0,hollywood,get shorty comedy crime thriller hollywood
22,Copycat,Crime Drama Horror Mystery Thriller,1995.0,serial killer,copycat crime drama horror mystery thriller serial killer
23,Assassins,Action Crime Thriller,1995.0,,assassins action crime thriller
24,Powder,Drama Sci-Fi,1995.0,,powder drama sci fi
25,Leaving Las Vegas,Drama Romance,1995.0,alcoholism,leaving las vegas drama romance alcoholism
26,Othello,Drama,1995.0,shakespeare,othello drama shakespeare
27,Now and Then,Children Drama,1995.0,,now and then children drama
28,Persuasion,Drama Romance,1995.0,in netflix queue jane austen,persuasion drama romance in netflix queue jane austen
29,"City of Lost Children, The (Cité des enfants perdus, La)",Adventure Drama Fantasy Mystery Sci-Fi,1995.0,kidnapping,city of lost children the cit des enfants perdus la adventure drama fantasy mystery sci fi kidnapping
30,Shanghai Triad (Yao a yao yao dao waipo qiao),Crime Drama,1995.0,,shanghai triad yao a yao yao dao waipo qiao crime drama
31,Dangerous Minds,Drama,1995.0,high school teacher,dangerous minds drama high school teacher
32,Twelve Monkeys (a.k.a. 12 Monkeys),Mystery Sci-Fi Thriller,1995.0,time travel time travel brad pitt bruce willis mindfuck post apocalyptic post-apocalyptic remake time travel twist ending,twelve monkeys a k a 12 monkeys mystery sci fi thriller time travel time travel brad pitt bruce willis mindfuck post apocalyptic post apocalyptic remake time travel twist ending
34,Babe,Children Drama,1995.0,animal movie pigs villain nonexistent or not needed for good story,babe children drama animal movie pigs villain nonexistent or not needed for good story
36,Dead Man Walking,Crime Drama,1995.0,death penalty nun,dead man walking crime drama death penalty nun
38,It Takes Two,Children Comedy,1995.0,twins,it takes two children comedy twins
39,Clueless,Comedy Romance,1995.0,chick flick funny paul rudd quotable seen more than once emma jane austen,clueless comedy romance chick flick funny paul rudd quotable seen more than once emma jane austen
40,"Cry, the Beloved Country",Drama,1995.0,in netflix queue south africa,cry the beloved country drama in netflix queue south africa
41,Richard III,Drama War,1995.0,shakespeare,richard iii drama war shakespeare
42,Dead Presidents,Action Crime Drama,1995.0,,dead presidents action crime drama
43,Restoration,Drama,1995.0,england,restoration drama england
44,Mortal Kombat,Action Adventure Fantasy,1995.0,,mortal kombat action adventure fantasy
45,To Die For,Comedy Drama Thriller,1995.0,journalism,to die for comedy drama thriller journalism
46,How to Make an American Quilt,Drama Romance,1995.0,wedding,how to make an american quilt drama romance wedding
47,Seven (a.k.a. Se7en),Mystery Thriller,1995.0,mystery twist ending serial killer,seven a k a se7en mystery thriller mystery twist ending serial killer
48,Pocahontas,Animation Children Drama Musical Romance,1995.0,,pocahontas animation children drama musical romance
49,When Night Is Falling,Drama Romance,1995.0,,when night is falling drama romance
50,"Usual Suspects, The",Crime Mystery Thriller,1995.0,mindfuck suspense thriller tricky twist ending heist,usual suspects the crime mystery thriller mindfuck suspense thriller tricky twist ending heist
52,Mighty Aphrodite,Comedy Drama Romance,1995.0,adoption prostitution,mighty aphrodite comedy drama romance adoption prostitution
53,Lamerica,Adventure Drama,1994.0,,lamerica adventure drama
54,"Big Green, The",Children Comedy,1995.0,,big green the children comedy
55,Georgia,Drama,1995.0,,georgia drama
57,Home for the Holidays,Drama,1995.0,,home for the holidays drama
58,"Postman, The (Postino, Il)",Comedy Drama Romance,1994.0,writing,postman the postino il comedy drama romance writing
60,"Indian in the Cupboard, The",Adventure Children Fantasy,1995.0,,indian in the cupboard the adventure children fantasy
61,Eye for an Eye,Drama Thriller,1996.0,,eye for an eye drama thriller
62,Mr. Holland's Opus,Drama,1995.0,music,mr holland s opus drama music
63,Don't Be a Menace to South Central While Drinking Your Juice in the Hood,Comedy Crime,1996.0,,don t be a menace to south central while drinking your juice in the hood comedy crime
64,Two if by Sea,Comedy Romance,1996.0,,two if by sea comedy romance
65,Bio-Dome,Comedy,1996.0,,bio dome comedy
66,Lawnmower Man 2: Beyond Cyberspace,Action Sci-Fi Thriller,1996.0,,lawnmower man 2 beyond cyberspace action sci fi thriller
68,French Twist (Gazon maudit),Comedy Romance,1995.0,,french twist gazon maudit comedy romance
69,Friday,Comedy,1995.0,,friday comedy
70,From Dusk Till Dawn,Action Comedy Horror Thriller,1996.0,,from dusk till dawn action comedy horror thriller
71,Fair Game,Action,1995.0,,fair game action
72,Kicking and Screaming,Comedy Drama,1995.0,,kicking and screaming comedy drama
73,"Misérables, Les",Drama War,1995.0,,mis rables les drama war
74,Bed of Roses,Drama Romance,1996.0,,bed of roses drama romance
75,Big Bully,Comedy Drama,1996.0,,big bully comedy drama
76,Screamers,Action Sci-Fi Thriller,1995.0,,screamers action sci fi thriller
77,Nico Icon,Documentary,1995.0,,nico icon documentary
78,"Crossing Guard, The",Action Crime Drama Thriller,1995.0,,crossing guard the action crime drama thriller
79,"Juror, The",Drama Thriller,1996.0,,juror the drama thriller
80,"White Balloon, The (Badkonake sefid)",Children Drama,1995.0,,white balloon the badkonake sefid children drama
81,Things to Do in Denver When You're Dead,Crime Drama Romance,1995.0,,things to do in denver when you re dead crime drama romance
82,Antonia's Line (Antonia),Comedy Drama,1995.0,,antonia s line antonia comedy drama
83,Once Upon a Time... When We Were Colored,Drama Romance,1995.0,,once upon a time when we were colored drama romance
85,Angels and Insects,Drama Romance,1995.0,,angels and insects drama romance
86,White Squall,Action Adventure Drama,1996.0,,white squall action adventure drama
87,Dunston Checks In,Children Comedy,1996.0,,dunston checks in children comedy
88,Black Sheep,Comedy,1996.0,,black sheep comedy
89,Nick of Time,Action Thriller,1995.0,,nick of time action thriller
92,Mary Reilly,Drama Horror Thriller,1996.0,jekyll and hyde,mary reilly drama horror thriller jekyll and hyde
93,Vampire in Brooklyn,Comedy Horror Romance,1995.0,,vampire in brooklyn comedy horror romance
94,Beautiful Girls,Comedy Drama Romance,1996.0,,beautiful girls comedy drama romance
95,Broken Arrow,Action Adventure Thriller,1996.0,,broken arrow action adventure thriller
96,In the Bleak Midwinter,Comedy Drama,1995.0,theater,in the bleak midwinter comedy drama theater
97,"Hate (Haine, La)",Crime Drama,1995.0,,hate haine la crime drama
99,Heidi Fleiss: Hollywood Madam,Documentary,1995.0,,heidi fleiss hollywood madam documentary
100,City Hall,Drama Thriller,1996.0,,city hall drama thriller
101,Bottle Rocket,Adventure Comedy Crime Romance,1996.0,crime off-beat comedy quirky,bottle rocket adventure comedy crime romance crime off beat comedy quirky
102,Mr. Wrong,Comedy,1996.0,,mr wrong comedy
103,Unforgettable,Mystery Sci-Fi Thriller,1996.0,,unforgettable mystery sci fi thriller
104,Happy Gilmore,Comedy,1996.0,test tag golf adam sandler,happy gilmore comedy test tag golf adam sandler
105,"Bridges of Madison County, The",Drama Romance,1995.0,,bridges of madison county the drama romance
106,Nobody Loves Me (Keiner liebt mich),Comedy Drama,1994.0,,nobody loves me keiner liebt mich comedy drama
107,Muppet Treasure Island,Adventure Children Comedy Musical,1996.0,muppets,muppet treasure island adventure children comedy musical muppets
108,Catwalk,Documentary,1996.0,,catwalk documentary
110,Braveheart,Action Drama War,1995.0,beautiful scenery epic historical inspirational medieval mel gibson oscar (best cinematography) revenge sword fight scotland,braveheart action drama war beautiful scenery epic historical inspirational medieval mel gibson oscar best cinematography revenge sword fight scotland
111,Taxi Driver,Crime Drama Thriller,1976.0,assassination,taxi driver crime drama thriller assassination
112,Rumble in the Bronx (Hont faan kui),Action Adventure Comedy Crime,1995.0,,rumble in the bronx hont faan kui action adventure comedy crime
113,Before and After,Drama Mystery,1996.0,,before and after drama mystery
116,Anne Frank Remembered,Documentary,1995.0,holocaust,anne frank remembered documentary holocaust
117,"Young Poisoner's Handbook, The",Crime Drama,1995.0,,young poisoner s handbook the crime drama
118,If Lucy Fell,Comedy Romance,1996.0,,if lucy fell comedy romance
119,"Steal Big, Steal Little",Comedy,1995.0,,steal big steal little comedy
121,"Boys of St. Vincent, The",Drama,1992.0,,boys of st vincent the drama
122,Boomerang,Comedy Romance,1992.0,dating,boomerang comedy romance dating
123,Chungking Express (Chung Hing sam lam),Drama Mystery Romance,1994.0,,chungking express chung hing sam lam drama mystery romance
125,Flirting With Disaster,Comedy,1996.0,,flirting with disaster comedy
126,"NeverEnding Story III, The",Adventure Children Fantasy,1994.0,,neverending story iii the adventure children fantasy
128,Jupiter's Wife,Documentary,1994.0,,jupiter s wife documentary
129,Pie in the Sky,Comedy Romance,1996.0,,pie in the sky comedy romance
132,Jade,Thriller,1995.0,,jade thriller
135,Down Periscope,Comedy,1996.0,,down periscope comedy
137,Man of the Year,Documentary,1995.0,,man of the year documentary
140,Up Close and Personal,Drama Romance,1996.0,journalism,up close and personal drama romance journalism
141,"Birdcage, The",Comedy,1996.0,,birdcage the comedy
144,"Brothers McMullen, The",Comedy,1995.0,,brothers mcmullen the comedy
145,Bad Boys,Action Comedy Crime Drama Thriller,1995.0,,bad boys action comedy crime drama thriller
146,"Amazing Panda Adventure, The",Adventure Children,1995.0,,amazing panda adventure the adventure children
147,"Basketball Diaries, The",Drama,1995.0,addiction heroin leonardo dicaprio mark wahlberg,basketball diaries the drama addiction heroin leonardo dicaprio mark wahlberg
148,"Awfully Big Adventure, An",Drama,1995.0,,awfully big adventure an drama
149,Amateur,Crime Drama Thriller,1994.0,,amateur crime drama thriller
150,Apollo 13,Adventure Drama IMAX,1995.0,moon nasa space,apollo 13 adventure drama imax moon nasa space
151,Rob Roy,Action Drama Romance War,1995.0,,rob roy action drama romance war
152,"Addiction, The",Drama Horror,1995.0,,addiction the drama horror
153,Batman Forever,Action Adventure Comedy Crime,1995.0,superhero superhero,batman forever action adventure comedy crime superhero superhero
154,Beauty of the Day (Belle de jour),Drama,1967.0,,beauty of the day belle de jour drama
155,Beyond Rangoon,Adventure Drama War,1995.0,,beyond rangoon adventure drama war
156,Blue in the Face,Comedy Drama,1995.0,,blue in the face comedy drama
157,Canadian Bacon,Comedy War,1995.0,,canadian bacon comedy war
158,Casper,Adventure Children,1995.0,,casper adventure children
159,Clockers,Crime Drama Mystery,1995.0,,clockers crime drama mystery
160,Congo,Action Adventure Mystery Sci-Fi,1995.0,michael crichton,congo action adventure mystery sci fi michael crichton
161,Crimson Tide,Drama Thriller War,1995.0,submarine,crimson tide drama thriller war submarine
162,Crumb,Documentary,1994.0,in netflix queue,crumb documentary in netflix queue
163,Desperado,Action Romance Western,1995.0,,desperado action romance western
164,Devil in a Blue Dress,Crime Film-Noir Mystery Thriller,1995.0,,devil in a blue dress crime film noir mystery thriller
165,Die Hard: With a Vengeance,Action Crime Thriller,1995.0,,die hard with a vengeance action crime thriller
166,"Doom Generation, The",Comedy Crime Drama,1995.0,,doom generation the comedy crime drama
168,First Knight,Action Drama Romance,1995.0,,first knight action drama romance
169,Free Willy 2: The Adventure Home,Adventure Children Drama,1995.0,,free willy 2 the adventure home adventure children drama
170,Hackers,Action Adventure Crime Thriller,1995.0,,hackers action adventure crime thriller
171,Jeffrey,Comedy Drama,1995.0,,jeffrey comedy drama
172,Johnny Mnemonic,Action Sci-Fi Thriller,1995.0,,johnny mnemonic action sci fi thriller
173,Judge Dredd,Action Crime Sci-Fi,1995.0,,judge dredd action crime sci fi
174,Jury Duty,Comedy,1995.0,,jury duty comedy
175,Kids,Drama,1995.0,controversial new york city nudity (full frontal),kids drama controversial new york city nudity full frontal
176,Living in Oblivion,Comedy,1995.0,,living in oblivion comedy
177,Lord of Illusions,Horror,1995.0,,lord of illusions horror
178,Love & Human Remains,Comedy Drama,1993.0,,love human remains comedy drama
179,Mad Love,Drama Romance,1995.0,,mad love drama romance
180,Mallrats,Comedy Romance,1995.0,,mallrats comedy romance
181,Mighty Morphin Power Rangers: The Movie,Action Children,1995.0,,mighty morphin power rangers the movie action children
183,Mute Witness,Comedy Horror Thriller,1994.0,,mute witness comedy horror thriller
184,Nadja,Drama,1994.0,,nadja drama
185,"Net, The",Action Crime Thriller,1995.0,computers,net the action crime thriller computers
186,Nine Months,Comedy Romance,1995.0,,nine months comedy romance
187,Party Girl,Comedy,1995.0,,party girl comedy
188,"Prophecy, The",Fantasy Horror Mystery,1995.0,,prophecy the fantasy horror mystery
189,Reckless,Comedy Fantasy,1995.0,,reckless comedy fantasy
190,Safe,Thriller,1995.0,,safe thriller
191,"Scarlet Letter, The",Drama Romance,1995.0,,scarlet letter the drama romance
193,Showgirls,Drama,1995.0,,showgirls drama
194,Smoke,Comedy Drama,1995.0,,smoke comedy drama
195,Something to Talk About,Comedy Drama Romance,1995.0,,something to talk about comedy drama romance
196,Species,Horror Sci-Fi,1995.0,,species horror sci fi
198,Strange Days,Action Crime Drama Mystery Sci-Fi Thriller,1995.0,,strange days action crime drama mystery sci fi thriller
199,"Umbrellas of Cherbourg, The (Parapluies de Cherbourg, Les)",Drama Musical Romance,1964.0,made me cry,umbrellas of cherbourg the parapluies de cherbourg les drama musical romance made me cry
201,Three Wishes,Drama Fantasy,1995.0,,three wishes drama fantasy
202,Total Eclipse,Drama Romance,1995.0,,total eclipse drama romance
203,"To Wong Foo, Thanks for Everything! Julie Newmar",Comedy,1995.0,,to wong foo thanks for everything julie newmar comedy
204,Under Siege 2: Dark Territory,Action,1995.0,,under siege 2 dark territory action
205,Unstrung Heroes,Comedy Drama,1995.0,,unstrung heroes comedy drama
206,Unzipped,Documentary,1995.0,,unzipped documentary
207,"Walk in the Clouds, A",Drama Romance,1995.0,,walk in the clouds a drama romance
208,Waterworld,Action Adventure Sci-Fi,1995.0,,waterworld action adventure sci fi
209,White Man's Burden,Drama,1995.0,,white man s burden drama
210,Wild Bill,Western,1995.0,,wild bill western
211,"Browning Version, The",Drama,1994.0,,browning version the drama
212,Bushwhacked,Adventure Comedy Crime Mystery,1995.0,,bushwhacked adventure comedy crime mystery
213,Burnt by the Sun (Utomlyonnye solntsem),Drama,1994.0,,burnt by the sun utomlyonnye solntsem drama
214,Before the Rain (Pred dozhdot),Drama War,1994.0,,before the rain pred dozhdot drama war
215,Before Sunrise,Drama Romance,1995.0,generation x,before sunrise drama romance generation x
216,Billy Madison,Comedy,1995.0,school adam sandler stop looking at me swan,billy madison comedy school adam sandler stop looking at me swan
217,"Babysitter, The",Drama Thriller,1995.0,,babysitter the drama thriller
218,Boys on the Side,Comedy Drama,1995.0,,boys on the side comedy drama
219,"Cure, The",Drama,1995.0,,cure the drama
220,Castle Freak,Horror,1995.0,,castle freak horror
222,Circle of Friends,Drama Romance,1995.0,ireland,circle of friends drama romance ireland
223,Clerks,Comedy,1994.0,cynical hilarious independent film quirky witty generation x,clerks comedy cynical hilarious independent film quirky witty generation x
224,Don Juan DeMarco,Comedy Drama Romance,1995.0,mental illness psychology,don juan demarco comedy drama romance mental illness psychology
225,Disclosure,Drama Thriller,1994.0,,disclosure drama thriller
227,Drop Zone,Action Thriller,1994.0,,drop zone action thriller
228,Destiny Turns on the Radio,Comedy,1995.0,,destiny turns on the radio comedy
229,Death and the Maiden,Drama Thriller,1994.0,,death and the maiden drama thriller
230,Dolores Claiborne,Drama Thriller,1995.0,stephen king,dolores claiborne drama thriller stephen king
231,Dumb & Dumber (Dumb and Dumber),Adventure Comedy,1994.0,,dumb dumber dumb and dumber adventure comedy
232,Eat Drink Man Woman (Yin shi nan nu),Comedy Drama Romance,1994.0,in netflix queue,eat drink man woman yin shi nan nu comedy drama romance in netflix queue
233,Exotica,Drama,1994.0,,exotica drama
234,Exit to Eden,Comedy,1994.0,,exit to eden comedy
235,Ed Wood,Comedy Drama,1994.0,movie business,ed wood comedy drama movie business
236,French Kiss,Action Comedy Romance,1995.0,,french kiss action comedy romance
237,Forget Paris,Comedy Romance,1995.0,basketball france infertility,forget paris comedy romance basketball france infertility
238,Far From Home: The Adventures of Yellow Dog,Adventure Children,1995.0,,far from home the adventures of yellow dog adventure children
239,"Goofy Movie, A",Animation Children Comedy Romance,1995.0,,goofy movie a animation children comedy romance
240,Hideaway,Thriller,1995.0,,hideaway thriller
241,Fluke,Children Drama,1995.0,,fluke children drama
242,Farinelli: il castrato,Drama Musical,1994.0,,farinelli il castrato drama musical
243,Gordy,Children Comedy Fantasy,1995.0,,gordy children comedy fantasy
246,Hoop Dreams,Documentary,1994.0,basketball,hoop dreams documentary basketball
247,Heavenly Creatures,Crime Drama,1994.0,australia,heavenly creatures crime drama australia
248,Houseguest,Comedy,1994.0,bad sinbad,houseguest comedy bad sinbad
249,Immortal Beloved,Drama Romance,1994.0,beethoven,immortal beloved drama romance beethoven
250,Heavyweights (Heavy Weights),Children Comedy,1995.0,,heavyweights heavy weights children comedy
251,"Hunted, The",Action,1995.0,,hunted the action
252,I.Q.,Comedy Romance,1994.0,einstein,i q comedy romance einstein
253,Interview with the Vampire: The Vampire Chronicles,Drama Horror,1994.0,,interview with the vampire the vampire chronicles drama horror
254,Jefferson in Paris,Drama,1995.0,,jefferson in paris drama
255,"Jerky Boys, The",Comedy,1995.0,,jerky boys the comedy
256,Junior,Comedy Sci-Fi,1994.0,,junior comedy sci fi
257,Just Cause,Mystery Thriller,1995.0,court,just cause mystery thriller court
258,"Kid in King Arthur's Court, A",Adventure Children Comedy Fantasy Romance,1995.0,,kid in king arthur s court a adventure children comedy fantasy romance
259,Kiss of Death,Crime Drama Thriller,1995.0,,kiss of death crime drama thriller
260,Star Wars: Episode IV - A New Hope,Action Adventure Sci-Fi,1977.0,classic space action action sci-fi epic great soundtrack classic sci-fi engrossing adventure epic classic nerd classic sci-fi space action space epic oldie but goodie sci-fi star wars robots and androids space classic sci-fi sci-fi space adventure star wars darth vader luke skywalker space opera,star wars episode iv a new hope action adventure sci fi classic space action action sci fi epic great soundtrack classic sci fi engrossing adventure epic classic nerd classic sci fi space action space epic oldie but goodie sci fi star wars robots and androids space classic sci fi sci fi space adventure star wars darth vader luke skywalker space opera
261,Little Women,Drama,1994.0,louisa may alcott,little women drama louisa may alcott
262,"Little Princess, A",Children Drama,1995.0,england girl power india,little princess a children drama england girl power india
263,Ladybird Ladybird,Drama,1994.0,,ladybird ladybird drama
265,Like Water for Chocolate (Como agua para chocolate),Drama Fantasy Romance,1992.0,,like water for chocolate como agua para chocolate drama fantasy romance
266,Legends of the Fall,Drama Romance War Western,1994.0,,legends of the fall drama romance war western
267,Major Payne,Comedy,1995.0,,major payne comedy
269,My Crazy Life (Mi vida loca),Drama,1993.0,,my crazy life mi vida loca drama
270,Love Affair,Drama Romance,1994.0,,love affair drama romance
271,Losing Isaiah,Drama,1995.0,,losing isaiah drama
272,"Madness of King George, The",Comedy Drama,1994.0,england mental illness,madness of king george the comedy drama england mental illness
273,Mary Shelley's Frankenstein (Frankenstein),Drama Horror Sci-Fi,1994.0,gothic,mary shelley s frankenstein frankenstein drama horror sci fi gothic
274,Man of the House,Comedy,1995.0,,man of the house comedy
275,Mixed Nuts,Comedy,1994.0,,mixed nuts comedy
276,Milk Money,Comedy Romance,1994.0,,milk money comedy romance
277,Miracle on 34th Street,Drama,1994.0,christmas,miracle on 34th street drama christmas
278,Miami Rhapsody,Comedy,1995.0,,miami rhapsody comedy
279,My Family,Drama,1995.0,in netflix queue,my family drama in netflix queue
280,Murder in the First,Drama Thriller,1995.0,prison,murder in the first drama thriller prison
281,Nobody's Fool,Comedy Drama Romance,1994.0,,nobody s fool comedy drama romance
282,Nell,Drama,1994.0,disability twins,nell drama disability twins
283,New Jersey Drive,Crime Drama,1995.0,,new jersey drive crime drama
284,New York Cop (Nyû Yôku no koppu),Action Crime,1993.0,,new york cop ny y ku no koppu action crime
285,Beyond Bedlam,Drama Horror,1993.0,,beyond bedlam drama horror
287,Nina Takes a Lover,Comedy Romance,1994.0,,nina takes a lover comedy romance
288,Natural Born Killers,Action Crime Thriller,1994.0,brutality controversial dark comedy psychedelic satire stylized,natural born killers action crime thriller brutality controversial dark comedy psychedelic satire stylized
289,Only You,Comedy Romance,1994.0,,only you comedy romance
290,Once Were Warriors,Crime Drama,1994.0,in netflix queue,once were warriors crime drama in netflix queue
291,Poison Ivy II,Drama Thriller,1996.0,,poison ivy ii drama thriller
292,Outbreak,Action Drama Sci-Fi Thriller,1995.0,,outbreak action drama sci fi thriller
293,Léon: The Professional (a.k.a. The Professional) (Léon),Action Crime Drama Thriller,1994.0,assassin jean reno hit men action assassin assassination assassins awkward romance corruption crime disturbing drama french friendship gary oldman great acting guns hit men hitman humorous imdb top 250 jean reno lolita theme loneliness love story luc besson natalie portman organized crime police police corruption quirky sniper tense touching unique,l on the professional a k a the professional l on action crime drama thriller assassin jean reno hit men action assassin assassination assassins awkward romance corruption crime disturbing drama french friendship gary oldman great acting guns hit men hitman humorous imdb top 250 jean reno lolita theme loneliness love story luc besson natalie portman organized crime police police corruption quirky sniper tense touching unique
294,"Perez Family, The",Comedy Romance,1995.0,,perez family the comedy romance
295,"Pyromaniac's Love Story, A",Comedy Romance,1995.0,,pyromaniac s love story a comedy romance
296,Pulp Fiction,Comedy Crime Drama Thriller,1994.0,good dialogue great soundtrack non-linear cult film drugs quentin tarantino tarantino hit men 1990s achronological action action packed aggressive amazing amazing dialogues anthology assassin atmospheric awesome bad ass bad language bad-ass bible biblical references big boys with guns big name actors black comedy black humor black humour blood blood splatters bloody bruce willis brutality casual violence character development characters classic classic movie coke comedy conversation cool cool style crime crime scene scrubbing cult cult classic cult film dance dancing dark dark comedy dark humor dialogue different diner disjointed timeline disturbing drama drug overdose drugs drugs & music ensemble cast entertaining entirely dialogue episodic exciting fast paced fast-paced film noir film-noir foul language fun funny gangster gangsters genius golden watch good dialogue good music gore great acting great dialogue great soundtrack gritty guns harvey keitel heroin highly quotable hit men hitman homosexuality humour iconic imdb top 250 innovative intellectual intelligent intense interesting intertwining storylines interwoven storylines ironic irony john travolta killer-as-protagonist los angeles mafia masterpiece meaningless violence milkshake mobster mobsters monologue motherfucker multiple stories multiple storylines neo-noir noir non-linear non-linear timeline nonlinear nonlinear narrative nonlinear storyline nonlinear timeline notable soundtrack offensive organised crime organized crime original original plot out of order palme d'or parody philosophical pop culture references psychological pulp quentin tarantino quirky quotable r:disturbing violent content including rape r:disturbing violent images r:graphic sexuality r:some violence r:strong bloody violence r:strong language r:sustained strong stylized violence r:violence random rape retro roger avary royal with cheese samuel l. jackson sarcasm satire sexy smart writing sophisticated soundtrack splatter steve buscemi storytelling stylish stylized suspense tarantino thought-provoking thriller travolta twist ending uma thurman unique unpredictable unusual very funny violence violent witty,pulp fiction comedy crime drama thriller good dialogue great soundtrack non linear cult film drugs quentin tarantino tarantino hit men 1990s achronological action action packed aggressive amazing amazing dialogues anthology assassin atmospheric awesome bad ass bad language bad ass bible biblical references big boys with guns big name actors black comedy black humor black humour blood blood splatters bloody bruce willis brutality casual violence character development characters classic classic movie coke comedy conversation cool cool style crime crime scene scrubbing cult cult classic cult film dance dancing dark dark comedy dark humor dialogue different diner disjointed timeline disturbing drama drug overdose drugs drugs music ensemble cast entertaining entirely dialogue episodic exciting fast paced fast paced film noir film noir foul language fun funny gangster gangsters genius golden watch good dialogue good music gore great acting great dialogue great soundtrack gritty guns harvey keitel heroin highly quotable hit men hitman homosexuality humour iconic imdb top 250 innovative intellectual intelligent intense interesting intertwining storylines interwoven storylines ironic irony john travolta killer as protagonist los angeles mafia masterpiece meaningless violence milkshake mobster mobsters monologue motherfucker multiple stories multiple storylines neo noir noir non linear non linear timeline nonlinear nonlinear narrative nonlinear storyline nonlinear timeline notable soundtrack offensive organised crime organized crime original original plot out of order palme d or parody philosophical pop culture references psychological pulp quentin tarantino quirky quotable r disturbing violent content including rape r disturbing violent images r graphic sexuality r some violence r strong bloody violence r strong language r sustained strong stylized violence r violence random rape retro roger avary royal with cheese samuel l jackson sarcasm satire sexy smart writing sophisticated soundtrack splatter steve buscemi storytelling stylish stylized suspense tarantino thought provoking thriller travolta twist ending uma thurman unique unpredictable unusual very funny violence violent witty
298,Pushing Hands (Tui shou),Drama,1992.0,,pushing hands tui shou drama
299,Priest,Drama,1994.0,,priest drama
300,Quiz Show,Drama,1994.0,tv,quiz show drama tv
301,Picture Bride (Bijo photo),Drama Romance,1994.0,,picture bride bijo photo drama romance
302,"Queen Margot (Reine Margot, La)",Drama Romance,1994.0,,queen margot reine margot la drama romance
303,"Quick and the Dead, The",Action Thriller Western,1995.0,,quick and the dead the action thriller western
304,Roommates,Comedy Drama,1995.0,,roommates comedy drama
305,Ready to Wear (Pret-A-Porter),Comedy,1994.0,,ready to wear pret a porter comedy
306,Three Colors: Red (Trois couleurs: Rouge),Drama,1994.0,,three colors red trois couleurs rouge drama
307,Three Colors: Blue (Trois couleurs: Bleu),Drama,1993.0,death,three colors blue trois couleurs bleu drama death
308,Three Colors: White (Trzy kolory: Bialy),Comedy Drama,1994.0,marriage cynical,three colors white trzy kolory bialy comedy drama marriage cynical
310,Rent-a-Kid,Comedy,1995.0,,rent a kid comedy
311,Relative Fear,Horror Thriller,1994.0,,relative fear horror thriller
312,Stuart Saves His Family,Comedy,1995.0,,stuart saves his family comedy
313,"Swan Princess, The",Animation Children,1994.0,,swan princess the animation children
314,"Secret of Roan Inish, The",Children Drama Fantasy Mystery,1994.0,,secret of roan inish the children drama fantasy mystery
315,"Specialist, The",Action Drama Thriller,1994.0,,specialist the action drama thriller
316,Stargate,Action Adventure Sci-Fi,1994.0,time travel,stargate action adventure sci fi time travel
317,"Santa Clause, The",Comedy Drama Fantasy,1994.0,christmas,santa clause the comedy drama fantasy christmas
318,"Shawshank Redemption, The",Crime Drama,1994.0,prison stephen king wrongful imprisonment morgan freeman,shawshank redemption the crime drama prison stephen king wrongful imprisonment morgan freeman
319,Shallow Grave,Comedy Drama Thriller,1994.0,,shallow grave comedy drama thriller
320,Suture,Film-Noir Thriller,1993.0,,suture film noir thriller
321,Strawberry and Chocolate (Fresa y chocolate),Drama,1993.0,,strawberry and chocolate fresa y chocolate drama
322,Swimming with Sharks,Comedy Drama,1995.0,,swimming with sharks comedy drama
324,"Sum of Us, The",Comedy Drama,1994.0,,sum of us the comedy drama
325,National Lampoon's Senior Trip,Comedy,1995.0,,national lampoon s senior trip comedy
326,To Live (Huozhe),Drama,1994.0,in netflix queue,to live huozhe drama in netflix queue
327,Tank Girl,Action Comedy Sci-Fi,1995.0,,tank girl action comedy sci fi
328,Tales from the Crypt Presents: Demon Knight,Horror Thriller,1995.0,,tales from the crypt presents demon knight horror thriller
329,Star Trek: Generations,Adventure Drama Sci-Fi,1994.0,enterprise,star trek generations adventure drama sci fi enterprise
330,Tales from the Hood,Action Crime Horror,1995.0,,tales from the hood action crime horror
331,Tom & Viv,Drama,1994.0,,tom viv drama
332,Village of the Damned,Horror Sci-Fi,1995.0,,village of the damned horror sci fi
333,Tommy Boy,Comedy,1995.0,,tommy boy comedy
334,Vanya on 42nd Street,Drama,1994.0,,vanya on 42nd street drama
335,Underneath,Mystery Thriller,1995.0,,underneath mystery thriller
336,"Walking Dead, The",Drama War,1995.0,,walking dead the drama war
337,What's Eating Gilbert Grape,Drama,1993.0,mental illness,what s eating gilbert grape drama mental illness
338,Virtuosity,Action Sci-Fi Thriller,1995.0,serial killer,virtuosity action sci fi thriller serial killer
339,While You Were Sleeping,Comedy Romance,1995.0,coma,while you were sleeping comedy romance coma
340,"War, The",Adventure Drama War,1994.0,,war the adventure drama war
341,Double Happiness,Drama,1994.0,,double happiness drama
342,Muriel's Wedding,Comedy,1994.0,australia weddings,muriel s wedding comedy australia weddings
343,"Baby-Sitters Club, The",Children,1995.0,,baby sitters club the children
344,Ace Ventura: Pet Detective,Comedy,1994.0,,ace ventura pet detective comedy
345,"Adventures of Priscilla, Queen of the Desert, The",Comedy Drama,1994.0,cross dressing men in drag remade,adventures of priscilla queen of the desert the comedy drama cross dressing men in drag remade
346,Backbeat,Drama Musical,1993.0,,backbeat drama musical
347,Bitter Moon,Drama Film-Noir Romance,1992.0,,bitter moon drama film noir romance
348,Bullets Over Broadway,Comedy,1994.0,,bullets over broadway comedy
349,Clear and Present Danger,Action Crime Drama Thriller,1994.0,tom clancy,clear and present danger action crime drama thriller tom clancy
350,"Client, The",Drama Mystery Thriller,1994.0,john grisham,client the drama mystery thriller john grisham
351,"Corrina, Corrina",Comedy Drama Romance,1994.0,interracial romance,corrina corrina comedy drama romance interracial romance
352,Crooklyn,Comedy Drama,1994.0,,crooklyn comedy drama
353,"Crow, The",Action Crime Fantasy Thriller,1994.0,,crow the action crime fantasy thriller
354,Cobb,Drama,1994.0,,cobb drama
355,"Flintstones, The",Children Comedy Fantasy,1994.0,,flintstones the children comedy fantasy
356,Forrest Gump,Comedy Drama Romance War,1994.0,shrimp vietnam bubba gump shrimp lieutenant dan stupid is as stupid does bittersweet emotional heartwarming touching,forrest gump comedy drama romance war shrimp vietnam bubba gump shrimp lieutenant dan stupid is as stupid does bittersweet emotional heartwarming touching
357,Four Weddings and a Funeral,Comedy Romance,1994.0,wedding,four weddings and a funeral comedy romance wedding
358,Higher Learning,Drama,1995.0,,higher learning drama
359,I Like It Like That,Comedy Drama Romance,1994.0,,i like it like that comedy drama romance
360,I Love Trouble,Action Comedy,1994.0,,i love trouble action comedy
361,It Could Happen to You,Comedy Drama Romance,1994.0,gambling,it could happen to you comedy drama romance gambling
362,"Jungle Book, The",Adventure Children Romance,1994.0,,jungle book the adventure children romance
363,"Wonderful, Horrible Life of Leni Riefenstahl, The (Macht der Bilder: Leni Riefenstahl, Die)",Documentary,1993.0,holocaust in netflix queue,wonderful horrible life of leni riefenstahl the macht der bilder leni riefenstahl die documentary holocaust in netflix queue
364,"Lion King, The",Adventure Animation Children Drama Musical IMAX,1994.0,disney disney animated feature oscar (best music - original score) soundtrack disney,lion king the adventure animation children drama musical imax disney disney animated feature oscar best music original score soundtrack disney
365,Little Buddha,Drama,1993.0,,little buddha drama
366,"Wes Craven's New Nightmare (Nightmare on Elm Street Part 7: Freddy's Finale, A)",Drama Horror Mystery Thriller,1994.0,,wes craven s new nightmare nightmare on elm street part 7 freddy s finale a drama horror mystery thriller
367,"Mask, The",Action Comedy Crime Fantasy,1994.0,,mask the action comedy crime fantasy
368,Maverick,Adventure Comedy Western,1994.0,,maverick adventure comedy western
369,Mrs. Parker and the Vicious Circle,Drama,1994.0,,mrs parker and the vicious circle drama
370,Naked Gun 33 1/3: The Final Insult,Action Comedy,1994.0,,naked gun 33 1 3 the final insult action comedy
371,"Paper, The",Comedy Drama,1994.0,journalism,paper the comedy drama journalism
372,Reality Bites,Comedy Drama Romance,1994.0,,reality bites comedy drama romance
373,Red Rock West,Thriller,1992.0,,red rock west thriller
374,Richie Rich,Children Comedy,1994.0,,richie rich children comedy
376,"River Wild, The",Action Thriller,1994.0,,river wild the action thriller
377,Speed,Action Romance Thriller,1994.0,bus,speed action romance thriller bus
378,Speechless,Comedy Romance,1994.0,,speechless comedy romance
379,Timecop,Action Sci-Fi Thriller,1994.0,,timecop action sci fi thriller
380,True Lies,Action Adventure Comedy Romance Thriller,1994.0,spies,true lies action adventure comedy romance thriller spies
381,When a Man Loves a Woman,Drama Romance,1994.0,alcoholism,when a man loves a woman drama romance alcoholism
382,Wolf,Drama Horror Romance Thriller,1994.0,,wolf drama horror romance thriller
383,Wyatt Earp,Western,1994.0,,wyatt earp western
384,Bad Company,Action Crime Drama,1995.0,,bad company action crime drama
385,"Man of No Importance, A",Drama,1994.0,,man of no importance a drama
386,S.F.W.,Drama,1994.0,,s f w drama
387,"Low Down Dirty Shame, A",Action Comedy,1994.0,,low down dirty shame a action comedy
388,Boys Life,Drama,1995.0,,boys life drama
389,"Colonel Chabert, Le",Drama Romance War,1994.0,,colonel chabert le drama romance war
390,Faster Pussycat! Kill! Kill!,Action Crime Drama,1965.0,,faster pussycat kill kill action crime drama
391,Jason's Lyric,Crime Drama,1994.0,,jason s lyric crime drama
393,Street Fighter,Action Adventure Fantasy,1994.0,,street fighter action adventure fantasy
405,Highlander III: The Sorcerer (a.k.a. Highlander: The Final Dimension),Action Fantasy,1994.0,,highlander iii the sorcerer a k a highlander the final dimension action fantasy
406,Federal Hill,Drama,1994.0,,federal hill drama
407,In the Mouth of Madness,Horror Thriller,1995.0,,in the mouth of madness horror thriller
408,8 Seconds,Drama,1994.0,,8 seconds drama
409,Above the Rim,Crime Drama,1994.0,,above the rim crime drama
410,Addams Family Values,Children Comedy Fantasy,1993.0,black comedy christina ricci christopher lloyd dark comedy family gothic,addams family values children comedy fantasy black comedy christina ricci christopher lloyd dark comedy family gothic
412,"Age of Innocence, The",Drama,1993.0,edith wharton,age of innocence the drama edith wharton
413,Airheads,Comedy,1994.0,comedy,airheads comedy comedy
414,"Air Up There, The",Comedy,1994.0,,air up there the comedy
415,Another Stakeout,Comedy Thriller,1993.0,,another stakeout comedy thriller
416,Bad Girls,Western,1994.0,,bad girls western
417,Barcelona,Comedy Romance,1994.0,,barcelona comedy romance
418,Being Human,Drama,1993.0,,being human drama
419,"Beverly Hillbillies, The",Comedy,1993.0,,beverly hillbillies the comedy
420,Beverly Hills Cop III,Action Comedy Crime Thriller,1994.0,,beverly hills cop iii action comedy crime thriller
421,Black Beauty,Adventure Children Drama,1994.0,horses,black beauty adventure children drama horses
422,Blink,Thriller,1994.0,,blink thriller
423,Blown Away,Action Thriller,1994.0,,blown away action thriller
424,Blue Chips,Drama,1994.0,,blue chips drama
425,Blue Sky,Drama Romance,1994.0,mental illness oscar (best actress),blue sky drama romance mental illness oscar best actress
426,Body Snatchers,Horror Sci-Fi Thriller,1993.0,,body snatchers horror sci fi thriller
427,Boxing Helena,Drama Mystery Romance Thriller,1993.0,,boxing helena drama mystery romance thriller
428,"Bronx Tale, A",Drama,1993.0,,bronx tale a drama
429,Cabin Boy,Comedy,1994.0,,cabin boy comedy
430,Calendar Girl,Comedy Drama,1993.0,,calendar girl comedy drama
431,Carlito's Way,Crime Drama,1993.0,al pacino gangster mafia,carlito s way crime drama al pacino gangster mafia
432,City Slickers II: The Legend of Curly's Gold,Adventure Comedy Western,1994.0,,city slickers ii the legend of curly s gold adventure comedy western
433,Clean Slate,Comedy,1994.0,,clean slate comedy
434,Cliffhanger,Action Adventure Thriller,1993.0,,cliffhanger action adventure thriller
435,Coneheads,Comedy Sci-Fi,1993.0,,coneheads comedy sci fi
436,Color of Night,Drama Thriller,1994.0,,color of night drama thriller
437,Cops and Robbersons,Comedy,1994.0,,cops and robbersons comedy
438,"Cowboy Way, The",Action Comedy Drama,1994.0,,cowboy way the action comedy drama
440,Dave,Comedy Romance,1993.0,president,dave comedy romance president
441,Dazed and Confused,Comedy,1993.0,,dazed and confused comedy
442,Demolition Man,Action Adventure Sci-Fi,1993.0,,demolition man action adventure sci fi
444,Even Cowgirls Get the Blues,Comedy Romance,1993.0,,even cowgirls get the blues comedy romance
445,Fatal Instinct,Comedy,1993.0,,fatal instinct comedy
446,Farewell My Concubine (Ba wang bie ji),Drama Romance,1993.0,,farewell my concubine ba wang bie ji drama romance
448,Fearless,Drama,1993.0,,fearless drama
449,Fear of a Black Hat,Comedy,1994.0,,fear of a black hat comedy
450,With Honors,Comedy Drama,1994.0,,with honors comedy drama
451,Flesh and Bone,Drama Mystery Romance,1993.0,,flesh and bone drama mystery romance
452,Widows' Peak,Drama,1994.0,,widows peak drama
453,For Love or Money,Comedy Romance,1993.0,,for love or money comedy romance
454,"Firm, The",Drama Thriller,1993.0,john grisham,firm the drama thriller john grisham
455,Free Willy,Adventure Children Drama,1993.0,,free willy adventure children drama
456,Fresh,Crime Drama Thriller,1994.0,,fresh crime drama thriller
457,"Fugitive, The",Thriller,1993.0,based on a tv show,fugitive the thriller based on a tv show
458,Geronimo: An American Legend,Drama Western,1993.0,,geronimo an american legend drama western
459,"Getaway, The",Action Adventure Crime Drama Romance Thriller,1994.0,,getaway the action adventure crime drama romance thriller
460,Getting Even with Dad,Comedy,1994.0,,getting even with dad comedy
461,Go Fish,Drama Romance,1994.0,,go fish drama romance
464,Hard Target,Action Adventure Crime Thriller,1993.0,,hard target action adventure crime thriller
466,Hot Shots! Part Deux,Action Comedy War,1993.0,,hot shots part deux action comedy war
467,Live Nude Girls,Comedy,1995.0,,live nude girls comedy
468,"Englishman Who Went Up a Hill But Came Down a Mountain, The",Comedy Romance,1995.0,,englishman who went up a hill but came down a mountain the comedy romance
469,"House of the Spirits, The",Drama Romance,1993.0,,house of the spirits the drama romance
470,House Party 3,Comedy,1994.0,,house party 3 comedy
471,"Hudsucker Proxy, The",Comedy,1994.0,hula hoop,hudsucker proxy the comedy hula hoop
472,I'll Do Anything,Comedy Drama,1994.0,,i ll do anything comedy drama
473,In the Army Now,Comedy War,1994.0,,in the army now comedy war
474,In the Line of Fire,Action Thriller,1993.0,assassination,in the line of fire action thriller assassination
475,In the Name of the Father,Drama,1993.0,ireland,in the name of the father drama ireland
476,"Inkwell, The",Comedy Drama,1994.0,,inkwell the comedy drama
477,What's Love Got to Do with It?,Drama Musical,1993.0,biopic,what s love got to do with it drama musical biopic
478,Jimmy Hollywood,Comedy Crime Drama,1994.0,,jimmy hollywood comedy crime drama
479,Judgment Night,Action Crime Thriller,1993.0,,judgment night action crime thriller
480,Jurassic Park,Action Adventure Sci-Fi Thriller,1993.0,dinosaur,jurassic park action adventure sci fi thriller dinosaur
481,Kalifornia,Drama Thriller,1993.0,,kalifornia drama thriller
482,Killing Zoe,Crime Drama Thriller,1994.0,,killing zoe crime drama thriller
484,Lassie,Adventure Children,1994.0,,lassie adventure children
485,Last Action Hero,Action Adventure Comedy Fantasy,1993.0,,last action hero action adventure comedy fantasy
486,Life with Mikey,Comedy,1993.0,,life with mikey comedy
487,Lightning Jack,Comedy Western,1994.0,,lightning jack comedy western
488,M. Butterfly,Drama Romance,1993.0,japan sexuality,m butterfly drama romance japan sexuality
489,Made in America,Comedy,1993.0,,made in america comedy
490,Malice,Thriller,1993.0,,malice thriller
491,"Man Without a Face, The",Drama,1993.0,,man without a face the drama
492,Manhattan Murder Mystery,Comedy Mystery,1993.0,,manhattan murder mystery comedy mystery
493,Menace II Society,Action Crime Drama,1993.0,,menace ii society action crime drama
494,Executive Decision,Action Adventure Thriller,1996.0,,executive decision action adventure thriller
495,In the Realm of the Senses (Ai no corrida),Drama,1976.0,,in the realm of the senses ai no corrida drama
496,What Happened Was...,Comedy Drama Romance Thriller,1994.0,,what happened was comedy drama romance thriller
497,Much Ado About Nothing,Comedy Romance,1993.0,shakespeare,much ado about nothing comedy romance shakespeare
499,Mr. Wonderful,Comedy Romance,1993.0,,mr wonderful comedy romance
500,Mrs. Doubtfire,Comedy Drama,1993.0,cross dressing divorce men in drag,mrs doubtfire comedy drama cross dressing divorce men in drag
501,Naked,Drama,1993.0,,naked drama
502,"Next Karate Kid, The",Action Children Romance,1994.0,,next karate kid the action children romance
504,No Escape,Action Drama Sci-Fi,1994.0,,no escape action drama sci fi
505,North,Comedy,1994.0,,north comedy
506,Orlando,Drama Fantasy Romance,1992.0,,orlando drama fantasy romance
507,"Perfect World, A",Crime Drama Thriller,1993.0,,perfect world a crime drama thriller
508,Philadelphia,Drama,1993.0,aids,philadelphia drama aids
509,"Piano, The",Drama Romance,1993.0,,piano the drama romance
510,Poetic Justice,Drama,1993.0,,poetic justice drama
511,"Program, The",Action Drama,1993.0,,program the action drama
512,"Puppet Masters, The",Horror Sci-Fi,1994.0,,puppet masters the horror sci fi
513,Radioland Murders,Comedy Mystery Romance,1994.0,radio show business,radioland murders comedy mystery romance radio show business
514,"Ref, The",Comedy,1994.0,,ref the comedy
515,"Remains of the Day, The",Drama Romance,1993.0,butler housekeeper,remains of the day the drama romance butler housekeeper
516,Renaissance Man,Comedy Drama,1994.0,military,renaissance man comedy drama military
517,Rising Sun,Action Drama Mystery,1993.0,,rising sun action drama mystery
518,"Road to Wellville, The",Comedy,1994.0,,road to wellville the comedy
519,RoboCop 3,Action Crime Drama Sci-Fi Thriller,1993.0,,robocop 3 action crime drama sci fi thriller
520,Robin Hood: Men in Tights,Comedy,1993.0,,robin hood men in tights comedy
521,Romeo Is Bleeding,Crime Thriller,1993.0,,romeo is bleeding crime thriller
522,Romper Stomper,Action Drama,1992.0,australia racism violence,romper stomper action drama australia racism violence
523,Ruby in Paradise,Drama,1993.0,,ruby in paradise drama
524,Rudy,Drama,1993.0,football,rudy drama football
526,"Savage Nights (Nuits fauves, Les)",Drama,1992.0,,savage nights nuits fauves les drama
527,Schindler's List,Drama War,1993.0,moving thought-provoking holocaust based on a true story biography disturbing holocaust,schindler s list drama war moving thought provoking holocaust based on a true story biography disturbing holocaust
528,"Scout, The",Comedy Drama,1994.0,,scout the comedy drama
529,Searching for Bobby Fischer,Drama,1993.0,chess,searching for bobby fischer drama chess
531,"Secret Garden, The",Children Drama,1993.0,in netflix queue,secret garden the children drama in netflix queue
532,Serial Mom,Comedy Crime Horror,1994.0,,serial mom comedy crime horror
533,"Shadow, The",Action Adventure Fantasy Mystery,1994.0,,shadow the action adventure fantasy mystery
534,Shadowlands,Drama Romance,1993.0,c.s. lewis,shadowlands drama romance c s lewis
535,Short Cuts,Drama,1993.0,large cast,short cuts drama large cast
536,"Simple Twist of Fate, A",Drama,1994.0,,simple twist of fate a drama
537,Sirens,Drama,1994.0,,sirens drama
538,Six Degrees of Separation,Drama,1993.0,race,six degrees of separation drama race
539,Sleepless in Seattle,Comedy Drama Romance,1993.0,empire state building,sleepless in seattle comedy drama romance empire state building
540,Sliver,Thriller,1993.0,bad,sliver thriller bad
541,Blade Runner,Action Sci-Fi Thriller,1982.0,sci-fi robots androids artificial intelligence atmospheric cyberpunk future mindfuck philip k. dick atmospheric dreamlike existentialism philosophical,blade runner action sci fi thriller sci fi robots androids artificial intelligence atmospheric cyberpunk future mindfuck philip k dick atmospheric dreamlike existentialism philosophical
542,Son in Law,Comedy Drama Romance,1993.0,,son in law comedy drama romance
543,So I Married an Axe Murderer,Comedy Romance Thriller,1993.0,beat poetry,so i married an axe murderer comedy romance thriller beat poetry
544,Striking Distance,Action Crime,1993.0,,striking distance action crime
546,Super Mario Bros.,Action Adventure Children Comedy Fantasy Sci-Fi,1993.0,,super mario bros action adventure children comedy fantasy sci fi
547,Surviving the Game,Action Adventure Thriller,1994.0,,surviving the game action adventure thriller
548,Terminal Velocity,Action Mystery Thriller,1994.0,,terminal velocity action mystery thriller
549,Thirty-Two Short Films About Glenn Gould,Drama Musical,1993.0,,thirty two short films about glenn gould drama musical
550,Threesome,Comedy Romance,1994.0,,threesome comedy romance
551,"Nightmare Before Christmas, The",Animation Children Fantasy Musical,1993.0,christmas halloween,nightmare before christmas the animation children fantasy musical christmas halloween
552,"Three Musketeers, The",Action Adventure Comedy Romance,1993.0,knights,three musketeers the action adventure comedy romance knights
553,Tombstone,Action Drama Western,1993.0,,tombstone action drama western
555,True Romance,Crime Thriller,1993.0,,true romance crime thriller
556,"War Room, The",Documentary,1993.0,politics,war room the documentary politics
558,"Pagemaster, The",Action Adventure Animation Children Fantasy,1994.0,,pagemaster the action adventure animation children fantasy
562,Welcome to the Dollhouse,Comedy Drama,1995.0,adolescence,welcome to the dollhouse comedy drama adolescence
563,Germinal,Drama Romance,1993.0,,germinal drama romance
564,Chasers,Comedy,1994.0,,chasers comedy
567,Kika,Comedy Drama,1993.0,,kika comedy drama
568,Bhaji on the Beach,Comedy Drama,1993.0,,bhaji on the beach comedy drama
569,Little Big League,Comedy Drama,1994.0,,little big league comedy drama
573,"Ciao, Professore! (Io speriamo che me la cavo)",Drama,1992.0,,ciao professore io speriamo che me la cavo drama
574,Spanking the Monkey,Comedy Drama,1994.0,,spanking the monkey comedy drama
575,"Little Rascals, The",Children Comedy,1994.0,,little rascals the children comedy
577,Andre,Adventure Children Drama,1994.0,,andre adventure children drama
579,"Escort, The (Scorta, La)",Crime Thriller,1993.0,,escort the scorta la crime thriller
580,Princess Caraboo,Drama,1994.0,,princess caraboo drama
581,"Celluloid Closet, The",Documentary,1995.0,,celluloid closet the documentary
583,Dear Diary (Caro Diario),Comedy Drama,1994.0,,dear diary caro diario comedy drama
585,"Brady Bunch Movie, The",Comedy,1995.0,,brady bunch movie the comedy
586,Home Alone,Children Comedy,1990.0,christmas,home alone children comedy christmas
587,Ghost,Comedy Drama Fantasy Romance Thriller,1990.0,overrated,ghost comedy drama fantasy romance thriller overrated
588,Aladdin,Adventure Animation Children Comedy Musical,1992.0,disney,aladdin adventure animation children comedy musical disney
589,Terminator 2: Judgment Day,Action Sci-Fi,1991.0,apocalypse arnold schwarzenegger nuclear war sci-fi suspense time travel robots scifi masterpiece,terminator 2 judgment day action sci fi apocalypse arnold schwarzenegger nuclear war sci fi suspense time travel robots scifi masterpiece
590,Dances with Wolves,Adventure Drama Western,1990.0,american indians native americans,dances with wolves adventure drama western american indians native americans
592,Batman,Action Crime Thriller,1989.0,superhero,batman action crime thriller superhero
593,"Silence of the Lambs, The",Crime Horror Thriller,1991.0,hannibal lector disturbing drama gothic psychology suspense,silence of the lambs the crime horror thriller hannibal lector disturbing drama gothic psychology suspense
594,Snow White and the Seven Dwarfs,Animation Children Drama Fantasy Musical,1937.0,disney,snow white and the seven dwarfs animation children drama fantasy musical disney
595,Beauty and the Beast,Animation Children Fantasy Musical Romance IMAX,1991.0,disney,beauty and the beast animation children fantasy musical romance imax disney
596,Pinocchio,Animation Children Fantasy Musical,1940.0,disney,pinocchio animation children fantasy musical disney
597,Pretty Woman,Comedy Romance,1990.0,prostitution,pretty woman comedy romance prostitution
599,"Wild Bunch, The",Adventure Western,1969.0,,wild bunch the adventure western
600,Love and a .45,Action Comedy Crime,1994.0,,love and a 45 action comedy crime
602,"Great Day in Harlem, A",Documentary,1994.0,,great day in harlem a documentary
605,One Fine Day,Drama Romance,1996.0,,one fine day drama romance
606,Candyman: Farewell to the Flesh,Fantasy Horror,1995.0,,candyman farewell to the flesh fantasy horror
608,Fargo,Comedy Crime Drama Thriller,1996.0,based on a true story dark comedy kidnapping steve buscemi coen brothers,fargo comedy crime drama thriller based on a true story dark comedy kidnapping steve buscemi coen brothers
609,Homeward Bound II: Lost in San Francisco,Adventure Children,1996.0,,homeward bound ii lost in san francisco adventure children
610,Heavy Metal,Action Adventure Animation Horror Sci-Fi,1981.0,,heavy metal action adventure animation horror sci fi
611,Hellraiser: Bloodline,Action Horror Sci-Fi,1996.0,,hellraiser bloodline action horror sci fi
612,"Pallbearer, The",Comedy,1996.0,,pallbearer the comedy
613,Jane Eyre,Drama Romance,1996.0,,jane eyre drama romance
615,Bread and Chocolate (Pane e cioccolata),Comedy Drama,1973.0,,bread and chocolate pane e cioccolata comedy drama
616,"Aristocats, The",Animation Children,1970.0,disney,aristocats the animation children disney
617,"Flower of My Secret, The (La flor de mi secreto)",Comedy Drama,1995.0,,flower of my secret the la flor de mi secreto comedy drama
618,Two Much,Comedy Romance,1995.0,,two much comedy romance
619,Ed,Comedy,1996.0,,ed comedy
626,"Thin Line Between Love and Hate, A",Comedy,1996.0,,thin line between love and hate a comedy
627,"Last Supper, The",Drama Thriller,1995.0,,last supper the drama thriller
628,Primal Fear,Crime Drama Mystery Thriller,1996.0,edward norton psychology suspense thought-provoking twist ending priest,primal fear crime drama mystery thriller edward norton psychology suspense thought provoking twist ending priest
631,All Dogs Go to Heaven 2,Adventure Animation Children Fantasy Musical Romance,1996.0,,all dogs go to heaven 2 adventure animation children fantasy musical romance
632,Land and Freedom (Tierra y libertad),Drama War,1995.0,,land and freedom tierra y libertad drama war
633,Denise Calls Up,Comedy,1995.0,,denise calls up comedy
634,Theodore Rex,Comedy,1995.0,,theodore rex comedy
635,"Family Thing, A",Comedy Drama,1996.0,,family thing a comedy drama
636,Frisk,Drama,1995.0,,frisk drama
637,Sgt. Bilko,Comedy,1996.0,,sgt bilko comedy
638,Jack and Sarah,Romance,1995.0,babies,jack and sarah romance babies
639,Girl 6,Comedy Drama,1996.0,,girl 6 comedy drama
640,Diabolique,Drama Thriller,1996.0,,diabolique drama thriller
645,Nelly & Monsieur Arnaud,Drama,1995.0,,nelly monsieur arnaud drama
647,Courage Under Fire,Action Crime Drama War,1996.0,gulf war,courage under fire action crime drama war gulf war
648,Mission: Impossible,Action Adventure Mystery Thriller,1996.0,based on a tv show,mission impossible action adventure mystery thriller based on a tv show
649,Cold Fever (Á köldum klaka),Comedy Drama,1995.0,,cold fever k ldum klaka comedy drama
650,Moll Flanders,Drama,1996.0,,moll flanders drama
653,Dragonheart,Action Adventure Fantasy,1996.0,,dragonheart action adventure fantasy
656,Eddie,Comedy,1996.0,,eddie comedy
661,James and the Giant Peach,Adventure Animation Children Fantasy Musical,1996.0,,james and the giant peach adventure animation children fantasy musical
662,Fear,Thriller,1996.0,,fear thriller
663,Kids in the Hall: Brain Candy,Comedy,1996.0,,kids in the hall brain candy comedy
665,Underground,Comedy Drama War,1995.0,,underground comedy drama war
667,Bloodsport 2 (a.k.a. Bloodsport II: The Next Kumite),Action,1996.0,,bloodsport 2 a k a bloodsport ii the next kumite action
668,Song of the Little Road (Pather Panchali),Drama,1955.0,india,song of the little road pather panchali drama india
670,"World of Apu, The (Apur Sansar)",Drama,1959.0,india,world of apu the apur sansar drama india
671,Mystery Science Theater 3000: The Movie,Comedy Sci-Fi,1996.0,spoof,mystery science theater 3000 the movie comedy sci fi spoof
673,Space Jam,Adventure Animation Children Comedy Fantasy Sci-Fi,1996.0,bugs bunny,space jam adventure animation children comedy fantasy sci fi bugs bunny
674,Barbarella,Adventure Comedy Sci-Fi,1968.0,,barbarella adventure comedy sci fi
678,Some Folks Call It a Sling Blade,Drama Thriller,1993.0,,some folks call it a sling blade drama thriller
679,"Run of the Country, The",Drama,1995.0,,run of the country the drama
680,"Alphaville (Alphaville, une étrange aventure de Lemmy Caution)",Drama Mystery Romance Sci-Fi Thriller,1965.0,,alphaville alphaville une trange aventure de lemmy caution drama mystery romance sci fi thriller
685,It's My Party,Drama,1996.0,,it s my party drama
688,Operation Dumbo Drop,Action Adventure Comedy War,1995.0,,operation dumbo drop action adventure comedy war
691,Mrs. Winterbourne,Comedy Romance,1996.0,,mrs winterbourne comedy romance
692,Solo,Action Sci-Fi Thriller,1996.0,,solo action sci fi thriller
694,"Substitute, The",Action Crime Drama,1996.0,,substitute the action crime drama
695,True Crime,Mystery Thriller,1996.0,,true crime mystery thriller
697,Feeling Minnesota,Drama Romance,1996.0,,feeling minnesota drama romance
698,Delta of Venus,Drama,1995.0,,delta of venus drama
700,Angus,Comedy,1995.0,,angus comedy
703,Boys,Drama,1996.0,,boys drama
704,"Quest, The",Action Adventure,1996.0,,quest the action adventure
706,Sunset Park,Drama,1996.0,,sunset park drama
707,Mulholland Falls,Crime Drama Thriller,1996.0,bad,mulholland falls crime drama thriller bad
708,"Truth About Cats & Dogs, The",Comedy Romance,1996.0,veterinarian,truth about cats dogs the comedy romance veterinarian
709,Oliver & Company,Adventure Animation Children Comedy Musical,1988.0,,oliver company adventure animation children comedy musical
710,Celtic Pride,Comedy,1996.0,,celtic pride comedy
711,Flipper,Adventure Children,1996.0,,flipper adventure children
714,Dead Man,Drama Mystery Western,1995.0,,dead man drama mystery western
715,"Horseman on the Roof, The (Hussard sur le toit, Le)",Drama Romance,1995.0,,horseman on the roof the hussard sur le toit le drama romance
718,"Visitors, The (Visiteurs, Les)",Comedy Fantasy Sci-Fi,1993.0,,visitors the visiteurs les comedy fantasy sci fi
719,Multiplicity,Comedy,1996.0,,multiplicity comedy
720,Wallace & Gromit: The Best of Aardman Animation,Adventure Animation Comedy,1996.0,aardman,wallace gromit the best of aardman animation adventure animation comedy aardman
722,"Haunted World of Edward D. Wood Jr., The",Documentary,1996.0,,haunted world of edward d wood jr the documentary
724,"Craft, The",Drama Fantasy Horror Thriller,1996.0,,craft the drama fantasy horror thriller
725,"Great White Hype, The",Comedy,1996.0,,great white hype the comedy
726,Last Dance,Drama,1996.0,,last dance drama
728,Cold Comfort Farm,Comedy,1995.0,in netflix queue,cold comfort farm comedy in netflix queue
731,Heaven's Prisoners,Crime Thriller,1996.0,,heaven s prisoners crime thriller
733,"Rock, The",Action Adventure Thriller,1996.0,alcatraz michael bay terrorism,rock the action adventure thriller alcatraz michael bay terrorism
735,Cemetery Man (Dellamorte Dellamore),Horror,1994.0,,cemetery man dellamorte dellamore horror
736,Twister,Action Adventure Romance Thriller,1996.0,disaster,twister action adventure romance thriller disaster
737,Barb Wire,Action Sci-Fi,1996.0,,barb wire action sci fi
741,Ghost in the Shell (Kôkaku kidôtai),Animation Sci-Fi,1995.0,,ghost in the shell k kaku kid tai animation sci fi
742,Thinner,Horror Thriller,1996.0,,thinner horror thriller
743,Spy Hard,Comedy,1996.0,,spy hard comedy
745,Wallace & Gromit: A Close Shave,Animation Children Comedy,1995.0,aardman,wallace gromit a close shave animation children comedy aardman
747,"Stupids, The",Comedy,1996.0,,stupids the comedy
748,"Arrival, The",Action Sci-Fi Thriller,1996.0,aliens,arrival the action sci fi thriller aliens
750,Dr. Strangelove or: How I Learned to Stop Worrying and Love the Bomb,Comedy War,1964.0,dark comedy atomic bomb black comedy dark comedy satire purity of essence slim pickens black comedy dark comedy quirky,dr strangelove or how i learned to stop worrying and love the bomb comedy war dark comedy atomic bomb black comedy dark comedy satire purity of essence slim pickens black comedy dark comedy quirky
757,Ashes of Time (Dung che sai duk),Drama,1994.0,,ashes of time dung che sai duk drama
759,Maya Lin: A Strong Clear Vision,Documentary,1994.0,,maya lin a strong clear vision documentary
760,Stalingrad,Drama War,1993.0,,stalingrad drama war
761,"Phantom, The",Action Adventure,1996.0,,phantom the action adventure
762,Striptease,Comedy Crime,1996.0,,striptease comedy crime
764,Heavy,Drama Romance,1995.0,,heavy drama romance
765,Jack,Comedy Drama,1996.0,,jack comedy drama
766,I Shot Andy Warhol,Drama,1996.0,,i shot andy warhol drama
773,Touki Bouki,Drama,1973.0,,touki bouki drama
775,Spirits of the Dead,Horror Mystery,1968.0,,spirits of the dead horror mystery
778,Trainspotting,Comedy Crime Drama,1996.0,based on a book dark comedy narrated drug abuse,trainspotting comedy crime drama based on a book dark comedy narrated drug abuse
779,'Til There Was You,Drama Romance,1997.0,,til there was you drama romance
780,Independence Day (a.k.a. ID4),Action Adventure Sci-Fi Thriller,1996.0,aliens,independence day a k a id4 action adventure sci fi thriller aliens
781,Stealing Beauty,Drama,1996.0,,stealing beauty drama
782,"Fan, The",Drama Thriller,1996.0,,fan the drama thriller
783,"Hunchback of Notre Dame, The",Animation Children Drama Musical Romance,1996.0,,hunchback of notre dame the animation children drama musical romance
784,"Cable Guy, The",Comedy Thriller,1996.0,,cable guy the comedy thriller
785,Kingpin,Comedy,1996.0,,kingpin comedy
786,Eraser,Action Drama Thriller,1996.0,,eraser action drama thriller
788,"Nutty Professor, The",Comedy Fantasy Romance Sci-Fi,1996.0,,nutty professor the comedy fantasy romance sci fi
790,"Unforgettable Summer, An (Un été inoubliable)",Drama,1994.0,,unforgettable summer an un t inoubliable drama
791,"Last Klezmer: Leopold Kozlowski, His Life and Music, The",Documentary,1994.0,,last klezmer leopold kozlowski his life and music the documentary
795,Somebody to Love,Drama,1994.0,,somebody to love drama
798,Daylight,Action Adventure Drama Thriller,1996.0,,daylight action adventure drama thriller
799,"Frighteners, The",Comedy Horror Thriller,1996.0,,frighteners the comedy horror thriller
800,Lone Star,Drama Mystery Western,1996.0,in netflix queue,lone star drama mystery western in netflix queue
801,Harriet the Spy,Children Comedy,1996.0,,harriet the spy children comedy
802,Phenomenon,Drama Romance,1996.0,,phenomenon drama romance
803,Walking and Talking,Comedy Drama Romance,1996.0,,walking and talking comedy drama romance
804,She's the One,Comedy Romance,1996.0,,she s the one comedy romance
805,"Time to Kill, A",Drama Thriller,1996.0,john grisham,time to kill a drama thriller john grisham
806,American Buffalo,Crime Drama,1996.0,,american buffalo crime drama
808,Alaska,Adventure Children,1996.0,,alaska adventure children
809,Fled,Action Adventure,1996.0,,fled action adventure
810,Kazaam,Children Comedy Fantasy,1996.0,,kazaam children comedy fantasy
813,Larger Than Life,Comedy,1996.0,,larger than life comedy
818,"Very Brady Sequel, A",Comedy,1996.0,based on a tv show,very brady sequel a comedy based on a tv show
823,"Collector, The (La collectionneuse)",Drama,1967.0,,collector the la collectionneuse drama
824,Kaspar Hauser,Drama Mystery,1993.0,,kaspar hauser drama mystery
828,"Adventures of Pinocchio, The",Adventure Children,1996.0,,adventures of pinocchio the adventure children
829,Joe's Apartment,Comedy Fantasy Musical,1996.0,,joe s apartment comedy fantasy musical
830,"First Wives Club, The",Comedy,1996.0,adultery,first wives club the comedy adultery
832,Ransom,Crime Thriller,1996.0,kidnapping give me back my son! it was melodramatic and kind of dumb mel gibson,ransom crime thriller kidnapping give me back my son it was melodramatic and kind of dumb mel gibson
833,High School High,Comedy,1996.0,,high school high comedy
835,Foxfire,Drama,1996.0,,foxfire drama
836,Chain Reaction,Action Adventure Thriller,1996.0,seen at the cinema,chain reaction action adventure thriller seen at the cinema
837,Matilda,Children Comedy Fantasy,1996.0,,matilda children comedy fantasy
838,Emma,Comedy Drama Romance,1996.0,jane austen,emma comedy drama romance jane austen
839,"Crow: City of Angels, The",Action Thriller,1996.0,,crow city of angels the action thriller
840,House Arrest,Children Comedy,1996.0,,house arrest children comedy
841,"Eyes Without a Face (Yeux sans visage, Les)",Horror,1959.0,,eyes without a face yeux sans visage les horror
842,Tales from the Crypt Presents: Bordello of Blood,Comedy Horror,1996.0,,tales from the crypt presents bordello of blood comedy horror
848,"Spitfire Grill, The",Drama,1996.0,,spitfire grill the drama
849,Escape from L.A.,Action Adventure Sci-Fi Thriller,1996.0,,escape from l a action adventure sci fi thriller
851,Basquiat,Drama,1996.0,,basquiat drama
852,Tin Cup,Comedy Drama Romance,1996.0,golf,tin cup comedy drama romance golf
858,"Godfather, The",Crime Drama,1972.0,mafia,godfather the crime drama mafia
861,Supercop (Police Story 3: Supercop) (Jing cha gu shi III: Chao ji jing cha),Action Comedy Crime Thriller,1992.0,,supercop police story 3 supercop jing cha gu shi iii chao ji jing cha action comedy crime thriller
866,Bound,Crime Drama Romance Thriller,1996.0,,bound crime drama romance thriller
867,Carpool,Comedy Crime,1996.0,,carpool comedy crime
869,Kansas City,Crime Drama Musical Thriller,1996.0,,kansas city crime drama musical thriller
870,Gone Fishin',Comedy,1997.0,,gone fishin comedy
875,Nothing to Lose,Action Crime Drama,1994.0,,nothing to lose action crime drama
876,Supercop 2 (Project S) (Chao ji ji hua),Action Comedy Crime Thriller,1993.0,,supercop 2 project s chao ji ji hua action comedy crime thriller
879,"Relic, The",Horror Thriller,1997.0,,relic the horror thriller
880,"Island of Dr. Moreau, The",Sci-Fi Thriller,1996.0,,island of dr moreau the sci fi thriller
881,First Kid,Children Comedy,1996.0,,first kid children comedy
882,"Trigger Effect, The",Drama Thriller,1996.0,,trigger effect the drama thriller
885,Bogus,Children Drama Fantasy,1996.0,,bogus children drama fantasy
886,Bulletproof,Action Comedy Crime,1996.0,,bulletproof action comedy crime
888,Land Before Time III: The Time of the Great Giving,Adventure Animation Children Musical,1995.0,,land before time iii the time of the great giving adventure animation children musical
889,1-900 (06),Drama Romance,1994.0,,1 900 06 drama romance
891,Halloween: The Curse of Michael Myers (Halloween 6: The Curse of Michael Myers),Horror Thriller,1995.0,,halloween the curse of michael myers halloween 6 the curse of michael myers horror thriller
892,Twelfth Night,Comedy Drama Romance,1996.0,shakespeare,twelfth night comedy drama romance shakespeare
893,Mother Night,Drama,1996.0,,mother night drama
896,Wild Reeds (Les roseaux sauvages),Drama,1994.0,,wild reeds les roseaux sauvages drama
897,For Whom the Bell Tolls,Adventure Drama Romance War,1943.0,,for whom the bell tolls adventure drama romance war
898,"Philadelphia Story, The",Comedy Drama Romance,1940.0,divorce,philadelphia story the comedy drama romance divorce
899,Singin' in the Rain,Comedy Musical Romance,1952.0,movie business,singin in the rain comedy musical romance movie business
900,"American in Paris, An",Musical Romance,1951.0,france,american in paris an musical romance france
901,Funny Face,Comedy Musical,1957.0,,funny face comedy musical
902,Breakfast at Tiffany's,Drama Romance,1961.0,capote,breakfast at tiffany s drama romance capote
903,Vertigo,Drama Mystery Romance Thriller,1958.0,falling alfred hitchcock atmospheric imdb top 250 james stewart,vertigo drama mystery romance thriller falling alfred hitchcock atmospheric imdb top 250 james stewart
904,Rear Window,Mystery Thriller,1954.0,voyeurism imdb top 250 james stewart mystery photographer photography,rear window mystery thriller voyeurism imdb top 250 james stewart mystery photographer photography
905,It Happened One Night,Comedy Romance,1934.0,screwball,it happened one night comedy romance screwball
906,Gaslight,Drama Thriller,1944.0,brooch,gaslight drama thriller brooch
907,"Gay Divorcee, The",Comedy Musical Romance,1934.0,divorce,gay divorcee the comedy musical romance divorce
908,North by Northwest,Action Adventure Mystery Romance Thriller,1959.0,mount rushmore alfred hitchcock imdb top 250,north by northwest action adventure mystery romance thriller mount rushmore alfred hitchcock imdb top 250
909,"Apartment, The",Comedy Drama Romance,1960.0,adultery,apartment the comedy drama romance adultery
910,Some Like It Hot,Comedy Crime,1959.0,men in drag,some like it hot comedy crime men in drag
911,Charade,Comedy Crime Mystery Romance Thriller,1963.0,heist,charade comedy crime mystery romance thriller heist
912,Casablanca,Drama Romance,1942.0,start of a beautiful friendship,casablanca drama romance start of a beautiful friendship
913,"Maltese Falcon, The",Film-Noir Mystery,1941.0,statue,maltese falcon the film noir mystery statue
914,My Fair Lady,Comedy Drama Musical Romance,1964.0,george bernard shaw,my fair lady comedy drama musical romance george bernard shaw
915,Sabrina,Comedy Romance,1954.0,rich guy - poor girl,sabrina comedy romance rich guy poor girl
916,Roman Holiday,Comedy Drama Romance,1953.0,italy royalty,roman holiday comedy drama romance italy royalty
917,"Little Princess, The",Children Drama,1939.0,,little princess the children drama
918,Meet Me in St. Louis,Musical,1944.0,1900s,meet me in st louis musical 1900s
919,"Wizard of Oz, The",Adventure Children Fantasy Musical,1939.0,dorothy toto,wizard of oz the adventure children fantasy musical dorothy toto
920,Gone with the Wind,Drama Romance War,1939.0,civil war,gone with the wind drama romance war civil war
921,My Favorite Year,Comedy,1982.0,television,my favorite year comedy television
922,Sunset Blvd. (a.k.a. Sunset Boulevard),Drama Film-Noir Romance,1950.0,movies eerie movie business,sunset blvd a k a sunset boulevard drama film noir romance movies eerie movie business
923,Citizen Kane,Drama Mystery,1941.0,rosebud,citizen kane drama mystery rosebud
924,2001: A Space Odyssey,Adventure Drama Sci-Fi,1968.0,hal space aliens apes arthur c. clarke artificial intelligence atmospheric cinematography classic computer confusing ending cult film dull future futuristic imdb top 250 masterpiece meditative music mystery oscar (best effects - visual effects) overrated philosophical relaxing revolutionary robots sci-fi setting:space/space ship slow slow paced soundtrack space space travel spacecraft stanley kubrick superb soundtrack surreal technology tedious visual visually appealing,2001 a space odyssey adventure drama sci fi hal space aliens apes arthur c clarke artificial intelligence atmospheric cinematography classic computer confusing ending cult film dull future futuristic imdb top 250 masterpiece meditative music mystery oscar best effects visual effects overrated philosophical relaxing revolutionary robots sci fi setting space space ship slow slow paced soundtrack space space travel spacecraft stanley kubrick superb soundtrack surreal technology tedious visual visually appealing
926,All About Eve,Drama,1950.0,hollywood,all about eve drama hollywood
927,"Women, The",Comedy,1939.0,divorce,women the comedy divorce
928,Rebecca,Drama Mystery Romance Thriller,1940.0,mrs. dewinter,rebecca drama mystery romance thriller mrs dewinter
929,Foreign Correspondent,Drama Film-Noir Mystery Thriller,1940.0,europe journalism war,foreign correspondent drama film noir mystery thriller europe journalism war
930,Notorious,Film-Noir Romance Thriller,1946.0,assassination,notorious film noir romance thriller assassination
931,Spellbound,Mystery Romance Thriller,1945.0,amnesia,spellbound mystery romance thriller amnesia
932,"Affair to Remember, An",Drama Romance,1957.0,,affair to remember an drama romance
933,To Catch a Thief,Crime Mystery Romance Thriller,1955.0,,to catch a thief crime mystery romance thriller
934,Father of the Bride,Comedy,1950.0,wedding,father of the bride comedy wedding
935,"Band Wagon, The",Comedy Musical,1953.0,,band wagon the comedy musical
936,Ninotchka,Comedy Romance,1939.0,cold war russia,ninotchka comedy romance cold war russia
937,Love in the Afternoon,Comedy Romance,1957.0,,love in the afternoon comedy romance
938,Gigi,Musical,1958.0,prostitution,gigi musical prostitution
940,"Adventures of Robin Hood, The",Action Adventure Romance,1938.0,swashbuckler,adventures of robin hood the action adventure romance swashbuckler
941,"Mark of Zorro, The",Adventure,1940.0,swashbuckler,mark of zorro the adventure swashbuckler
942,Laura,Crime Film-Noir Mystery,1944.0,,laura crime film noir mystery
943,"Ghost and Mrs. Muir, The",Drama Fantasy Romance,1947.0,ghosts,ghost and mrs muir the drama fantasy romance ghosts
944,Lost Horizon,Drama,1937.0,shangri-la,lost horizon drama shangri la
945,Top Hat,Comedy Musical Romance,1935.0,astaire and rogers,top hat comedy musical romance astaire and rogers
946,To Be or Not to Be,Comedy Drama War,1942.0,,to be or not to be comedy drama war
947,My Man Godfrey,Comedy Romance,1936.0,butler homeless screwball,my man godfrey comedy romance butler homeless screwball
948,Giant,Drama Romance Western,1956.0,oil,giant drama romance western oil
949,East of Eden,Drama,1955.0,,east of eden drama
950,"Thin Man, The",Comedy Crime,1934.0,nick and nora charles,thin man the comedy crime nick and nora charles
951,His Girl Friday,Comedy Romance,1940.0,screwball,his girl friday comedy romance screwball
952,Around the World in 80 Days,Adventure Comedy,1956.0,race,around the world in 80 days adventure comedy race
953,It's a Wonderful Life,Children Drama Fantasy Romance,1946.0,christmas,it s a wonderful life children drama fantasy romance christmas
954,Mr. Smith Goes to Washington,Drama,1939.0,politics,mr smith goes to washington drama politics
955,Bringing Up Baby,Comedy Romance,1938.0,leopard screwball,bringing up baby comedy romance leopard screwball
956,Penny Serenade,Drama Romance,1941.0,adoption,penny serenade drama romance adoption
959,Of Human Bondage,Drama,1934.0,,of human bondage drama
961,Little Lord Fauntleroy,Drama,1936.0,,little lord fauntleroy drama
963,"Inspector General, The",Musical,1949.0,,inspector general the musical
965,"39 Steps, The",Drama Mystery Thriller,1935.0,fugitive,39 steps the drama mystery thriller fugitive
968,Night of the Living Dead,Horror Sci-Fi Thriller,1968.0,zombies,night of the living dead horror sci fi thriller zombies
969,"African Queen, The",Adventure Comedy Romance War,1951.0,missionary,african queen the adventure comedy romance war missionary
970,Beat the Devil,Adventure Comedy Crime Drama Romance,1953.0,crime,beat the devil adventure comedy crime drama romance crime
971,Cat on a Hot Tin Roof,Drama,1958.0,tennessee williams,cat on a hot tin roof drama tennessee williams
973,Meet John Doe,Comedy Drama,1941.0,journalism,meet john doe comedy drama journalism
976,"Farewell to Arms, A",Romance War,1932.0,hemingway,farewell to arms a romance war hemingway
979,Nothing Personal,Drama War,1995.0,,nothing personal drama war
981,Dangerous Ground,Drama,1997.0,,dangerous ground drama
982,Picnic,Drama,1955.0,,picnic drama
984,"Pompatus of Love, The",Comedy Drama,1996.0,,pompatus of love the comedy drama
986,Fly Away Home,Adventure Children,1996.0,animal movie,fly away home adventure children animal movie
987,Bliss,Drama Romance,1997.0,,bliss drama romance
988,Grace of My Heart,Comedy Drama,1996.0,,grace of my heart comedy drama
990,Maximum Risk,Action Adventure Thriller,1996.0,,maximum risk action adventure thriller
991,Michael Collins,Drama,1996.0,ireland,michael collins drama ireland
993,Infinity,Drama,1996.0,,infinity drama
994,Big Night,Comedy Drama,1996.0,food,big night comedy drama food
996,Last Man Standing,Action Crime Drama Thriller,1996.0,,last man standing action crime drama thriller
998,Set It Off,Action Crime,1996.0,,set it off action crime
999,2 Days in the Valley,Crime Film-Noir,1996.0,,2 days in the valley crime film noir
1003,Extreme Measures,Drama Thriller,1996.0,,extreme measures drama thriller
1004,"Glimmer Man, The",Action Thriller,1996.0,,glimmer man the action thriller
1005,D3: The Mighty Ducks,Children Comedy,1996.0,,d3 the mighty ducks children comedy
1006,"Chamber, The",Drama,1996.0,death penalty john grisham,chamber the drama death penalty john grisham
1007,"Apple Dumpling Gang, The",Children Comedy Western,1975.0,,apple dumpling gang the children comedy western
1008,"Davy Crockett, King of the Wild Frontier",Adventure Western,1955.0,,davy crockett king of the wild frontier adventure western
1009,Escape to Witch Mountain,Adventure Children Fantasy,1975.0,,escape to witch mountain adventure children fantasy
1010,"Love Bug, The",Children Comedy,1969.0,disney race,love bug the children comedy disney race
1011,Herbie Rides Again,Children Comedy Fantasy Romance,1974.0,,herbie rides again children comedy fantasy romance
1012,Old Yeller,Children Drama,1957.0,,old yeller children drama
1013,"Parent Trap, The",Children Comedy Romance,1961.0,twins,parent trap the children comedy romance twins
1014,Pollyanna,Children Comedy Drama,1960.0,,pollyanna children comedy drama
1015,Homeward Bound: The Incredible Journey,Adventure Children Drama,1993.0,,homeward bound the incredible journey adventure children drama
1016,"Shaggy Dog, The",Children Comedy,1959.0,,shaggy dog the children comedy
1017,Swiss Family Robinson,Adventure Children,1960.0,,swiss family robinson adventure children
1018,That Darn Cat!,Children Comedy Mystery,1965.0,,that darn cat children comedy mystery
1019,"20,000 Leagues Under the Sea",Adventure Drama Sci-Fi,1954.0,,20 000 leagues under the sea adventure drama sci fi
1020,Cool Runnings,Comedy,1993.0,,cool runnings comedy
1021,Angels in the Outfield,Children Comedy,1994.0,,angels in the outfield children comedy
1022,Cinderella,Animation Children Fantasy Musical Romance,1950.0,disney,cinderella animation children fantasy musical romance disney
1023,Winnie the Pooh and the Blustery Day,Animation Children Musical,1968.0,,winnie the pooh and the blustery day animation children musical
1024,"Three Caballeros, The",Animation Children Musical,1945.0,,three caballeros the animation children musical
1025,"Sword in the Stone, The",Animation Children Fantasy Musical,1963.0,disney king arthur,sword in the stone the animation children fantasy musical disney king arthur
1027,Robin Hood: Prince of Thieves,Adventure Drama,1991.0,,robin hood prince of thieves adventure drama
1028,Mary Poppins,Children Comedy Fantasy Musical,1964.0,disney nanny,mary poppins children comedy fantasy musical disney nanny
1029,Dumbo,Animation Children Drama Musical,1941.0,disney,dumbo animation children drama musical disney
1030,Pete's Dragon,Adventure Animation Children Musical,1977.0,disney,pete s dragon adventure animation children musical disney
1031,Bedknobs and Broomsticks,Adventure Children Musical,1971.0,,bedknobs and broomsticks adventure children musical
1032,Alice in Wonderland,Adventure Animation Children Fantasy Musical,1951.0,disney,alice in wonderland adventure animation children fantasy musical disney
1033,"Fox and the Hound, The",Animation Children Drama,1981.0,disney,fox and the hound the animation children drama disney
1034,Freeway,Comedy Crime Drama Thriller,1996.0,,freeway comedy crime drama thriller
1035,"Sound of Music, The",Musical Romance,1965.0,rogers and hammerstein,sound of music the musical romance rogers and hammerstein
1036,Die Hard,Action Crime Thriller,1988.0,,die hard action crime thriller
1037,"Lawnmower Man, The",Action Horror Sci-Fi Thriller,1992.0,,lawnmower man the action horror sci fi thriller
1040,"Secret Agent, The",Drama,1996.0,,secret agent the drama
1041,Secrets & Lies,Drama,1996.0,in netflix queue,secrets lies drama in netflix queue
1042,That Thing You Do!,Comedy Drama,1996.0,music,that thing you do comedy drama music
1043,To Gillian on Her 37th Birthday,Drama Romance,1996.0,,to gillian on her 37th birthday drama romance
1046,Beautiful Thing,Drama Romance,1996.0,,beautiful thing drama romance
1047,"Long Kiss Goodnight, The",Action Drama Thriller,1996.0,,long kiss goodnight the action drama thriller
1049,"Ghost and the Darkness, The",Action Adventure,1996.0,,ghost and the darkness the action adventure
1050,Looking for Richard,Documentary Drama,1996.0,,looking for richard documentary drama
1051,Trees Lounge,Drama,1996.0,,trees lounge drama
1053,Normal Life,Crime Drama Romance,1996.0,,normal life crime drama romance
1054,Get on the Bus,Drama,1996.0,,get on the bus drama
1055,Shadow Conspiracy,Thriller,1997.0,,shadow conspiracy thriller
1056,Jude,Drama,1996.0,,jude drama
1057,Everyone Says I Love You,Comedy Musical Romance,1996.0,,everyone says i love you comedy musical romance
1059,William Shakespeare's Romeo + Juliet,Drama Romance,1996.0,amazing cinematography leonardo dicaprio shakespeare updated classics shakespeare,william shakespeare s romeo juliet drama romance amazing cinematography leonardo dicaprio shakespeare updated classics shakespeare
1060,Swingers,Comedy Drama,1996.0,,swingers comedy drama
1061,Sleepers,Thriller,1996.0,,sleepers thriller
1064,Aladdin and the King of Thieves,Animation Children Comedy Fantasy Musical Romance,1996.0,,aladdin and the king of thieves animation children comedy fantasy musical romance
1066,Shall We Dance,Comedy Musical Romance,1937.0,astaire and rogers,shall we dance comedy musical romance astaire and rogers
1068,Crossfire,Crime Film-Noir,1947.0,anti-semitism,crossfire crime film noir anti semitism
1073,Willy Wonka & the Chocolate Factory,Children Comedy Fantasy Musical,1971.0,,willy wonka the chocolate factory children comedy fantasy musical
1076,"Innocents, The",Drama Horror Thriller,1961.0,governess,innocents the drama horror thriller governess
1077,Sleeper,Comedy Sci-Fi,1973.0,,sleeper comedy sci fi
1078,Bananas,Comedy War,1971.0,,bananas comedy war
1079,"Fish Called Wanda, A",Comedy Crime,1988.0,fish,fish called wanda a comedy crime fish
1080,Monty Python's Life of Brian,Comedy,1979.0,bible parody religion,monty python s life of brian comedy bible parody religion
1081,Victor/Victoria,Comedy Musical Romance,1982.0,cross dressing,victor victoria comedy musical romance cross dressing
1082,"Candidate, The",Drama,1972.0,politics,candidate the drama politics
1083,"Great Race, The",Comedy Musical,1965.0,,great race the comedy musical
1084,Bonnie and Clyde,Crime Drama,1967.0,1920s gangsters,bonnie and clyde crime drama 1920s gangsters
1085,"Old Man and the Sea, The",Adventure Drama,1958.0,,old man and the sea the adventure drama
1086,Dial M for Murder,Crime Mystery Thriller,1954.0,,dial m for murder crime mystery thriller
1088,Dirty Dancing,Drama Musical Romance,1987.0,dance music,dirty dancing drama musical romance dance music
1089,Reservoir Dogs,Crime Mystery Thriller,1992.0,ensemble cast nonlinear quentin tarantino stylized heist violence humorous neo-noir quentin tarantino religion tarantino,reservoir dogs crime mystery thriller ensemble cast nonlinear quentin tarantino stylized heist violence humorous neo noir quentin tarantino religion tarantino
1090,Platoon,Drama War,1986.0,vietnam,platoon drama war vietnam
1091,Weekend at Bernie's,Comedy,1989.0,,weekend at bernie s comedy
1092,Basic Instinct,Crime Mystery Thriller,1992.0,,basic instinct crime mystery thriller
1093,"Doors, The",Drama,1991.0,1960s jim morrison music,doors the drama 1960s jim morrison music
1094,"Crying Game, The",Drama Romance Thriller,1992.0,,crying game the drama romance thriller
1095,Glengarry Glen Ross,Drama,1992.0,,glengarry glen ross drama
1096,Sophie's Choice,Drama,1982.0,holocaust,sophie s choice drama holocaust
1097,E.T. the Extra-Terrestrial,Children Drama Sci-Fi,1982.0,aliens,e t the extra terrestrial children drama sci fi aliens
1099,"Christmas Carol, A",Children Drama Fantasy,1938.0,,christmas carol a children drama fantasy
1100,Days of Thunder,Action Drama Romance,1990.0,,days of thunder action drama romance
1101,Top Gun,Action Romance,1986.0,predictable navy,top gun action romance predictable navy
1103,Rebel Without a Cause,Drama,1955.0,1950s adolescence,rebel without a cause drama 1950s adolescence
1104,"Streetcar Named Desire, A",Drama,1951.0,tennessee williams,streetcar named desire a drama tennessee williams
1105,Children of the Corn IV: The Gathering,Horror,1996.0,,children of the corn iv the gathering horror
1107,Loser,Comedy,1991.0,,loser comedy
1111,Microcosmos (Microcosmos: Le peuple de l'herbe),Documentary,1996.0,,microcosmos microcosmos le peuple de l herbe documentary
1112,Palookaville,Action Comedy Drama,1996.0,,palookaville action comedy drama
1114,"Funeral, The",Crime Drama,1996.0,,funeral the crime drama
1116,"Single Girl, A (Fille seule, La)",Drama,1995.0,,single girl a fille seule la drama
1117,"Eighth Day, The (Huitième jour, Le)",Drama,1996.0,,eighth day the huiti me jour le drama
1119,Drunks,Drama,1995.0,,drunks drama
1120,"People vs. Larry Flynt, The",Comedy Drama,1996.0,freedom of expression,people vs larry flynt the comedy drama freedom of expression
1121,Glory Daze,Drama,1995.0,,glory daze drama
1123,"Perfect Candidate, A",Documentary,1996.0,,perfect candidate a documentary
1124,On Golden Pond,Drama,1981.0,aging,on golden pond drama aging
1125,"Return of the Pink Panther, The",Comedy Crime,1975.0,clousseau,return of the pink panther the comedy crime clousseau
1126,Drop Dead Fred,Comedy Fantasy,1991.0,,drop dead fred comedy fantasy
1127,"Abyss, The",Action Adventure Sci-Fi Thriller,1989.0,,abyss the action adventure sci fi thriller
1128,"Fog, The",Horror,1980.0,,fog the horror
1129,Escape from New York,Action Adventure Sci-Fi Thriller,1981.0,,escape from new york action adventure sci fi thriller
1130,"Howling, The",Horror Mystery,1980.0,,howling the horror mystery
1131,Jean de Florette,Drama Mystery,1986.0,,jean de florette drama mystery
1132,Manon of the Spring (Manon des sources),Drama,1986.0,,manon of the spring manon des sources drama
1135,Private Benjamin,Comedy,1980.0,military,private benjamin comedy military
1136,Monty Python and the Holy Grail,Adventure Comedy Fantasy,1975.0,british comedy monty python england king arthur,monty python and the holy grail adventure comedy fantasy british comedy monty python england king arthur
1137,Hustler White,Romance,1996.0,,hustler white romance
1140,Entertaining Angels: The Dorothy Day Story,Drama,1996.0,,entertaining angels the dorothy day story drama
1144,"Line King: The Al Hirschfeld Story, The",Documentary,1996.0,,line king the al hirschfeld story the documentary
1147,When We Were Kings,Documentary,1996.0,boxing in netflix queue,when we were kings documentary boxing in netflix queue
1148,Wallace & Gromit: The Wrong Trousers,Animation Children Comedy Crime,1993.0,aardman,wallace gromit the wrong trousers animation children comedy crime aardman
1150,"Return of Martin Guerre, The (Retour de Martin Guerre, Le)",Drama,1982.0,,return of martin guerre the retour de martin guerre le drama
1151,Lesson Faust,Animation Comedy Drama Fantasy,1994.0,,lesson faust animation comedy drama fantasy
1156,"Children Are Watching Us, The (Bambini ci guardano, I)",Drama,1944.0,,children are watching us the bambini ci guardano i drama
1161,"Tin Drum, The (Blechtrommel, Die)",Drama War,1979.0,,tin drum the blechtrommel die drama war
1162,"Ruling Class, The",Comedy Drama,1972.0,,ruling class the comedy drama
1163,Mina Tannenbaum,Drama,1994.0,,mina tannenbaum drama
1167,Dear God,Comedy,1996.0,,dear god comedy
1170,Best of the Best 3: No Turning Back,Action,1995.0,,best of the best 3 no turning back action
1171,Bob Roberts,Comedy,1992.0,politics,bob roberts comedy politics
1172,Cinema Paradiso (Nuovo cinema Paradiso),Drama,1989.0,,cinema paradiso nuovo cinema paradiso drama
1173,"Cook the Thief His Wife & Her Lover, The",Comedy Drama,1989.0,,cook the thief his wife her lover the comedy drama
1175,Delicatessen,Comedy Drama Romance,1991.0,,delicatessen comedy drama romance
1176,"Double Life of Veronique, The (Double Vie de Véronique, La)",Drama Fantasy Romance,1991.0,,double life of veronique the double vie de v ronique la drama fantasy romance
1177,Enchanted April,Drama Romance,1992.0,italy,enchanted april drama romance italy
1178,Paths of Glory,Drama War,1957.0,court military,paths of glory drama war court military
1179,"Grifters, The",Crime Drama Film-Noir,1990.0,crime,grifters the crime drama film noir crime
1180,Hear My Song,Comedy,1991.0,,hear my song comedy
1183,"English Patient, The",Drama Romance War,1996.0,adultery,english patient the drama romance war adultery
1184,Mediterraneo,Comedy Drama,1991.0,,mediterraneo comedy drama
1185,My Left Foot,Drama,1989.0,in netflix queue,my left foot drama in netflix queue
1186,"Sex, Lies, and Videotape",Drama,1989.0,,sex lies and videotape drama
1187,Passion Fish,Drama,1992.0,disability,passion fish drama disability
1188,Strictly Ballroom,Comedy Romance,1992.0,australia dance,strictly ballroom comedy romance australia dance
1189,"Thin Blue Line, The",Documentary,1988.0,in netflix queue police,thin blue line the documentary in netflix queue police
1190,Tie Me Up! Tie Me Down! (¡Átame!),Crime Drama Romance,1990.0,,tie me up tie me down tame crime drama romance
1191,Madonna: Truth or Dare,Documentary Musical,1991.0,,madonna truth or dare documentary musical
1192,Paris Is Burning,Documentary,1990.0,,paris is burning documentary
1193,One Flew Over the Cuckoo's Nest,Drama,1975.0,emotional jack nicholson mental illness,one flew over the cuckoo s nest drama emotional jack nicholson mental illness
1194,Cheech and Chong's Up in Smoke,Comedy,1978.0,,cheech and chong s up in smoke comedy
1196,Star Wars: Episode V - The Empire Strikes Back,Action Adventure Sci-Fi,1980.0,i am your father space space opera classic george lucas harrison ford music original plot sci-fi sequel,star wars episode v the empire strikes back action adventure sci fi i am your father space space opera classic george lucas harrison ford music original plot sci fi sequel
1197,"Princess Bride, The",Action Adventure Comedy Fantasy Romance,1987.0,inigo montoya six-fingered man,princess bride the action adventure comedy fantasy romance inigo montoya six fingered man
1198,Raiders of the Lost Ark (Indiana Jones and the Raiders of the Lost Ark),Action Adventure,1981.0,adventure archaeology indiana jones steven spielberg treasure hunt archaeology ark of the covenant indiana jones,raiders of the lost ark indiana jones and the raiders of the lost ark action adventure adventure archaeology indiana jones steven spielberg treasure hunt archaeology ark of the covenant indiana jones
1199,Brazil,Fantasy Sci-Fi,1985.0,,brazil fantasy sci fi
1200,Aliens,Action Adventure Horror Sci-Fi,1986.0,action aliens horror sci-fi space space craft space travel suspense space,aliens action adventure horror sci fi action aliens horror sci fi space space craft space travel suspense space
1201,"Good, the Bad and the Ugly, The (Buono, il brutto, il cattivo, Il)",Action Adventure Western,1966.0,spaghetti western,good the bad and the ugly the buono il brutto il cattivo il action adventure western spaghetti western
1202,Withnail & I,Comedy,1987.0,,withnail i comedy
1203,12 Angry Men,Drama,1957.0,court claustrophobic confrontational earnest good dialogue great screenplay gritty motivational thought-provoking,12 angry men drama court claustrophobic confrontational earnest good dialogue great screenplay gritty motivational thought provoking
1204,Lawrence of Arabia,Adventure Drama War,1962.0,middle east,lawrence of arabia adventure drama war middle east
1206,"Clockwork Orange, A",Crime Drama Sci-Fi Thriller,1971.0,brainwashing,clockwork orange a crime drama sci fi thriller brainwashing
1207,To Kill a Mockingbird,Drama,1962.0,harper lee racism,to kill a mockingbird drama harper lee racism
1208,Apocalypse Now,Action Drama War,1979.0,vietnam,apocalypse now action drama war vietnam
1209,Once Upon a Time in the West (C'era una volta il West),Action Drama Western,1968.0,spaghetti western,once upon a time in the west c era una volta il west action drama western spaghetti western
1210,Star Wars: Episode VI - Return of the Jedi,Action Adventure Sci-Fi,1983.0,darth vader luke skywalker space opera,star wars episode vi return of the jedi action adventure sci fi darth vader luke skywalker space opera
1211,"Wings of Desire (Himmel über Berlin, Der)",Drama Fantasy Romance,1987.0,,wings of desire himmel ber berlin der drama fantasy romance
1212,"Third Man, The",Film-Noir Mystery Thriller,1949.0,ferris wheel venice zither,third man the film noir mystery thriller ferris wheel venice zither
1213,Goodfellas,Crime Drama,1990.0,mafia,goodfellas crime drama mafia
1214,Alien,Horror Sci-Fi,1979.0,aliens,alien horror sci fi aliens
1215,Army of Darkness,Action Adventure Comedy Fantasy Horror,1993.0,,army of darkness action adventure comedy fantasy horror
1216,"Big Blue, The (Grand bleu, Le)",Adventure Drama Romance,1988.0,,big blue the grand bleu le adventure drama romance
1217,Ran,Drama War,1985.0,samurai,ran drama war samurai
1218,"Killer, The (Die xue shuang xiong)",Action Crime Drama Thriller,1989.0,,killer the die xue shuang xiong action crime drama thriller
1219,Psycho,Crime Horror,1960.0,alfred hitchcock psychology suspenseful tense norman bates alfred hitchcock black and white imdb top 250 remade,psycho crime horror alfred hitchcock psychology suspenseful tense norman bates alfred hitchcock black and white imdb top 250 remade
1220,"Blues Brothers, The",Action Comedy Musical,1980.0,saturday night live,blues brothers the action comedy musical saturday night live
1221,"Godfather: Part II, The",Crime Drama,1974.0,al pacino mafia mafia,godfather part ii the crime drama al pacino mafia mafia
1222,Full Metal Jacket,Drama War,1987.0,vietnam anti-war,full metal jacket drama war vietnam anti war
1223,"Grand Day Out with Wallace and Gromit, A",Adventure Animation Children Comedy Sci-Fi,1989.0,moon,grand day out with wallace and gromit a adventure animation children comedy sci fi moon
1224,Henry V,Action Drama Romance War,1989.0,shakespeare,henry v action drama romance war shakespeare
1225,Amadeus,Drama,1984.0,mozart salieri,amadeus drama mozart salieri
1226,"Quiet Man, The",Drama Romance,1952.0,,quiet man the drama romance
1227,Once Upon a Time in America,Crime Drama,1984.0,,once upon a time in america crime drama
1228,Raging Bull,Drama,1980.0,boxing,raging bull drama boxing
1230,Annie Hall,Comedy Romance,1977.0,new york,annie hall comedy romance new york
1231,"Right Stuff, The",Drama,1983.0,nasa space,right stuff the drama nasa space
1232,Stalker,Drama Mystery Sci-Fi,1979.0,,stalker drama mystery sci fi
1233,"Boot, Das (Boat, The)",Action Drama War,1981.0,submarine,boot das boat the action drama war submarine
1234,"Sting, The",Comedy Crime,1973.0,the entertainer,sting the comedy crime the entertainer
1235,Harold and Maude,Comedy Drama Romance,1971.0,may-december romance,harold and maude comedy drama romance may december romance
1236,Trust,Comedy Drama Romance,1990.0,,trust comedy drama romance
1237,"Seventh Seal, The (Sjunde inseglet, Det)",Drama,1957.0,chess death atmospheric cerebral existentialism philosophical reflective,seventh seal the sjunde inseglet det drama chess death atmospheric cerebral existentialism philosophical reflective
1238,Local Hero,Comedy,1983.0,,local hero comedy
1240,"Terminator, The",Action Sci-Fi Thriller,1984.0,action artificial intelligence robots sci-fi special effects tense time travel robots,terminator the action sci fi thriller action artificial intelligence robots sci fi special effects tense time travel robots
1241,Dead Alive (Braindead),Comedy Fantasy Horror,1992.0,,dead alive braindead comedy fantasy horror
1242,Glory,Drama War,1989.0,civil war,glory drama war civil war
1243,Rosencrantz and Guildenstern Are Dead,Comedy Drama,1990.0,shakespeare sort of,rosencrantz and guildenstern are dead comedy drama shakespeare sort of
1244,Manhattan,Comedy Drama Romance,1979.0,black and white,manhattan comedy drama romance black and white
1245,Miller's Crossing,Crime Drama Film-Noir Thriller,1990.0,mafia,miller s crossing crime drama film noir thriller mafia
1246,Dead Poets Society,Drama,1989.0,highschool high school,dead poets society drama highschool high school
1247,"Graduate, The",Comedy Drama Romance,1967.0,simon and garfunkel,graduate the comedy drama romance simon and garfunkel
1248,Touch of Evil,Crime Film-Noir Thriller,1958.0,,touch of evil crime film noir thriller
1249,"Femme Nikita, La (Nikita)",Action Crime Romance Thriller,1990.0,hit men,femme nikita la nikita action crime romance thriller hit men
1250,"Bridge on the River Kwai, The",Adventure Drama War,1957.0,pow,bridge on the river kwai the adventure drama war pow
1251,8 1/2 (8½),Drama Fantasy,1963.0,,8 1 2 8 drama fantasy
1252,Chinatown,Crime Film-Noir Mystery Thriller,1974.0,incest,chinatown crime film noir mystery thriller incest
1253,"Day the Earth Stood Still, The",Drama Sci-Fi Thriller,1951.0,aliens,day the earth stood still the drama sci fi thriller aliens
1254,"Treasure of the Sierra Madre, The",Action Adventure Drama Western,1948.0,cold,treasure of the sierra madre the action adventure drama western cold
1255,Bad Taste,Comedy Horror Sci-Fi,1987.0,,bad taste comedy horror sci fi
1256,Duck Soup,Comedy Musical War,1933.0,,duck soup comedy musical war
1257,Better Off Dead...,Comedy Romance,1985.0,skiing,better off dead comedy romance skiing
1258,"Shining, The",Horror,1980.0,atmospheric disturbing horror jack nicholson masterpiece psychological stanley kubrick suspense stephen king,shining the horror atmospheric disturbing horror jack nicholson masterpiece psychological stanley kubrick suspense stephen king
1259,Stand by Me,Adventure Drama,1986.0,stephen king,stand by me adventure drama stephen king
1260,M,Crime Film-Noir Thriller,1931.0,serial killer atmospheric chilly creepy menacing mental illness oninous,m crime film noir thriller serial killer atmospheric chilly creepy menacing mental illness oninous
1261,Evil Dead II (Dead by Dawn),Action Comedy Fantasy Horror,1987.0,,evil dead ii dead by dawn action comedy fantasy horror
1262,"Great Escape, The",Action Adventure Drama War,1963.0,pow,great escape the action adventure drama war pow
1263,"Deer Hunter, The",Drama War,1978.0,vietnam,deer hunter the drama war vietnam
1264,Diva,Action Drama Mystery Romance Thriller,1981.0,,diva action drama mystery romance thriller
1265,Groundhog Day,Comedy Fantasy Romance,1993.0,,groundhog day comedy fantasy romance
1266,Unforgiven,Drama Western,1992.0,revenge,unforgiven drama western revenge
1267,"Manchurian Candidate, The",Crime Thriller War,1962.0,assassination brainwashing,manchurian candidate the crime thriller war assassination brainwashing
1268,Pump Up the Volume,Comedy Drama,1990.0,,pump up the volume comedy drama
1269,Arsenic and Old Lace,Comedy Mystery Thriller,1944.0,murder,arsenic and old lace comedy mystery thriller murder
1270,Back to the Future,Adventure Comedy Sci-Fi,1985.0,time travel,back to the future adventure comedy sci fi time travel
1271,Fried Green Tomatoes,Comedy Crime Drama,1991.0,,fried green tomatoes comedy crime drama
1272,Patton,Drama War,1970.0,world war ii,patton drama war world war ii
1273,Down by Law,Comedy Drama Film-Noir,1986.0,,down by law comedy drama film noir
1274,Akira,Action Adventure Animation Sci-Fi,1988.0,animation anime visually stunning,akira action adventure animation sci fi animation anime visually stunning
1275,Highlander,Action Adventure Fantasy,1986.0,,highlander action adventure fantasy
1276,Cool Hand Luke,Drama,1967.0,prison,cool hand luke drama prison
1277,Cyrano de Bergerac,Comedy Drama Romance,1990.0,in netflix queue,cyrano de bergerac comedy drama romance in netflix queue
1278,Young Frankenstein,Comedy Fantasy,1974.0,spoof,young frankenstein comedy fantasy spoof
1279,Night on Earth,Comedy Drama,1991.0,,night on earth comedy drama
1280,Raise the Red Lantern (Da hong deng long gao gao gua),Drama,1991.0,in netflix queue,raise the red lantern da hong deng long gao gao gua drama in netflix queue
1281,"Great Dictator, The",Comedy Drama War,1940.0,nazis,great dictator the comedy drama war nazis
1282,Fantasia,Animation Children Fantasy Musical,1940.0,disney,fantasia animation children fantasy musical disney
1283,High Noon,Drama Western,1952.0,gunfight,high noon drama western gunfight
1284,"Big Sleep, The",Crime Film-Noir Mystery,1946.0,hammett,big sleep the crime film noir mystery hammett
1285,Heathers,Comedy,1989.0,high school,heathers comedy high school
1286,Somewhere in Time,Drama Romance,1980.0,,somewhere in time drama romance
1287,Ben-Hur,Action Adventure Drama,1959.0,,ben hur action adventure drama
1288,This Is Spinal Tap,Comedy,1984.0,music heavy metal mockumentary music,this is spinal tap comedy music heavy metal mockumentary music
1289,Koyaanisqatsi (a.k.a. Koyaanisqatsi: Life Out of Balance),Documentary,1983.0,,koyaanisqatsi a k a koyaanisqatsi life out of balance documentary
1290,Some Kind of Wonderful,Drama Romance,1987.0,,some kind of wonderful drama romance
1291,Indiana Jones and the Last Crusade,Action Adventure,1989.0,archaeology holy grail,indiana jones and the last crusade action adventure archaeology holy grail
1292,Being There,Comedy Drama,1979.0,television,being there comedy drama television
1293,Gandhi,Drama,1982.0,india,gandhi drama india
1295,"Unbearable Lightness of Being, The",Drama,1988.0,,unbearable lightness of being the drama
1296,"Room with a View, A",Drama Romance,1986.0,e. m. forster,room with a view a drama romance e m forster
1297,Real Genius,Comedy,1985.0,,real genius comedy
1298,Pink Floyd: The Wall,Drama Musical,1982.0,,pink floyd the wall drama musical
1299,"Killing Fields, The",Drama War,1984.0,cambodia vietnam,killing fields the drama war cambodia vietnam
1300,My Life as a Dog (Mitt liv som hund),Comedy Drama,1985.0,,my life as a dog mitt liv som hund comedy drama
1301,Forbidden Planet,Drama Sci-Fi,1956.0,shakespeare sort of space,forbidden planet drama sci fi shakespeare sort of space
1302,Field of Dreams,Children Drama Fantasy,1989.0,baseball,field of dreams children drama fantasy baseball
1303,"Man Who Would Be King, The",Adventure Drama,1975.0,india,man who would be king the adventure drama india
1304,Butch Cassidy and the Sundance Kid,Action Western,1969.0,crime,butch cassidy and the sundance kid action western crime
1305,"Paris, Texas",Drama Romance,1984.0,,paris texas drama romance
1306,Until the End of the World (Bis ans Ende der Welt),Adventure Drama Sci-Fi,1991.0,,until the end of the world bis ans ende der welt adventure drama sci fi
1307,When Harry Met Sally...,Comedy Romance,1989.0,new york,when harry met sally comedy romance new york
1310,Hype!,Documentary,1996.0,,hype documentary
1312,Female Perversions,Drama,1996.0,,female perversions drama
1318,Blue Juice,Comedy Drama,1995.0,,blue juice comedy drama
1320,Alien³ (a.k.a. Alien 3),Action Horror Sci-Fi Thriller,1992.0,,alien a k a alien 3 action horror sci fi thriller
1321,"American Werewolf in London, An",Comedy Horror Thriller,1981.0,,american werewolf in london an comedy horror thriller
1322,Amityville 1992: It's About Time,Horror,1992.0,,amityville 1992 it s about time horror
1323,Amityville 3-D,Horror,1983.0,,amityville 3 d horror
1324,Amityville: Dollhouse,Horror,1996.0,,amityville dollhouse horror
1325,Amityville: A New Generation,Horror,1993.0,,amityville a new generation horror
1326,Amityville II: The Possession,Horror,1982.0,,amityville ii the possession horror
1327,"Amityville Horror, The",Drama Horror Mystery Thriller,1979.0,,amityville horror the drama horror mystery thriller
1328,"Amityville Curse, The",Horror,1990.0,,amityville curse the horror
1329,Blood for Dracula (Andy Warhol's Dracula),Horror,1974.0,,blood for dracula andy warhol s dracula horror
1330,April Fool's Day,Horror,1986.0,,april fool s day horror
1331,Audrey Rose,Horror,1977.0,,audrey rose horror
1332,"Believers, The",Horror Thriller,1987.0,,believers the horror thriller
1333,"Birds, The",Horror Thriller,1963.0,birds,birds the horror thriller birds
1334,"Blob, The",Horror Sci-Fi,1958.0,,blob the horror sci fi
1335,Blood Beach,Horror Mystery,1981.0,,blood beach horror mystery
1336,Body Parts,Horror Thriller,1991.0,,body parts horror thriller
1337,"Body Snatcher, The",Drama Horror Thriller,1945.0,,body snatcher the drama horror thriller
1339,Dracula (Bram Stoker's Dracula),Fantasy Horror Romance Thriller,1992.0,,dracula bram stoker s dracula fantasy horror romance thriller
1340,"Bride of Frankenstein, The (Bride of Frankenstein)",Drama Horror Sci-Fi,1935.0,,bride of frankenstein the bride of frankenstein drama horror sci fi
1341,Burnt Offerings,Horror,1976.0,,burnt offerings horror
1342,Candyman,Horror Thriller,1992.0,,candyman horror thriller
1343,Cape Fear,Thriller,1991.0,horror juliette lewis martin scorsese robert de niro remake,cape fear thriller horror juliette lewis martin scorsese robert de niro remake
1344,Cape Fear,Crime Drama Thriller,1962.0,lawyer,cape fear crime drama thriller lawyer
1345,Carrie,Drama Fantasy Horror Thriller,1976.0,high school prom stephen king,carrie drama fantasy horror thriller high school prom stephen king
1346,Cat People,Drama Fantasy Horror,1982.0,,cat people drama fantasy horror
1347,"Nightmare on Elm Street, A",Horror Thriller,1984.0,,nightmare on elm street a horror thriller
1348,"Nosferatu (Nosferatu, eine Symphonie des Grauens)",Horror,1922.0,vampires,nosferatu nosferatu eine symphonie des grauens horror vampires
1349,Vampire in Venice (Nosferatu a Venezia) (Nosferatu in Venice),Horror,1986.0,,vampire in venice nosferatu a venezia nosferatu in venice horror
1350,"Omen, The",Horror Mystery Thriller,1976.0,demons,omen the horror mystery thriller demons
1351,Blood and Wine (Blood & Wine),Crime Drama Thriller,1996.0,,blood and wine blood wine crime drama thriller
1352,Albino Alligator,Crime Thriller,1996.0,,albino alligator crime thriller
1353,"Mirror Has Two Faces, The",Comedy Drama Romance,1996.0,personals ads,mirror has two faces the comedy drama romance personals ads
1354,Breaking the Waves,Drama Mystery,1996.0,religion,breaking the waves drama mystery religion
1355,Nightwatch,Horror Thriller,1997.0,,nightwatch horror thriller
1356,Star Trek: First Contact,Action Adventure Sci-Fi Thriller,1996.0,borg,star trek first contact action adventure sci fi thriller borg
1357,Shine,Drama Romance,1996.0,music,shine drama romance music
1358,Sling Blade,Drama,1996.0,ex-con,sling blade drama ex con
1359,Jingle All the Way,Children Comedy,1996.0,,jingle all the way children comedy
1361,Paradise Lost: The Child Murders at Robin Hood Hills,Documentary,1996.0,in netflix queue,paradise lost the child murders at robin hood hills documentary in netflix queue
1363,"Preacher's Wife, The",Drama,1996.0,religion,preacher s wife the drama religion
1365,Ridicule,Drama,1996.0,,ridicule drama
1366,"Crucible, The",Drama,1996.0,arthur miller,crucible the drama arthur miller
1367,101 Dalmatians,Adventure Children Comedy,1996.0,dogs remake,101 dalmatians adventure children comedy dogs remake
1370,Die Hard 2,Action Adventure Thriller,1990.0,,die hard 2 action adventure thriller
1371,Star Trek: The Motion Picture,Adventure Sci-Fi,1979.0,,star trek the motion picture adventure sci fi
1372,Star Trek VI: The Undiscovered Country,Action Mystery Sci-Fi,1991.0,klingons,star trek vi the undiscovered country action mystery sci fi klingons
1373,Star Trek V: The Final Frontier,Action Sci-Fi,1989.0,,star trek v the final frontier action sci fi
1374,Star Trek II: The Wrath of Khan,Action Adventure Sci-Fi Thriller,1982.0,captain kirk,star trek ii the wrath of khan action adventure sci fi thriller captain kirk
1375,Star Trek III: The Search for Spock,Action Adventure Sci-Fi,1984.0,,star trek iii the search for spock action adventure sci fi
1376,Star Trek IV: The Voyage Home,Adventure Comedy Sci-Fi,1986.0,whales,star trek iv the voyage home adventure comedy sci fi whales
1377,Batman Returns,Action Crime,1992.0,superhero,batman returns action crime superhero
1378,Young Guns,Action Comedy Western,1988.0,,young guns action comedy western
1379,Young Guns II,Action Western,1990.0,,young guns ii action western
1380,Grease,Comedy Musical Romance,1978.0,high school,grease comedy musical romance high school
1381,Grease 2,Comedy Musical Romance,1982.0,high school,grease 2 comedy musical romance high school
1382,Marked for Death,Action Drama,1990.0,,marked for death action drama
1385,Under Siege,Action Drama Thriller,1992.0,,under siege action drama thriller
1387,Jaws,Action Horror,1975.0,shark,jaws action horror shark
1388,Jaws 2,Horror Thriller,1978.0,,jaws 2 horror thriller
1389,Jaws 3-D,Action Horror,1983.0,shark,jaws 3 d action horror shark
1390,My Fellow Americans,Comedy,1996.0,,my fellow americans comedy
1391,Mars Attacks!,Action Comedy Sci-Fi,1996.0,,mars attacks action comedy sci fi
1392,Citizen Ruth,Comedy Drama,1996.0,,citizen ruth comedy drama
1393,Jerry Maguire,Drama Romance,1996.0,sports,jerry maguire drama romance sports
1394,Raising Arizona,Comedy,1987.0,coen brothers,raising arizona comedy coen brothers
1395,Tin Men,Comedy Drama,1987.0,,tin men comedy drama
1396,Sneakers,Action Comedy Crime Drama Sci-Fi,1992.0,spying,sneakers action comedy crime drama sci fi spying
1397,Bastard Out of Carolina,Drama,1996.0,,bastard out of carolina drama
1398,In Love and War,Romance War,1996.0,hemingway,in love and war romance war hemingway
1399,Marvin's Room,Drama,1996.0,,marvin s room drama
1401,Ghosts of Mississippi,Drama,1996.0,,ghosts of mississippi drama
1405,Beavis and Butt-Head Do America,Adventure Animation Comedy Crime,1996.0,,beavis and butt head do america adventure animation comedy crime
1406,La Cérémonie,Crime Drama Mystery Thriller,1995.0,,la c r monie crime drama mystery thriller
1407,Scream,Comedy Horror Mystery Thriller,1996.0,slasher spoof,scream comedy horror mystery thriller slasher spoof
1408,"Last of the Mohicans, The",Action Romance War Western,1992.0,hawkeye james fennimore cooper,last of the mohicans the action romance war western hawkeye james fennimore cooper
1409,Michael,Comedy Drama Fantasy Romance,1996.0,,michael comedy drama fantasy romance
1411,Hamlet,Crime Drama Romance,1996.0,shakespeare,hamlet crime drama romance shakespeare
1412,Some Mother's Son,Drama,1996.0,,some mother s son drama
1413,"Whole Wide World, The",Drama,1996.0,conan,whole wide world the drama conan
1414,Mother,Comedy,1996.0,,mother comedy
1415,"Thieves (Voleurs, Les)",Crime Drama Romance,1996.0,,thieves voleurs les crime drama romance
1416,Evita,Drama Musical,1996.0,andrew lloyd weber,evita drama musical andrew lloyd weber
1417,"Portrait of a Lady, The",Drama,1996.0,,portrait of a lady the drama
1419,Walkabout,Adventure Drama,1971.0,,walkabout adventure drama
1422,Murder at 1600,Crime Drama Mystery Thriller,1997.0,,murder at 1600 crime drama mystery thriller
1423,Hearts and Minds,Drama,1996.0,in netflix queue vietnam,hearts and minds drama in netflix queue vietnam
1425,Fierce Creatures,Comedy,1997.0,,fierce creatures comedy
1426,Zeus and Roxanne,Children,1997.0,,zeus and roxanne children
1427,Turbulence,Action Thriller,1997.0,,turbulence action thriller
1428,Angel Baby,Drama,1995.0,,angel baby drama
1429,First Strike (Police Story 4: First Strike) (Ging chaat goo si 4: Ji gaan daan yam mo),Action Adventure Comedy Thriller,1996.0,,first strike police story 4 first strike ging chaat goo si 4 ji gaan daan yam mo action adventure comedy thriller
1430,Underworld,Comedy Thriller,1996.0,,underworld comedy thriller
1431,Beverly Hills Ninja,Action Comedy,1997.0,,beverly hills ninja action comedy
1432,Metro,Action Comedy Crime Drama Thriller,1997.0,,metro action comedy crime drama thriller
1437,"Cement Garden, The",Drama,1993.0,,cement garden the drama
1438,Dante's Peak,Action Thriller,1997.0,,dante s peak action thriller
1439,Meet Wally Sparks,Comedy,1997.0,,meet wally sparks comedy
1440,Amos & Andrew,Comedy,1993.0,,amos andrew comedy
1441,Benny & Joon,Comedy Romance,1993.0,mental illness not seen,benny joon comedy romance mental illness not seen
1442,Prefontaine,Drama,1997.0,,prefontaine drama
1445,McHale's Navy,Comedy War,1997.0,,mchale s navy comedy war
1446,Kolya (Kolja),Comedy Drama,1996.0,in netflix queue,kolya kolja comedy drama in netflix queue
1447,Gridlock'd,Crime,1997.0,,gridlock d crime
1449,Waiting for Guffman,Comedy,1996.0,mockumentary,waiting for guffman comedy mockumentary
1453,"Beautician and the Beast, The",Comedy Romance,1997.0,,beautician and the beast the comedy romance
1454,SubUrbia,Comedy Drama,1997.0,,suburbia comedy drama
1456,"Pest, The",Comedy,1997.0,,pest the comedy
1457,Fools Rush In,Comedy Drama Romance,1997.0,,fools rush in comedy drama romance
1458,Touch,Drama Fantasy Romance,1997.0,,touch drama fantasy romance
1459,Absolute Power,Mystery Thriller,1997.0,,absolute power mystery thriller
1460,That Darn Cat,Children Comedy Mystery,1997.0,,that darn cat children comedy mystery
1461,Vegas Vacation (National Lampoon's Las Vegas Vacation),Comedy,1997.0,,vegas vacation national lampoon s las vegas vacation comedy
1464,Lost Highway,Crime Drama Fantasy Film-Noir Mystery Romance,1997.0,,lost highway crime drama fantasy film noir mystery romance
1465,Rosewood,Action Drama,1997.0,,rosewood action drama
1466,Donnie Brasco,Crime Drama,1997.0,mafia,donnie brasco crime drama mafia
1468,Booty Call,Comedy Romance,1997.0,,booty call comedy romance
1473,Best Men,Action Comedy Crime Drama,1997.0,,best men action comedy crime drama
1474,Jungle2Jungle (a.k.a. Jungle 2 Jungle),Children Comedy,1997.0,jungle,jungle2jungle a k a jungle 2 jungle children comedy jungle
1475,Kama Sutra: A Tale of Love,Romance,1996.0,,kama sutra a tale of love romance
1476,Private Parts,Comedy Drama,1997.0,,private parts comedy drama
1477,Love Jones,Romance,1997.0,,love jones romance
1479,"Saint, The",Action Romance Sci-Fi Thriller,1997.0,,saint the action romance sci fi thriller
1480,Smilla's Sense of Snow,Drama Thriller,1997.0,,smilla s sense of snow drama thriller
1483,Crash,Drama Thriller,1996.0,,crash drama thriller
1484,"Daytrippers, The",Comedy Drama Mystery Romance,1996.0,,daytrippers the comedy drama mystery romance
1485,Liar Liar,Comedy,1997.0,lawyer,liar liar comedy lawyer
1487,Selena,Drama Musical,1997.0,,selena drama musical
1488,"Devil's Own, The",Action Drama Thriller,1997.0,,devil s own the action drama thriller
1489,Cats Don't Dance,Animation Children Musical,1997.0,,cats don t dance animation children musical
1490,B*A*P*S,Comedy,1997.0,,b a p s comedy
1493,Love and Other Catastrophes,Romance,1996.0,,love and other catastrophes romance
1495,Turbo: A Power Rangers Movie,Action Adventure Children,1997.0,,turbo a power rangers movie action adventure children
1496,Anna Karenina,Drama Romance,1997.0,tolstoy,anna karenina drama romance tolstoy
1497,Double Team,Action,1997.0,,double team action
1498,Inventing the Abbotts,Drama Romance,1997.0,,inventing the abbotts drama romance
1499,Anaconda,Action Adventure Thriller,1997.0,,anaconda action adventure thriller
1500,Grosse Pointe Blank,Comedy Crime Romance,1997.0,hit men reunion,grosse pointe blank comedy crime romance hit men reunion
1502,Kissed,Drama Romance,1996.0,,kissed drama romance
1503,8 Heads in a Duffel Bag,Comedy,1997.0,,8 heads in a duffel bag comedy
1507,Paradise Road,Drama War,1997.0,,paradise road drama war
1513,Romy and Michele's High School Reunion,Comedy,1997.0,reunion,romy and michele s high school reunion comedy reunion
1514,Temptress Moon (Feng Yue),Romance,1996.0,,temptress moon feng yue romance
1515,Volcano,Action Drama Thriller,1997.0,,volcano action drama thriller
1516,Children of the Revolution,Comedy,1996.0,,children of the revolution comedy
1517,Austin Powers: International Man of Mystery,Action Adventure Comedy,1997.0,,austin powers international man of mystery action adventure comedy
1518,Breakdown,Action Thriller,1997.0,,breakdown action thriller
1519,Broken English,Drama,1996.0,,broken english drama
1526,Fathers' Day,Comedy,1997.0,,fathers day comedy
1527,"Fifth Element, The",Action Adventure Comedy Sci-Fi,1997.0,,fifth element the action adventure comedy sci fi
1529,Nowhere,Comedy Drama,1997.0,,nowhere comedy drama
1533,"Promise, The (La promesse)",Drama,1996.0,,promise the la promesse drama
1537,Shall We Dance? (Shall We Dansu?),Comedy Drama Romance,1996.0,ballroom dance,shall we dance shall we dansu comedy drama romance ballroom dance
1541,Addicted to Love,Comedy Romance,1997.0,,addicted to love comedy romance
1542,Brassed Off,Comedy Drama Romance,1996.0,in netflix queue,brassed off comedy drama romance in netflix queue
1544,"Lost World: Jurassic Park, The",Action Adventure Sci-Fi Thriller,1997.0,dinosaurs,lost world jurassic park the action adventure sci fi thriller dinosaurs
1545,Ponette,Drama,1996.0,death,ponette drama death
1546,Schizopolis,Comedy,1996.0,,schizopolis comedy
1547,Shiloh,Children Drama,1997.0,,shiloh children drama
1549,Rough Magic,Drama Romance,1995.0,,rough magic drama romance
1550,Trial and Error,Comedy Romance,1997.0,,trial and error comedy romance
1551,Buddy,Adventure Children Drama,1997.0,,buddy adventure children drama
1552,Con Air,Action Adventure Thriller,1997.0,,con air action adventure thriller
1554,"Pillow Book, The",Drama Romance,1996.0,,pillow book the drama romance
1556,Speed 2: Cruise Control,Action Romance Thriller,1997.0,,speed 2 cruise control action romance thriller
1562,Batman & Robin,Action Adventure Fantasy Thriller,1997.0,,batman robin action adventure fantasy thriller
1564,For Roseanna (Roseanna's Grave),Comedy Drama Romance,1997.0,,for roseanna roseanna s grave comedy drama romance
1565,Head Above Water,Comedy Thriller,1996.0,,head above water comedy thriller
1566,Hercules,Adventure Animation Children Comedy Musical,1997.0,,hercules adventure animation children comedy musical
1569,My Best Friend's Wedding,Comedy Romance,1997.0,romantic comedy wedding weddings,my best friend s wedding comedy romance romantic comedy wedding weddings
1571,When the Cat's Away (Chacun cherche son chat),Comedy Romance,1996.0,,when the cat s away chacun cherche son chat comedy romance
1572,"Contempt (Mépris, Le)",Drama,1963.0,,contempt m pris le drama
1573,Face/Off,Action Crime Drama Thriller,1997.0,transplants,face off action crime drama thriller transplants
1574,Fall,Romance,1997.0,,fall romance
1580,Men in Black (a.k.a. MIB),Action Comedy Sci-Fi,1997.0,aliens,men in black a k a mib action comedy sci fi aliens
1581,Out to Sea,Comedy,1997.0,,out to sea comedy
1582,Wild America,Adventure Children,1997.0,,wild america adventure children
1583,"Simple Wish, A",Children Fantasy,1997.0,,simple wish a children fantasy
1584,Contact,Drama Sci-Fi,1997.0,,contact drama sci fi
1585,Love Serenade,Comedy,1996.0,,love serenade comedy
1586,G.I. Jane,Action Drama,1997.0,military,g i jane action drama military
1587,Conan the Barbarian,Action Adventure Fantasy,1982.0,,conan the barbarian action adventure fantasy
1588,George of the Jungle,Children Comedy,1997.0,,george of the jungle children comedy
1589,Cop Land,Action Crime Drama Thriller,1997.0,,cop land action crime drama thriller
1590,Event Horizon,Horror Sci-Fi Thriller,1997.0,,event horizon horror sci fi thriller
1591,Spawn,Action Adventure Sci-Fi Thriller,1997.0,,spawn action adventure sci fi thriller
1592,Air Bud,Children Comedy,1997.0,,air bud children comedy
1593,Picture Perfect,Comedy Romance,1997.0,,picture perfect comedy romance
1594,In the Company of Men,Comedy Drama,1997.0,,in the company of men comedy drama
1596,Career Girls,Drama,1997.0,,career girls drama
1597,Conspiracy Theory,Drama Mystery Romance Thriller,1997.0,,conspiracy theory drama mystery romance thriller
1598,Desperate Measures,Crime Drama Thriller,1998.0,,desperate measures crime drama thriller
1599,Steel,Action,1997.0,,steel action
1600,She's So Lovely,Drama Romance,1997.0,,she s so lovely drama romance
1601,Hoodlum,Crime Drama Film-Noir,1997.0,,hoodlum crime drama film noir
1602,Leave It to Beaver,Comedy,1997.0,,leave it to beaver comedy
1603,Mimic,Horror Sci-Fi Thriller,1997.0,,mimic horror sci fi thriller
1604,Money Talks,Action Comedy,1997.0,,money talks action comedy
1605,Excess Baggage,Adventure Romance,1997.0,,excess baggage adventure romance
1606,Kull the Conqueror,Action Adventure,1997.0,,kull the conqueror action adventure
1608,Air Force One,Action Thriller,1997.0,president,air force one action thriller president
1609,187 (One Eight Seven),Drama Thriller,1997.0,,187 one eight seven drama thriller
1610,"Hunt for Red October, The",Action Adventure Thriller,1990.0,tom clancy,hunt for red october the action adventure thriller tom clancy
1611,My Own Private Idaho,Drama Romance,1991.0,,my own private idaho drama romance
1612,"Kiss Me, Guido",Comedy,1997.0,,kiss me guido comedy
1613,Star Maps,Drama,1997.0,,star maps drama
1614,In & Out,Comedy,1997.0,,in out comedy
1615,"Edge, The",Adventure Drama,1997.0,,edge the adventure drama
1616,"Peacemaker, The",Action Thriller War,1997.0,,peacemaker the action thriller war
1617,L.A. Confidential,Crime Film-Noir Mystery Thriller,1997.0,police,l a confidential crime film noir mystery thriller police
1619,Seven Years in Tibet,Adventure Drama War,1997.0,,seven years in tibet adventure drama war
1620,Kiss the Girls,Crime Drama Mystery Thriller,1997.0,,kiss the girls crime drama mystery thriller
1621,Soul Food,Drama,1997.0,,soul food drama
1623,Wishmaster,Horror,1997.0,,wishmaster horror
1624,"Thousand Acres, A",Drama,1997.0,,thousand acres a drama
1625,"Game, The",Drama Mystery Thriller,1997.0,mindfuck mystery plot twist psychological suspense twist ending twist ending mystery,game the drama mystery thriller mindfuck mystery plot twist psychological suspense twist ending twist ending mystery
1626,Fire Down Below,Action Drama Thriller,1997.0,,fire down below action drama thriller
1627,U Turn,Crime Drama Mystery,1997.0,,u turn crime drama mystery
1629,"MatchMaker, The",Comedy Romance,1997.0,,matchmaker the comedy romance
1631,"Assignment, The",Action Thriller,1997.0,,assignment the action thriller
1633,Ulee's Gold,Drama,1997.0,,ulee s gold drama
1635,"Ice Storm, The",Drama,1997.0,1970s,ice storm the drama 1970s
1639,Chasing Amy,Comedy Drama Romance,1997.0,,chasing amy comedy drama romance
1641,"Full Monty, The",Comedy Drama,1997.0,,full monty the comedy drama
1642,Indian Summer (a.k.a. Alive & Kicking),Comedy Drama,1996.0,,indian summer a k a alive kicking comedy drama
1643,"Mrs. Brown (a.k.a. Her Majesty, Mrs. Brown)",Drama Romance,1997.0,england queen victoria,mrs brown a k a her majesty mrs brown drama romance england queen victoria
1644,I Know What You Did Last Summer,Horror Mystery Thriller,1997.0,,i know what you did last summer horror mystery thriller
1645,The Devil's Advocate,Drama Mystery Thriller,1997.0,lawyers,the devil s advocate drama mystery thriller lawyers
1646,RocketMan (a.k.a. Rocket Man),Children Comedy Romance Sci-Fi,1997.0,,rocketman a k a rocket man children comedy romance sci fi
1647,Playing God,Crime Drama Thriller,1997.0,,playing god crime drama thriller
1648,"House of Yes, The",Comedy Drama,1997.0,,house of yes the comedy drama
1649,"Fast, Cheap & Out of Control",Documentary,1997.0,,fast cheap out of control documentary
1650,Washington Square,Drama,1997.0,henry james,washington square drama henry james
1652,Year of the Horse,Documentary,1997.0,,year of the horse documentary
1653,Gattaca,Drama Sci-Fi Thriller,1997.0,future intelligent thought-provoking,gattaca drama sci fi thriller future intelligent thought provoking
1654,FairyTale: A True Story,Children Drama Fantasy,1997.0,,fairytale a true story children drama fantasy
1655,Phantoms,Drama Horror Thriller,1998.0,,phantoms drama horror thriller
1656,Swept from the Sea,Drama Romance,1997.0,,swept from the sea drama romance
1658,"Life Less Ordinary, A",Romance Thriller,1997.0,,life less ordinary a romance thriller
1659,Hurricane Streets,Drama,1997.0,,hurricane streets drama
1660,Eve's Bayou,Drama,1997.0,,eve s bayou drama
1661,Switchback,Crime Mystery Thriller,1997.0,,switchback crime mystery thriller
1662,Gang Related,Crime,1997.0,,gang related crime
1663,Stripes,Comedy War,1981.0,military,stripes comedy war military
1665,Bean,Comedy,1997.0,,bean comedy
1667,Mad City,Action Drama,1997.0,,mad city action drama
1670,Welcome to Sarajevo,Drama War,1997.0,,welcome to sarajevo drama war
1671,Deceiver,Crime Drama Thriller,1997.0,,deceiver crime drama thriller
1672,"Rainmaker, The",Drama,1997.0,in netflix queue,rainmaker the drama in netflix queue
1673,Boogie Nights,Drama,1997.0,,boogie nights drama
1674,Witness,Drama Romance Thriller,1985.0,amish,witness drama romance thriller amish
1675,Incognito,Crime Thriller,1997.0,,incognito crime thriller
1676,Starship Troopers,Action Sci-Fi,1997.0,,starship troopers action sci fi
1677,Critical Care,Comedy Drama,1997.0,,critical care comedy drama
1678,"Joy Luck Club, The",Drama Romance,1993.0,,joy luck club the drama romance
1679,Chairman of the Board,Comedy,1998.0,,chairman of the board comedy
1680,Sliding Doors,Drama Romance,1998.0,alternate universe,sliding doors drama romance alternate universe
1681,Mortal Kombat: Annihilation,Action Adventure Fantasy,1997.0,,mortal kombat annihilation action adventure fantasy
1682,"Truman Show, The",Comedy Drama Sci-Fi,1998.0,tv,truman show the comedy drama sci fi tv
1683,"Wings of the Dove, The",Drama Romance,1997.0,henry james,wings of the dove the drama romance henry james
1684,Mrs. Dalloway,Drama Romance,1997.0,,mrs dalloway drama romance
1685,"I Love You, I Love You Not",Drama Romance,1996.0,,i love you i love you not drama romance
1686,Red Corner,Crime Thriller,1997.0,,red corner crime thriller
1687,"Jackal, The",Action Thriller,1997.0,,jackal the action thriller
1688,Anastasia,Adventure Animation Children Drama Musical,1997.0,,anastasia adventure animation children drama musical
1689,"Man Who Knew Too Little, The",Comedy Crime Thriller,1997.0,,man who knew too little the comedy crime thriller
1690,Alien: Resurrection,Action Horror Sci-Fi,1997.0,,alien resurrection action horror sci fi
1693,Amistad,Drama Mystery,1997.0,,amistad drama mystery
1694,"Apostle, The",Drama,1997.0,,apostle the drama
1695,Artemisia,Drama,1997.0,,artemisia drama
1696,Bent,Drama War,1997.0,,bent drama war
1699,"Butcher Boy, The",Comedy Drama,1997.0,,butcher boy the comedy drama
1701,Deconstructing Harry,Comedy Drama,1997.0,,deconstructing harry comedy drama
1702,Flubber,Children Comedy Fantasy,1997.0,,flubber children comedy fantasy
1703,For Richer or Poorer,Comedy,1997.0,,for richer or poorer comedy
1704,Good Will Hunting,Drama Romance,1997.0,inspirational heartwarming inspirational,good will hunting drama romance inspirational heartwarming inspirational
1707,Home Alone 3,Children Comedy,1997.0,,home alone 3 children comedy
1711,Midnight in the Garden of Good and Evil,Crime Drama Mystery,1997.0,savannah,midnight in the garden of good and evil crime drama mystery savannah
1713,Mouse Hunt,Children Comedy,1997.0,,mouse hunt children comedy
1717,Scream 2,Comedy Horror Mystery Thriller,1997.0,sequel slasher spoof,scream 2 comedy horror mystery thriller sequel slasher spoof
1718,Stranger in the House,Thriller,1997.0,,stranger in the house thriller
1719,"Sweet Hereafter, The",Drama,1997.0,canada death,sweet hereafter the drama canada death
1721,Titanic,Drama Romance,1997.0,shipwreck romance,titanic drama romance shipwreck romance
1722,Tomorrow Never Dies,Action Adventure Thriller,1997.0,,tomorrow never dies action adventure thriller
1726,"Postman, The",Action Adventure Drama Sci-Fi,1997.0,kevin costner post apocalyptic,postman the action adventure drama sci fi kevin costner post apocalyptic
1727,"Horse Whisperer, The",Drama Romance,1998.0,,horse whisperer the drama romance
1729,Jackie Brown,Crime Drama Thriller,1997.0,,jackie brown crime drama thriller
1730,Kundun,Drama,1997.0,,kundun drama
1731,Mr. Magoo,Comedy,1997.0,,mr magoo comedy
1732,"Big Lebowski, The",Comedy Crime,1998.0,coen brothers black comedy bowling classic coen brothers comedy crime cult classic cult film dark comedy deadpan drugs funny great dialogue great soundtrack highly quotable imdb top 250 jeff bridges john goodman julianne moore kidnapping marijuana nudity (full frontal) off-beat comedy philip seymour hoffman quirky ransom rug sarcasm satirical steve buscemi violence,big lebowski the comedy crime coen brothers black comedy bowling classic coen brothers comedy crime cult classic cult film dark comedy deadpan drugs funny great dialogue great soundtrack highly quotable imdb top 250 jeff bridges john goodman julianne moore kidnapping marijuana nudity full frontal off beat comedy philip seymour hoffman quirky ransom rug sarcasm satirical steve buscemi violence
1733,Afterglow,Drama Romance,1997.0,,afterglow drama romance
1734,My Life in Pink (Ma vie en rose),Comedy Drama,1997.0,,my life in pink ma vie en rose comedy drama
1735,Great Expectations,Drama Romance,1998.0,charles dickens,great expectations drama romance charles dickens
1739,3 Ninjas: High Noon On Mega Mountain,Action Children Comedy,1998.0,,3 ninjas high noon on mega mountain action children comedy
1746,Senseless,Comedy,1998.0,,senseless comedy
1747,Wag the Dog,Comedy,1997.0,,wag the dog comedy
1748,Dark City,Adventure Film-Noir Sci-Fi Thriller,1998.0,amnesia,dark city adventure film noir sci fi thriller amnesia
1752,Hard Rain,Action Crime Thriller,1998.0,,hard rain action crime thriller
1753,Half Baked,Comedy,1998.0,,half baked comedy
1754,Fallen,Crime Drama Fantasy Thriller,1998.0,,fallen crime drama fantasy thriller
1755,Shooting Fish,Comedy Romance,1997.0,,shooting fish comedy romance
1757,Fallen Angels (Duo luo tian shi),Drama Romance,1995.0,,fallen angels duo luo tian shi drama romance
1759,"Four Days in September (O Que É Isso, Companheiro?)",Drama,1997.0,,four days in september o que isso companheiro drama
1760,Spice World,Comedy,1997.0,,spice world comedy
1762,Deep Rising,Action Horror Sci-Fi,1998.0,,deep rising action horror sci fi
1767,Music From Another Room,Drama Romance,1998.0,,music from another room drama romance
1769,"Replacement Killers, The",Action Crime Thriller,1998.0,,replacement killers the action crime thriller
1770,B. Monkey,Crime Romance Thriller,1998.0,,b monkey crime romance thriller
1771,Night Flier,Horror,1997.0,,night flier horror
1772,Blues Brothers 2000,Action Comedy Musical,1998.0,,blues brothers 2000 action comedy musical
1777,"Wedding Singer, The",Comedy Romance,1998.0,1980s,wedding singer the comedy romance 1980s
1779,Sphere,Sci-Fi Thriller,1998.0,good,sphere sci fi thriller good
1783,Palmetto,Crime Drama Mystery Romance Thriller,1998.0,,palmetto crime drama mystery romance thriller
1784,As Good as It Gets,Comedy Drama Romance,1997.0,,as good as it gets comedy drama romance
1785,King of New York,Crime Thriller,1990.0,,king of new york crime thriller
1791,Twilight,Crime Drama Thriller,1998.0,,twilight crime drama thriller
1792,U.S. Marshals,Action Crime Thriller,1998.0,,u s marshals action crime thriller
1793,Welcome to Woop-Woop,Comedy,1997.0,,welcome to woop woop comedy
1794,Love and Death on Long Island,Comedy Drama,1997.0,,love and death on long island comedy drama
1797,Everest,Documentary IMAX,1998.0,in netflix queue,everest documentary imax in netflix queue
1798,Hush,Thriller,1998.0,,hush thriller
1799,Suicide Kings,Comedy Crime Drama Mystery Thriller,1997.0,,suicide kings comedy crime drama mystery thriller
1801,"Man in the Iron Mask, The",Action Adventure Drama,1998.0,seen more than once,man in the iron mask the action adventure drama seen more than once
1804,"Newton Boys, The",Crime Drama,1998.0,,newton boys the crime drama
1805,Wild Things,Crime Drama Mystery Thriller,1998.0,,wild things crime drama mystery thriller
1806,Paulie,Adventure Children Comedy,1998.0,,paulie adventure children comedy
1807,"Cool, Dry Place, A",Drama,1998.0,,cool dry place a drama
1809,Fireworks (Hana-bi),Crime Drama,1997.0,,fireworks hana bi crime drama
1810,Primary Colors,Comedy Drama,1998.0,politics,primary colors comedy drama politics
1812,Wide Awake,Children Comedy Drama,1998.0,,wide awake children comedy drama
1816,Two Girls and a Guy,Comedy Drama,1997.0,,two girls and a guy comedy drama
1821,"Object of My Affection, The",Comedy Romance,1998.0,,object of my affection the comedy romance
1824,Homegrown,Comedy Thriller,1998.0,,homegrown comedy thriller
1825,The Players Club,Comedy Drama,1998.0,,the players club comedy drama
1826,Barney's Great Adventure,Adventure Children,1998.0,,barney s great adventure adventure children
1827,"Big One, The",Comedy Documentary,1997.0,,big one the comedy documentary
1829,Chinese Box,Drama Romance,1997.0,,chinese box drama romance
1831,Lost in Space,Action Adventure Sci-Fi,1998.0,,lost in space action adventure sci fi
1833,Mercury Rising,Action Drama Thriller,1998.0,,mercury rising action drama thriller
1834,"Spanish Prisoner, The",Crime Drama Mystery Thriller,1997.0,twist ending,spanish prisoner the crime drama mystery thriller twist ending
1835,City of Angels,Drama Fantasy Romance,1998.0,,city of angels drama fantasy romance
1836,"Last Days of Disco, The",Comedy Drama,1998.0,no dvd at netflix,last days of disco the comedy drama no dvd at netflix
1837,"Odd Couple II, The",Comedy,1998.0,,odd couple ii the comedy
1839,My Giant,Comedy,1998.0,,my giant comedy
1840,He Got Game,Drama,1998.0,,he got game drama
1841,"Gingerbread Man, The",Drama Thriller,1998.0,,gingerbread man the drama thriller
1844,Live Flesh (Carne trémula),Drama Romance,1997.0,,live flesh carne tr mula drama romance
1845,Zero Effect,Comedy Mystery Thriller,1998.0,,zero effect comedy mystery thriller
1848,"Borrowers, The",Adventure Children Comedy Fantasy,1997.0,,borrowers the adventure children comedy fantasy
1855,Krippendorf's Tribe,Comedy,1998.0,,krippendorf s tribe comedy
1856,Kurt & Courtney,Documentary,1998.0,,kurt courtney documentary
1857,"Real Blonde, The",Comedy,1997.0,,real blonde the comedy
1858,Mr. Nice Guy (Yat goh ho yan),Action Comedy,1997.0,,mr nice guy yat goh ho yan action comedy
1859,Taste of Cherry (Ta'm e guilass),Drama,1997.0,,taste of cherry ta m e guilass drama
1860,Character (Karakter),Drama,1997.0,,character karakter drama
1862,Species II,Horror Sci-Fi,1998.0,,species ii horror sci fi
1863,Major League: Back to the Minors,Comedy,1998.0,,major league back to the minors comedy
1866,"Big Hit, The",Action Comedy Crime,1998.0,,big hit the action comedy crime
1867,Tarzan and the Lost City,Action Adventure,1998.0,,tarzan and the lost city action adventure
1870,"Dancer, Texas Pop. 81",Comedy Drama,1998.0,,dancer texas pop 81 comedy drama
1873,"Misérables, Les",Crime Drama Romance War,1998.0,,mis rables les crime drama romance war
1875,Clockwatchers,Comedy,1997.0,,clockwatchers comedy
1876,Deep Impact,Drama Sci-Fi Thriller,1998.0,,deep impact drama sci fi thriller
1881,Quest for Camelot,Adventure Animation Children Fantasy Musical,1998.0,,quest for camelot adventure animation children fantasy musical
1882,Godzilla,Action Sci-Fi Thriller,1998.0,,godzilla action sci fi thriller
1883,Bulworth,Comedy Drama Romance,1998.0,,bulworth comedy drama romance
1884,Fear and Loathing in Las Vegas,Adventure Comedy Drama,1998.0,,fear and loathing in las vegas adventure comedy drama
1885,"Opposite of Sex, The",Comedy Drama Romance,1998.0,,opposite of sex the comedy drama romance
1887,Almost Heroes,Adventure Comedy Western,1998.0,,almost heroes adventure comedy western
1888,Hope Floats,Comedy Drama Romance,1998.0,,hope floats comedy drama romance
1889,Insomnia,Drama Mystery Thriller,1997.0,,insomnia drama mystery thriller
1891,"Ugly, The",Horror Thriller,1997.0,,ugly the horror thriller
1892,"Perfect Murder, A",Thriller,1998.0,,perfect murder a thriller
1893,Beyond Silence (Jenseits der Stille),Drama,1996.0,in netflix queue,beyond silence jenseits der stille drama in netflix queue
1894,Six Days Seven Nights,Adventure Comedy Romance,1998.0,,six days seven nights adventure comedy romance
1895,Can't Hardly Wait,Comedy Drama Romance,1998.0,,can t hardly wait comedy drama romance
1897,High Art,Drama Romance,1998.0,,high art drama romance
1900,"Children of Heaven, The (Bacheha-Ye Aseman)",Comedy Drama,1997.0,in netflix queue,children of heaven the bacheha ye aseman comedy drama in netflix queue
1902,Dream for an Insomniac,Drama Romance,1996.0,generation x,dream for an insomniac drama romance generation x
1904,Henry Fool,Comedy Drama,1997.0,,henry fool comedy drama
1906,Mr. Jealousy,Comedy Romance,1997.0,,mr jealousy comedy romance
1907,Mulan,Adventure Animation Children Comedy Drama Musical Romance,1998.0,,mulan adventure animation children comedy drama musical romance
1909,"X-Files: Fight the Future, The",Action Crime Mystery Sci-Fi Thriller,1998.0,conspiracy,x files fight the future the action crime mystery sci fi thriller conspiracy
1910,I Went Down,Comedy Crime Drama,1997.0,,i went down comedy crime drama
1911,Dr. Dolittle,Comedy,1998.0,,dr dolittle comedy
1912,Out of Sight,Comedy Crime Drama Romance Thriller,1998.0,heist,out of sight comedy crime drama romance thriller heist
1913,Picnic at Hanging Rock,Drama Mystery,1975.0,australia,picnic at hanging rock drama mystery australia
1914,Smoke Signals,Comedy Drama,1998.0,,smoke signals comedy drama
1916,Buffalo '66 (a.k.a. Buffalo 66),Drama Romance,1998.0,avant-garde romantic comedy elegiac melancholy quirky wry,buffalo 66 a k a buffalo 66 drama romance avant garde romantic comedy elegiac melancholy quirky wry
1917,Armageddon,Action Romance Sci-Fi Thriller,1998.0,space,armageddon action romance sci fi thriller space
1918,Lethal Weapon 4,Action Comedy Crime Thriller,1998.0,,lethal weapon 4 action comedy crime thriller
1919,Madeline,Children Comedy,1998.0,,madeline children comedy
1920,Small Soldiers,Animation Children Fantasy War,1998.0,,small soldiers animation children fantasy war
1921,Pi,Drama Sci-Fi Thriller,1998.0,hallucinatory mental illness mindfuck paranoid mathematics artsy atmospheric cerebral enigmatic existentialism hallucinatory insanity paranoia paranoid surreal tense visually appealing,pi drama sci fi thriller hallucinatory mental illness mindfuck paranoid mathematics artsy atmospheric cerebral enigmatic existentialism hallucinatory insanity paranoia paranoid surreal tense visually appealing
1922,Whatever,Drama,1998.0,,whatever drama
1923,There's Something About Mary,Comedy Romance,1998.0,ben stiller ben stiller crude humor goofy,there s something about mary comedy romance ben stiller ben stiller crude humor goofy
1924,Plan 9 from Outer Space,Horror Sci-Fi,1959.0,,plan 9 from outer space horror sci fi
1926,"Broadway Melody, The",Musical,1929.0,,broadway melody the musical
1927,All Quiet on the Western Front,Action Drama War,1930.0,,all quiet on the western front action drama war
1928,Cimarron,Drama Western,1931.0,,cimarron drama western
1929,Grand Hotel,Drama Romance,1932.0,,grand hotel drama romance
1931,Mutiny on the Bounty,Adventure Drama,1935.0,ships,mutiny on the bounty adventure drama ships
1932,"Great Ziegfeld, The",Drama Musical,1936.0,,great ziegfeld the drama musical
1933,"Life of Emile Zola, The",Drama,1937.0,,life of emile zola the drama
1934,You Can't Take It with You,Comedy Romance,1938.0,,you can t take it with you comedy romance
1936,Mrs. Miniver,Drama War,1942.0,,mrs miniver drama war
1937,Going My Way,Comedy Drama Musical,1944.0,,going my way comedy drama musical
1938,"Lost Weekend, The",Drama,1945.0,alcoholism,lost weekend the drama alcoholism
1939,"Best Years of Our Lives, The",Drama War,1946.0,,best years of our lives the drama war
1940,Gentleman's Agreement,Drama,1947.0,anti-semitism judaism,gentleman s agreement drama anti semitism judaism
1941,Hamlet,Drama,1948.0,,hamlet drama
1942,All the King's Men,Drama,1949.0,huey long in netflix queue robert penn warren,all the king s men drama huey long in netflix queue robert penn warren
1944,From Here to Eternity,Drama Romance War,1953.0,,from here to eternity drama romance war
1945,On the Waterfront,Crime Drama,1954.0,boxing coulda been a contender,on the waterfront crime drama boxing coulda been a contender
1946,Marty,Drama Romance,1955.0,,marty drama romance
1947,West Side Story,Drama Musical Romance,1961.0,gangs,west side story drama musical romance gangs
1948,Tom Jones,Adventure Comedy Romance,1963.0,british,tom jones adventure comedy romance british
1949,"Man for All Seasons, A",Drama,1966.0,,man for all seasons a drama
1950,In the Heat of the Night,Drama Mystery,1967.0,racism,in the heat of the night drama mystery racism
1951,Oliver!,Drama Musical,1968.0,dickens,oliver drama musical dickens
1952,Midnight Cowboy,Drama,1969.0,prostitution,midnight cowboy drama prostitution
1953,"French Connection, The",Action Crime Thriller,1971.0,drugs police,french connection the action crime thriller drugs police
1954,Rocky,Drama,1976.0,boxing sports,rocky drama boxing sports
1955,Kramer vs. Kramer,Drama,1979.0,divorce,kramer vs kramer drama divorce
1956,Ordinary People,Drama,1980.0,,ordinary people drama
1957,Chariots of Fire,Drama,1981.0,olympics sports,chariots of fire drama olympics sports
1958,Terms of Endearment,Comedy Drama,1983.0,,terms of endearment comedy drama
1959,Out of Africa,Drama Romance,1985.0,adultery africa,out of africa drama romance adultery africa
1960,"Last Emperor, The",Drama,1987.0,china,last emperor the drama china
1961,Rain Man,Drama,1988.0,autism,rain man drama autism
1962,Driving Miss Daisy,Drama,1989.0,rasicm,driving miss daisy drama rasicm
1963,Take the Money and Run,Comedy Crime,1969.0,,take the money and run comedy crime
1964,Klute,Drama Mystery,1971.0,,klute drama mystery
1965,Repo Man,Comedy Sci-Fi,1984.0,,repo man comedy sci fi
1966,Metropolitan,Comedy,1990.0,,metropolitan comedy
1967,Labyrinth,Adventure Fantasy Musical,1986.0,,labyrinth adventure fantasy musical
1968,"Breakfast Club, The",Comedy Drama,1985.0,,breakfast club the comedy drama
1969,"Nightmare on Elm Street 2: Freddy's Revenge, A",Horror,1985.0,,nightmare on elm street 2 freddy s revenge a horror
1970,"Nightmare on Elm Street 3: Dream Warriors, A",Horror Thriller,1987.0,,nightmare on elm street 3 dream warriors a horror thriller
1971,"Nightmare on Elm Street 4: The Dream Master, A",Horror Thriller,1988.0,,nightmare on elm street 4 the dream master a horror thriller
1972,"Nightmare on Elm Street 5: The Dream Child, A",Horror,1989.0,,nightmare on elm street 5 the dream child a horror
1973,"Freddy's Dead: The Final Nightmare (Nightmare on Elm Street Part 6: Freddy's Dead, A)",Horror,1991.0,,freddy s dead the final nightmare nightmare on elm street part 6 freddy s dead a horror
1974,Friday the 13th,Horror Mystery Thriller,1980.0,,friday the 13th horror mystery thriller
1975,Friday the 13th Part 2,Horror,1981.0,jason,friday the 13th part 2 horror jason
1976,Friday the 13th Part 3: 3D,Horror,1982.0,jason,friday the 13th part 3 3d horror jason
1977,Friday the 13th Part IV: The Final Chapter,Horror,1984.0,jason,friday the 13th part iv the final chapter horror jason
1978,Friday the 13th Part V: A New Beginning,Horror,1985.0,jason,friday the 13th part v a new beginning horror jason
1979,Friday the 13th Part VI: Jason Lives,Horror,1986.0,jason,friday the 13th part vi jason lives horror jason
1980,Friday the 13th Part VII: The New Blood,Horror,1988.0,,friday the 13th part vii the new blood horror
1981,Friday the 13th Part VIII: Jason Takes Manhattan,Horror,1989.0,,friday the 13th part viii jason takes manhattan horror
1982,Halloween,Horror,1978.0,,halloween horror
1983,Halloween II,Horror,1981.0,halloween,halloween ii horror halloween
1984,Halloween III: Season of the Witch,Horror,1982.0,halloween,halloween iii season of the witch horror halloween
1985,Halloween 4: The Return of Michael Myers,Horror,1988.0,,halloween 4 the return of michael myers horror
1986,Halloween 5: The Revenge of Michael Myers,Horror,1989.0,,halloween 5 the revenge of michael myers horror
1987,Prom Night,Horror,1980.0,,prom night horror
1990,Prom Night IV: Deliver Us From Evil,Horror,1992.0,,prom night iv deliver us from evil horror
1991,Child's Play,Horror Thriller,1988.0,,child s play horror thriller
1992,Child's Play 2,Horror Thriller,1990.0,,child s play 2 horror thriller
1993,Child's Play 3,Comedy Horror Thriller,1991.0,,child s play 3 comedy horror thriller
1994,Poltergeist,Horror Thriller,1982.0,ghosts,poltergeist horror thriller ghosts
1995,Poltergeist II: The Other Side,Horror Thriller,1986.0,ghosts,poltergeist ii the other side horror thriller ghosts
1996,Poltergeist III,Horror Thriller,1988.0,ghosts,poltergeist iii horror thriller ghosts
1997,"Exorcist, The",Horror Mystery,1973.0,demons,exorcist the horror mystery demons
1998,Exorcist II: The Heretic,Horror,1977.0,,exorcist ii the heretic horror
1999,"Exorcist III, The",Horror,1990.0,,exorcist iii the horror
2000,Lethal Weapon,Action Comedy Crime Drama,1987.0,,lethal weapon action comedy crime drama
2001,Lethal Weapon 2,Action Comedy Crime Drama,1989.0,,lethal weapon 2 action comedy crime drama
2002,Lethal Weapon 3,Action Comedy Crime Drama,1992.0,,lethal weapon 3 action comedy crime drama
2003,Gremlins,Comedy Horror,1984.0,,gremlins comedy horror
2004,Gremlins 2: The New Batch,Comedy Horror,1990.0,,gremlins 2 the new batch comedy horror
2005,"Goonies, The",Action Adventure Children Comedy Fantasy,1985.0,,goonies the action adventure children comedy fantasy
2006,"Mask of Zorro, The",Action Comedy Romance,1998.0,california mexico,mask of zorro the action comedy romance california mexico
2007,Polish Wedding,Comedy,1998.0,,polish wedding comedy
2008,"This World, Then the Fireworks",Crime Drama Film-Noir,1997.0,,this world then the fireworks crime drama film noir
2009,Soylent Green,Drama Mystery Sci-Fi Thriller,1973.0,,soylent green drama mystery sci fi thriller
2010,Metropolis,Drama Sci-Fi,1927.0,,metropolis drama sci fi
2011,Back to the Future Part II,Adventure Comedy Sci-Fi,1989.0,time travel,back to the future part ii adventure comedy sci fi time travel
2012,Back to the Future Part III,Adventure Comedy Sci-Fi Western,1990.0,,back to the future part iii adventure comedy sci fi western
2013,"Poseidon Adventure, The",Action Adventure Drama,1972.0,,poseidon adventure the action adventure drama
2014,Freaky Friday,Children Comedy Fantasy,1977.0,,freaky friday children comedy fantasy
2015,"Absent-Minded Professor, The",Children Comedy Fantasy,1961.0,,absent minded professor the children comedy fantasy
2016,"Apple Dumpling Gang Rides Again, The",Children Comedy Western,1979.0,,apple dumpling gang rides again the children comedy western
2017,Babes in Toyland,Children Fantasy Musical,1961.0,,babes in toyland children fantasy musical
2018,Bambi,Animation Children Drama,1942.0,,bambi animation children drama
2019,Seven Samurai (Shichinin no samurai),Action Adventure Drama,1954.0,samurai,seven samurai shichinin no samurai action adventure drama samurai
2020,Dangerous Liaisons,Drama Romance,1988.0,adultery,dangerous liaisons drama romance adultery
2021,Dune,Adventure Sci-Fi,1984.0,,dune adventure sci fi
2022,"Last Temptation of Christ, The",Drama,1988.0,bible katzanzakis,last temptation of christ the drama bible katzanzakis
2023,"Godfather: Part III, The",Crime Drama Mystery Thriller,1990.0,al pacino andy garcia classic francis ford coppola mafia,godfather part iii the crime drama mystery thriller al pacino andy garcia classic francis ford coppola mafia
2024,"Rapture, The",Drama Mystery,1991.0,,rapture the drama mystery
2025,Lolita,Drama Romance,1997.0,,lolita drama romance
2026,Disturbing Behavior,Horror Thriller,1998.0,,disturbing behavior horror thriller
2027,Jane Austen's Mafia!,Comedy Crime,1998.0,,jane austen s mafia comedy crime
2028,Saving Private Ryan,Action Drama War,1998.0,world war ii,saving private ryan action drama war world war ii
2032,"Barefoot Executive, The",Children Comedy,1971.0,,barefoot executive the children comedy
2033,"Black Cauldron, The",Adventure Animation Children Fantasy,1985.0,,black cauldron the adventure animation children fantasy
2034,"Black Hole, The",Children Sci-Fi,1979.0,,black hole the children sci fi
2035,Blackbeard's Ghost,Children Comedy,1968.0,,blackbeard s ghost children comedy
2036,Blank Check,Children Comedy,1994.0,,blank check children comedy
2037,Candleshoe,Adventure Children Comedy,1977.0,,candleshoe adventure children comedy
2038,"Cat from Outer Space, The",Children Comedy Sci-Fi,1978.0,,cat from outer space the children comedy sci fi
2040,"Computer Wore Tennis Shoes, The",Children Comedy,1969.0,,computer wore tennis shoes the children comedy
2041,Condorman,Action Adventure Children Comedy,1981.0,,condorman action adventure children comedy
2042,D2: The Mighty Ducks,Children Comedy,1994.0,,d2 the mighty ducks children comedy
2043,Darby O'Gill and the Little People,Adventure Children Fantasy,1959.0,,darby o gill and the little people adventure children fantasy
2044,"Devil and Max Devlin, The",Comedy Fantasy,1981.0,,devil and max devlin the comedy fantasy
2046,Flight of the Navigator,Adventure Children Sci-Fi,1986.0,,flight of the navigator adventure children sci fi
2048,"Great Mouse Detective, The",Action Animation Children Crime,1986.0,,great mouse detective the action animation children crime
2050,Herbie Goes Bananas,Adventure Children Comedy,1980.0,,herbie goes bananas adventure children comedy
2051,Herbie Goes to Monte Carlo,Adventure Children Comedy,1977.0,,herbie goes to monte carlo adventure children comedy
2052,Hocus Pocus,Children Comedy Fantasy Horror,1993.0,,hocus pocus children comedy fantasy horror
2053,"Honey, I Blew Up the Kid",Children Comedy Sci-Fi,1992.0,,honey i blew up the kid children comedy sci fi
2054,"Honey, I Shrunk the Kids",Adventure Children Comedy Fantasy Sci-Fi,1989.0,disney,honey i shrunk the kids adventure children comedy fantasy sci fi disney
2055,Hot Lead and Cold Feet,Action Comedy Western,1978.0,,hot lead and cold feet action comedy western
2056,In Search of the Castaways,Adventure Children,1962.0,,in search of the castaways adventure children
2057,"Incredible Journey, The",Adventure Children,1963.0,,incredible journey the adventure children
2058,"Negotiator, The",Action Crime Drama Mystery Thriller,1998.0,police,negotiator the action crime drama mystery thriller police
2059,"Parent Trap, The",Children Comedy Romance,1998.0,twins,parent trap the children comedy romance twins
2060,BASEketball,Comedy,1998.0,,baseketball comedy
2064,Roger & Me,Documentary,1989.0,general motors michigan,roger me documentary general motors michigan
2065,"Purple Rose of Cairo, The",Comedy Drama Fantasy Romance,1985.0,in netflix queue,purple rose of cairo the comedy drama fantasy romance in netflix queue
2066,Out of the Past,Film-Noir,1947.0,memory,out of the past film noir memory
2067,Doctor Zhivago,Drama Romance War,1965.0,,doctor zhivago drama romance war
2068,Fanny and Alexander (Fanny och Alexander),Drama Fantasy Mystery,1982.0,,fanny and alexander fanny och alexander drama fantasy mystery
2069,"Trip to Bountiful, The",Drama,1985.0,,trip to bountiful the drama
2070,Tender Mercies,Drama Romance Western,1983.0,music,tender mercies drama romance western music
2071,And the Band Played On,Drama,1993.0,aids in netflix queue,and the band played on drama aids in netflix queue
2072,"'burbs, The",Comedy,1989.0,,burbs the comedy
2073,Fandango,Comedy,1985.0,,fandango comedy
2074,"Night Porter, The (Portiere di notte, Il)",Crime Drama Romance,1974.0,,night porter the portiere di notte il crime drama romance
2075,Mephisto,Drama War,1981.0,,mephisto drama war
2076,Blue Velvet,Drama Mystery Thriller,1986.0,sexuality suburbia,blue velvet drama mystery thriller sexuality suburbia
2077,"Journey of Natty Gann, The",Adventure Children,1985.0,,journey of natty gann the adventure children
2078,"Jungle Book, The",Animation Children Comedy Musical,1967.0,disney,jungle book the animation children comedy musical disney
2080,Lady and the Tramp,Animation Children Comedy Romance,1955.0,disney,lady and the tramp animation children comedy romance disney
2081,"Little Mermaid, The",Animation Children Comedy Musical Romance,1989.0,,little mermaid the animation children comedy musical romance
2082,"Mighty Ducks, The",Children Comedy,1992.0,,mighty ducks the children comedy
2083,"Muppet Christmas Carol, The",Children Comedy Musical,1992.0,,muppet christmas carol the children comedy musical
2084,Newsies,Children Musical,1992.0,,newsies children musical
2085,101 Dalmatians (One Hundred and One Dalmatians),Adventure Animation Children,1961.0,disney,101 dalmatians one hundred and one dalmatians adventure animation children disney
2087,Peter Pan,Animation Children Fantasy Musical,1953.0,,peter pan animation children fantasy musical
2088,Popeye,Adventure Comedy Musical,1980.0,,popeye adventure comedy musical
2089,"Rescuers Down Under, The",Adventure Animation Children,1990.0,,rescuers down under the adventure animation children
2090,"Rescuers, The",Adventure Animation Children Crime Drama,1977.0,,rescuers the adventure animation children crime drama
2091,Return from Witch Mountain,Children Sci-Fi,1978.0,,return from witch mountain children sci fi
2092,"Return of Jafar, The",Adventure Animation Children Fantasy Musical Romance,1994.0,,return of jafar the adventure animation children fantasy musical romance
2093,Return to Oz,Adventure Children Fantasy,1985.0,,return to oz adventure children fantasy
2094,"Rocketeer, The",Action Adventure Sci-Fi,1991.0,,rocketeer the action adventure sci fi
2095,"Shaggy D.A., The",Children Comedy,1976.0,,shaggy d a the children comedy
2096,Sleeping Beauty,Animation Children Musical,1959.0,,sleeping beauty animation children musical
2097,Something Wicked This Way Comes,Children Drama Fantasy Mystery Thriller,1983.0,carnival ray bradbury,something wicked this way comes children drama fantasy mystery thriller carnival ray bradbury
2098,Son of Flubber,Children Comedy,1963.0,,son of flubber children comedy
2099,Song of the South,Adventure Animation Children Musical,1946.0,,song of the south adventure animation children musical
2100,Splash,Comedy Fantasy Romance,1984.0,mermaid,splash comedy fantasy romance mermaid
2102,Steamboat Willie,Animation Children Comedy Musical,1928.0,,steamboat willie animation children comedy musical
2103,Tall Tale,Adventure Children Fantasy Western,1995.0,,tall tale adventure children fantasy western
2104,Tex,Drama,1982.0,,tex drama
2105,Tron,Action Adventure Sci-Fi,1982.0,,tron action adventure sci fi
2106,Swing Kids,Drama War,1993.0,,swing kids drama war
2107,Halloween H20: 20 Years Later (Halloween 7: The Revenge of Laurie Strode),Horror Thriller,1998.0,,halloween h20 20 years later halloween 7 the revenge of laurie strode horror thriller
2108,L.A. Story,Comedy Romance,1991.0,weather forecaster,l a story comedy romance weather forecaster
2109,"Jerk, The",Comedy,1979.0,,jerk the comedy
2110,Dead Men Don't Wear Plaid,Comedy Crime Thriller,1982.0,,dead men don t wear plaid comedy crime thriller
2111,"Man with Two Brains, The",Comedy,1983.0,,man with two brains the comedy
2112,Grand Canyon,Crime Drama,1991.0,,grand canyon crime drama
2114,"Outsiders, The",Drama,1983.0,s.e. hinton,outsiders the drama s e hinton
2115,Indiana Jones and the Temple of Doom,Action Adventure Fantasy,1984.0,archaeology,indiana jones and the temple of doom action adventure fantasy archaeology
2116,"Lord of the Rings, The",Adventure Animation Children Fantasy,1978.0,tolkein classic,lord of the rings the adventure animation children fantasy tolkein classic
2117,1984 (Nineteen Eighty-Four),Drama Sci-Fi,1984.0,,1984 nineteen eighty four drama sci fi
2118,"Dead Zone, The",Thriller,1983.0,stephen king,dead zone the thriller stephen king
2119,Maximum Overdrive,Horror,1986.0,,maximum overdrive horror
2120,Needful Things,Drama Horror,1993.0,,needful things drama horror
2121,Cujo,Horror Thriller,1983.0,stephen king,cujo horror thriller stephen king
2122,Children of the Corn,Horror Thriller,1984.0,stephen king,children of the corn horror thriller stephen king
2123,All Dogs Go to Heaven,Animation Children Comedy Drama Fantasy,1989.0,,all dogs go to heaven animation children comedy drama fantasy
2124,"Addams Family, The",Children Comedy Fantasy,1991.0,black comedy christina ricci christopher lloyd family gothic quirky,addams family the children comedy fantasy black comedy christina ricci christopher lloyd family gothic quirky
2125,Ever After: A Cinderella Story,Comedy Drama Romance,1998.0,,ever after a cinderella story comedy drama romance
2126,Snake Eyes,Action Crime Mystery Thriller,1998.0,,snake eyes action crime mystery thriller
2130,Atlantic City,Crime Drama Romance,1980.0,,atlantic city crime drama romance
2131,Autumn Sonata (Höstsonaten),Drama,1978.0,,autumn sonata h stsonaten drama
2132,Who's Afraid of Virginia Woolf?,Drama,1966.0,,who s afraid of virginia woolf drama
2133,Adventures in Babysitting,Adventure Comedy,1987.0,,adventures in babysitting adventure comedy
2134,Weird Science,Comedy Fantasy Sci-Fi,1985.0,,weird science comedy fantasy sci fi
2135,Doctor Dolittle,Adventure Children Musical,1967.0,,doctor dolittle adventure children musical
2136,"Nutty Professor, The",Comedy Sci-Fi,1963.0,,nutty professor the comedy sci fi
2137,Charlotte's Web,Animation Children,1973.0,,charlotte s web animation children
2138,Watership Down,Adventure Animation Children Drama Fantasy,1978.0,atmospheric beautiful,watership down adventure animation children drama fantasy atmospheric beautiful
2139,"Secret of NIMH, The",Adventure Animation Children Drama,1982.0,mice,secret of nimh the adventure animation children drama mice
2140,"Dark Crystal, The",Adventure Fantasy,1982.0,,dark crystal the adventure fantasy
2141,"American Tail, An",Adventure Animation Children Comedy,1986.0,,american tail an adventure animation children comedy
2142,"American Tail: Fievel Goes West, An",Adventure Animation Children Musical Western,1991.0,,american tail fievel goes west an adventure animation children musical western
2143,Legend,Adventure Fantasy Romance,1985.0,,legend adventure fantasy romance
2144,Sixteen Candles,Comedy Romance,1984.0,,sixteen candles comedy romance
2145,Pretty in Pink,Comedy Drama Romance,1986.0,1980s high school,pretty in pink comedy drama romance 1980s high school
2146,St. Elmo's Fire,Drama Romance,1985.0,post-college,st elmo s fire drama romance post college
2147,"Clan of the Cave Bear, The",Adventure Drama Fantasy,1986.0,,clan of the cave bear the adventure drama fantasy
2148,House,Comedy Fantasy Horror,1986.0,,house comedy fantasy horror
2149,House II: The Second Story,Comedy Fantasy Horror,1987.0,,house ii the second story comedy fantasy horror
2150,"Gods Must Be Crazy, The",Adventure Comedy,1980.0,,gods must be crazy the adventure comedy
2151,"Gods Must Be Crazy II, The",Comedy,1989.0,,gods must be crazy ii the comedy
2152,Air Bud: Golden Receiver,Children Comedy,1998.0,,air bud golden receiver children comedy
2153,"Avengers, The",Action Adventure,1998.0,,avengers the action adventure
2154,How Stella Got Her Groove Back,Drama Romance,1998.0,,how stella got her groove back drama romance
2155,"Slums of Beverly Hills, The",Comedy Drama,1998.0,,slums of beverly hills the comedy drama
2156,"Best Man, The (Testimone dello sposo, Il)",Comedy Drama Romance,1998.0,,best man the testimone dello sposo il comedy drama romance
2159,Henry: Portrait of a Serial Killer,Crime Horror Thriller,1986.0,,henry portrait of a serial killer crime horror thriller
2160,Rosemary's Baby,Drama Horror Thriller,1968.0,atmospheric creepy paranoia scary suspense demons,rosemary s baby drama horror thriller atmospheric creepy paranoia scary suspense demons
2161,"NeverEnding Story, The",Adventure Children Fantasy,1984.0,,neverending story the adventure children fantasy
2162,"NeverEnding Story II: The Next Chapter, The",Adventure Children Fantasy,1990.0,,neverending story ii the next chapter the adventure children fantasy
2163,Attack of the Killer Tomatoes!,Comedy Horror,1978.0,,attack of the killer tomatoes comedy horror
2164,Surf Nazis Must Die,Action Comedy Drama Horror,1987.0,,surf nazis must die action comedy drama horror
2165,Your Friends and Neighbors,Comedy Drama,1998.0,,your friends and neighbors comedy drama
2166,Return to Paradise,Crime Drama Romance Thriller,1998.0,,return to paradise crime drama romance thriller
2167,Blade,Action Horror Thriller,1998.0,vampires,blade action horror thriller vampires
2169,Dead Man on Campus,Comedy,1998.0,,dead man on campus comedy
2170,Wrongfully Accused,Action Comedy,1998.0,,wrongfully accused action comedy
2171,Next Stop Wonderland,Comedy Drama Romance,1998.0,aquarium boston personals ads,next stop wonderland comedy drama romance aquarium boston personals ads
2172,"Strike! (a.k.a. All I Wanna Do, The Hairy Bird)",Comedy Drama,1998.0,,strike a k a all i wanna do the hairy bird comedy drama
2174,Beetlejuice,Comedy Fantasy,1988.0,,beetlejuice comedy fantasy
2175,Déjà Vu,Drama Romance,1997.0,,d j vu drama romance
2176,Rope,Crime Drama Thriller,1948.0,,rope crime drama thriller
2177,Family Plot,Comedy Thriller,1976.0,,family plot comedy thriller
2178,Frenzy,Thriller,1972.0,,frenzy thriller
2179,Topaz,Thriller,1969.0,,topaz thriller
2180,Torn Curtain,Thriller,1966.0,,torn curtain thriller
2181,Marnie,Drama Mystery Romance Thriller,1964.0,,marnie drama mystery romance thriller
2182,"Wrong Man, The",Drama Film-Noir Thriller,1956.0,,wrong man the drama film noir thriller
2183,"Man Who Knew Too Much, The",Adventure Drama Mystery Thriller,1956.0,,man who knew too much the adventure drama mystery thriller
2184,"Trouble with Harry, The",Comedy Mystery,1955.0,,trouble with harry the comedy mystery
2185,I Confess,Thriller,1953.0,,i confess thriller
2186,Strangers on a Train,Crime Drama Film-Noir Thriller,1951.0,murder,strangers on a train crime drama film noir thriller murder
2187,Stage Fright,Mystery Romance Thriller,1950.0,theater,stage fright mystery romance thriller theater
2188,54,Drama,1998.0,,54 drama
2190,Why Do Fools Fall In Love?,Drama,1998.0,,why do fools fall in love drama
2193,Willow,Action Adventure Fantasy,1988.0,,willow action adventure fantasy
2194,"Untouchables, The",Action Crime Drama,1987.0,capone gangsters,untouchables the action crime drama capone gangsters
2195,Dirty Work,Comedy,1998.0,,dirty work comedy
2196,Knock Off,Action,1998.0,,knock off action
2201,"Paradine Case, The",Drama,1947.0,,paradine case the drama
2202,Lifeboat,Drama War,1944.0,survival,lifeboat drama war survival
2203,Shadow of a Doubt,Crime Drama Thriller,1943.0,small towns,shadow of a doubt crime drama thriller small towns
2204,Saboteur,Mystery Thriller,1942.0,,saboteur mystery thriller
2205,Mr. & Mrs. Smith,Comedy Romance,1941.0,,mr mrs smith comedy romance
2206,Suspicion,Film-Noir Mystery Thriller,1941.0,paranoia,suspicion film noir mystery thriller paranoia
2207,Jamaica Inn,Drama,1939.0,,jamaica inn drama
2208,"Lady Vanishes, The",Drama Mystery Thriller,1938.0,train,lady vanishes the drama mystery thriller train
2210,Sabotage,Thriller,1936.0,,sabotage thriller
2211,Secret Agent,Thriller,1936.0,,secret agent thriller
2212,"Man Who Knew Too Much, The",Drama Thriller,1934.0,,man who knew too much the drama thriller
2226,"Ring, The",Drama,1927.0,,ring the drama
2227,"Lodger: A Story of the London Fog, The",Crime Drama Thriller,1927.0,,lodger a story of the london fog the crime drama thriller
2231,Rounders,Drama,1998.0,,rounders drama
2232,Cube,Horror Mystery Sci-Fi Thriller,1997.0,,cube horror mystery sci fi thriller
2236,Simon Birch,Drama,1998.0,,simon birch drama
2239,Swept Away (Travolti da un insolito destino nell'azzurro mare d'Agosto),Comedy Drama,1975.0,,swept away travolti da un insolito destino nell azzurro mare d agosto comedy drama
2240,My Bodyguard,Drama,1980.0,,my bodyguard drama
2241,Class,Comedy,1983.0,,class comedy
2243,Broadcast News,Comedy Drama Romance,1987.0,journalism,broadcast news comedy drama romance journalism
2244,"Allnighter, The",Comedy Romance,1987.0,,allnighter the comedy romance
2245,Working Girl,Comedy Drama Romance,1988.0,,working girl comedy drama romance
2247,Married to the Mob,Comedy,1988.0,mafia,married to the mob comedy mafia
2248,Say Anything...,Comedy Drama Romance,1989.0,in your eyes lloyd dobbler,say anything comedy drama romance in your eyes lloyd dobbler
2249,My Blue Heaven,Comedy,1990.0,mafia,my blue heaven comedy mafia
2252,Hero,Comedy Drama,1992.0,,hero comedy drama
2253,Toys,Comedy Fantasy,1992.0,,toys comedy fantasy
2255,Young Doctors in Love,Comedy,1982.0,,young doctors in love comedy
2256,Parasite,Horror Sci-Fi,1982.0,,parasite horror sci fi
2257,No Small Affair,Comedy Romance,1984.0,,no small affair comedy romance
2259,Blame It on Rio,Comedy Romance,1984.0,,blame it on rio comedy romance
2260,Wisdom,Crime Drama,1986.0,,wisdom crime drama
2261,One Crazy Summer,Comedy,1986.0,,one crazy summer comedy
2262,About Last Night...,Comedy Drama Romance,1986.0,,about last night comedy drama romance
2263,"Seventh Sign, The",Drama Fantasy Thriller,1988.0,,seventh sign the drama fantasy thriller
2264,We're No Angels,Comedy Crime,1989.0,,we re no angels comedy crime
2265,Nothing But Trouble,Adventure Comedy,1991.0,,nothing but trouble adventure comedy
2266,"Butcher's Wife, The",Comedy Romance,1991.0,,butcher s wife the comedy romance
2267,Mortal Thoughts,Mystery Thriller,1991.0,,mortal thoughts mystery thriller
2268,"Few Good Men, A",Crime Drama Thriller,1992.0,court military,few good men a crime drama thriller court military
2269,Indecent Proposal,Drama Romance,1993.0,,indecent proposal drama romance
2271,Permanent Midnight,Drama,1998.0,,permanent midnight drama
2272,One True Thing,Drama,1998.0,,one true thing drama
2273,Rush Hour,Action Comedy Crime Thriller,1998.0,,rush hour action comedy crime thriller
2275,Six-String Samurai,Action Adventure Sci-Fi,1998.0,,six string samurai action adventure sci fi
2278,Ronin,Action Crime Thriller,1998.0,,ronin action crime thriller
2279,Urban Legend,Horror Thriller,1998.0,,urban legend horror thriller
2280,Clay Pigeons,Crime,1998.0,,clay pigeons crime
2281,Monument Ave.,Action Crime Drama,1998.0,,monument ave action crime drama
2282,Pecker,Comedy Drama,1998.0,,pecker comedy drama
2283,"Sheltering Sky, The",Drama,1990.0,,sheltering sky the drama
2286,"Fiendish Plot of Dr. Fu Manchu, The",Comedy,1980.0,,fiendish plot of dr fu manchu the comedy
2287,Them!,Horror Sci-Fi Thriller,1954.0,,them horror sci fi thriller
2288,"Thing, The",Action Horror Sci-Fi Thriller,1982.0,,thing the action horror sci fi thriller
2289,"Player, The",Comedy Crime Drama,1992.0,,player the comedy crime drama
2290,Stardust Memories,Comedy Drama,1980.0,,stardust memories comedy drama
2291,Edward Scissorhands,Drama Fantasy Romance,1990.0,freaks,edward scissorhands drama fantasy romance freaks
2292,Overnight Delivery,Comedy Romance,1998.0,,overnight delivery comedy romance
2294,Antz,Adventure Animation Children Comedy Fantasy,1998.0,,antz adventure animation children comedy fantasy
2295,"Impostors, The",Comedy,1998.0,screwball,impostors the comedy screwball
2296,"Night at the Roxbury, A",Comedy,1998.0,snl,night at the roxbury a comedy snl
2297,What Dreams May Come,Adventure Drama Fantasy Romance,1998.0,,what dreams may come adventure drama fantasy romance
2298,Strangeland,Thriller,1998.0,,strangeland thriller
2300,"Producers, The",Comedy,1968.0,broadway,producers the comedy broadway
2301,History of the World: Part I,Comedy Musical,1981.0,,history of the world part i comedy musical
2302,My Cousin Vinny,Comedy,1992.0,court,my cousin vinny comedy court
2303,Nashville,Drama Musical,1975.0,,nashville drama musical
2304,Love Is the Devil,Drama,1998.0,,love is the devil drama
2306,Holy Man,Comedy,1998.0,,holy man comedy
2307,One Tough Cop,Action Crime,1998.0,,one tough cop action crime
2310,"Mighty, The",Drama,1998.0,adolescence,mighty the drama adolescence
2311,2010: The Year We Make Contact,Sci-Fi,1984.0,,2010 the year we make contact sci fi
2312,Children of a Lesser God,Drama,1986.0,death penalty,children of a lesser god drama death penalty
2313,"Elephant Man, The",Drama,1980.0,freaks,elephant man the drama freaks
2314,Beloved,Drama,1998.0,,beloved drama
2315,Bride of Chucky (Child's Play 4),Comedy Horror Thriller,1998.0,,bride of chucky child s play 4 comedy horror thriller
2316,Practical Magic,Drama Fantasy Mystery Romance,1998.0,,practical magic drama fantasy mystery romance
2318,Happiness,Comedy Drama,1998.0,,happiness comedy drama
2320,Apt Pupil,Drama Thriller,1998.0,,apt pupil drama thriller
2321,Pleasantville,Comedy Drama Fantasy,1998.0,,pleasantville comedy drama fantasy
2322,Soldier,Action Sci-Fi War,1998.0,,soldier action sci fi war
2323,"Cruise, The",Documentary,1998.0,,cruise the documentary
2324,Life Is Beautiful (La Vita è bella),Comedy Drama Romance War,1997.0,holocaust bittersweet emotional heartwarming poignant sentimental tear jerker tearjerking,life is beautiful la vita bella comedy drama romance war holocaust bittersweet emotional heartwarming poignant sentimental tear jerker tearjerking
2325,Orgazmo,Comedy,1997.0,,orgazmo comedy
2327,Tales from the Darkside: The Movie,Fantasy Horror Thriller,1990.0,,tales from the darkside the movie fantasy horror thriller
2328,Vampires,Horror Western,1998.0,,vampires horror western
2329,American History X,Crime Drama,1998.0,thought-provoking racism edward norton emotional politics,american history x crime drama thought provoking racism edward norton emotional politics
2330,Hands on a Hard Body,Comedy Documentary,1996.0,,hands on a hard body comedy documentary
2331,Living Out Loud,Comedy Drama Romance,1998.0,,living out loud comedy drama romance
2332,Belly,Crime Drama,1998.0,,belly crime drama
2333,Gods and Monsters,Drama,1998.0,,gods and monsters drama
2334,"Siege, The",Action Thriller,1998.0,terrorism,siege the action thriller terrorism
2335,"Waterboy, The",Comedy,1998.0,football,waterboy the comedy football
2336,Elizabeth,Drama,1998.0,england,elizabeth drama england
2337,Velvet Goldmine,Drama,1998.0,,velvet goldmine drama
2338,I Still Know What You Did Last Summer,Horror Mystery Thriller,1998.0,,i still know what you did last summer horror mystery thriller
2339,I'll Be Home For Christmas,Comedy Romance,1998.0,,i ll be home for christmas comedy romance
2340,Meet Joe Black,Romance,1998.0,,meet joe black romance
2342,Hard Core Logo,Comedy Drama,1996.0,,hard core logo comedy drama
2344,Runaway Train,Action Adventure Drama Thriller,1985.0,,runaway train action adventure drama thriller
2346,"Stepford Wives, The",Mystery Sci-Fi Thriller,1975.0,,stepford wives the mystery sci fi thriller
2347,"Pope of Greenwich Village, The",Drama,1984.0,,pope of greenwich village the drama
2348,Sid and Nancy,Drama,1986.0,,sid and nancy drama
2349,Mona Lisa,Comedy Thriller,1986.0,,mona lisa comedy thriller
2350,Heart Condition,Comedy,1990.0,,heart condition comedy
2351,"Nights of Cabiria (Notti di Cabiria, Le)",Drama,1957.0,in netflix queue,nights of cabiria notti di cabiria le drama in netflix queue
2352,"Big Chill, The",Comedy Drama,1983.0,,big chill the comedy drama
2353,Enemy of the State,Action Thriller,1998.0,,enemy of the state action thriller
2354,"Rugrats Movie, The",Animation Children Comedy,1998.0,,rugrats movie the animation children comedy
2355,"Bug's Life, A",Adventure Animation Children Comedy,1998.0,pixar,bug s life a adventure animation children comedy pixar
2356,Celebrity,Comedy,1998.0,,celebrity comedy
2357,Central Station (Central do Brasil),Drama,1998.0,south america,central station central do brasil drama south america
2358,Savior,Drama War,1998.0,,savior drama war
2359,Waking Ned Devine (a.k.a. Waking Ned),Comedy,1998.0,,waking ned devine a k a waking ned comedy
2360,"Celebration, The (Festen)",Drama,1998.0,in netflix queue,celebration the festen drama in netflix queue
2361,Pink Flamingos,Comedy,1972.0,,pink flamingos comedy
2362,Glen or Glenda,Drama,1953.0,,glen or glenda drama
2363,Godzilla (Gojira),Drama Horror Sci-Fi,1954.0,,godzilla gojira drama horror sci fi
2364,"Godzilla 1985: The Legend Is Reborn (Gojira) (Godzilla) (Return of Godzilla, The)",Action Horror Sci-Fi Thriller,1984.0,,godzilla 1985 the legend is reborn gojira godzilla return of godzilla the action horror sci fi thriller
2365,King Kong vs. Godzilla (Kingukongu tai Gojira),Action Sci-Fi,1962.0,,king kong vs godzilla kingukongu tai gojira action sci fi
2366,King Kong,Action Adventure Fantasy Horror,1933.0,,king kong action adventure fantasy horror
2367,King Kong,Adventure Fantasy Romance Sci-Fi Thriller,1976.0,,king kong adventure fantasy romance sci fi thriller
2368,King Kong Lives,Adventure Sci-Fi,1986.0,,king kong lives adventure sci fi
2369,Desperately Seeking Susan,Comedy Drama Romance,1985.0,,desperately seeking susan comedy drama romance
2370,"Emerald Forest, The",Action Adventure Drama,1985.0,,emerald forest the action adventure drama
2371,Fletch,Comedy Crime Mystery,1985.0,,fletch comedy crime mystery
2372,Fletch Lives,Comedy,1989.0,,fletch lives comedy
2373,Red Sonja,Action Adventure Fantasy,1985.0,,red sonja action adventure fantasy
2374,Gung Ho,Comedy Drama,1986.0,,gung ho comedy drama
2375,"Money Pit, The",Comedy,1986.0,,money pit the comedy
2376,"View to a Kill, A",Action Adventure Thriller,1985.0,,view to a kill a action adventure thriller
2377,Lifeforce,Horror Sci-Fi,1985.0,,lifeforce horror sci fi
2378,Police Academy,Comedy Crime,1984.0,,police academy comedy crime
2379,Police Academy 2: Their First Assignment,Comedy Crime,1985.0,,police academy 2 their first assignment comedy crime
2380,Police Academy 3: Back in Training,Comedy Crime,1986.0,,police academy 3 back in training comedy crime
2381,Police Academy 4: Citizens on Patrol,Comedy Crime,1987.0,,police academy 4 citizens on patrol comedy crime
2382,Police Academy 5: Assignment: Miami Beach,Comedy Crime,1988.0,,police academy 5 assignment miami beach comedy crime
2383,Police Academy 6: City Under Siege,Comedy Crime,1989.0,,police academy 6 city under siege comedy crime
2384,Babe: Pig in the City,Adventure Children Drama,1998.0,,babe pig in the city adventure children drama
2385,Home Fries,Comedy Romance,1998.0,,home fries comedy romance
2387,Very Bad Things,Comedy Crime,1998.0,dark comedy dark humor,very bad things comedy crime dark comedy dark humor
2388,Steam: The Turkish Bath (Hamam),Drama Romance,1997.0,,steam the turkish bath hamam drama romance
2389,Psycho,Crime Horror Thriller,1998.0,,psycho crime horror thriller
2390,Little Voice,Comedy,1998.0,in netflix queue,little voice comedy in netflix queue
2391,"Simple Plan, A",Crime Drama Thriller,1998.0,heist,simple plan a crime drama thriller heist
2392,Jack Frost,Children Comedy Drama,1998.0,,jack frost children comedy drama
2393,Star Trek: Insurrection,Action Drama Romance Sci-Fi,1998.0,cameo:whoopi goldberg space opera star trek,star trek insurrection action drama romance sci fi cameo whoopi goldberg space opera star trek
2394,"Prince of Egypt, The",Animation Musical,1998.0,bible moses,prince of egypt the animation musical bible moses
2395,Rushmore,Comedy Drama,1998.0,,rushmore comedy drama
2396,Shakespeare in Love,Comedy Drama Romance,1998.0,england,shakespeare in love comedy drama romance england
2398,Miracle on 34th Street,Comedy Drama,1947.0,,miracle on 34th street comedy drama
2399,Santa Claus: The Movie,Adventure Children Fantasy,1985.0,,santa claus the movie adventure children fantasy
2400,Prancer,Children Drama Fantasy,1989.0,,prancer children drama fantasy
2401,Pale Rider,Western,1985.0,,pale rider western
2402,Rambo: First Blood Part II,Action Adventure Thriller,1985.0,,rambo first blood part ii action adventure thriller
2403,First Blood (Rambo: First Blood),Action Adventure Drama Thriller,1982.0,,first blood rambo first blood action adventure drama thriller
2404,Rambo III,Action Adventure Thriller War,1988.0,,rambo iii action adventure thriller war
2405,"Jewel of the Nile, The",Action Adventure Comedy Romance,1985.0,,jewel of the nile the action adventure comedy romance
2406,Romancing the Stone,Action Adventure Comedy Romance,1984.0,,romancing the stone action adventure comedy romance
2407,Cocoon,Comedy Sci-Fi,1985.0,,cocoon comedy sci fi
2408,Cocoon: The Return,Comedy Sci-Fi,1988.0,,cocoon the return comedy sci fi
2409,Rocky II,Action Drama,1979.0,,rocky ii action drama
2410,Rocky III,Action Drama,1982.0,boxing,rocky iii action drama boxing
2411,Rocky IV,Action Drama,1985.0,boxing,rocky iv action drama boxing
2412,Rocky V,Action Drama,1990.0,boxing,rocky v action drama boxing
2413,Clue,Comedy Crime Mystery Thriller,1985.0,,clue comedy crime mystery thriller
2414,Young Sherlock Holmes,Action Adventure Children Fantasy Mystery Thriller,1985.0,,young sherlock holmes action adventure children fantasy mystery thriller
2415,Violets Are Blue...,Drama Romance,1986.0,,violets are blue drama romance
2416,Back to School,Comedy,1986.0,,back to school comedy
2417,Heartburn,Comedy Drama,1986.0,,heartburn comedy drama
2418,Nothing in Common,Comedy,1986.0,,nothing in common comedy
2419,Extremities,Drama Thriller,1986.0,,extremities drama thriller
2420,"Karate Kid, The",Drama,1984.0,martial arts,karate kid the drama martial arts
2421,"Karate Kid, Part II, The",Action Adventure Drama,1986.0,martial arts,karate kid part ii the action adventure drama martial arts
2422,"Karate Kid, Part III, The",Action Adventure Children Drama,1989.0,martial arts,karate kid part iii the action adventure children drama martial arts
2423,Christmas Vacation (National Lampoon's Christmas Vacation),Comedy,1989.0,christmas,christmas vacation national lampoon s christmas vacation comedy christmas
2424,You've Got Mail,Comedy Romance,1998.0,e-mail remake,you ve got mail comedy romance e mail remake
2425,"General, The",Crime,1998.0,,general the crime
2427,"Thin Red Line, The",Action Drama War,1998.0,,thin red line the action drama war
2428,"Faculty, The",Horror Sci-Fi,1998.0,,faculty the horror sci fi
2429,Mighty Joe Young,Action Adventure Drama Fantasy Thriller,1998.0,,mighty joe young action adventure drama fantasy thriller
2430,Mighty Joe Young,Adventure Children Drama,1949.0,,mighty joe young adventure children drama
2431,Patch Adams,Comedy Drama,1998.0,doctors bad,patch adams comedy drama doctors bad
2432,Stepmom,Drama,1998.0,,stepmom drama
2433,"Civil Action, A",Drama,1998.0,,civil action a drama
2435,Hurlyburly,Drama,1998.0,,hurlyburly drama
2436,Tea with Mussolini,Comedy Drama War,1999.0,,tea with mussolini comedy drama war
2439,Affliction,Drama,1997.0,,affliction drama
2442,Hilary and Jackie,Drama,1998.0,in netflix queue,hilary and jackie drama in netflix queue
2443,Playing by Heart,Drama Romance,1998.0,,playing by heart drama romance
2445,At First Sight,Drama,1999.0,,at first sight drama
2446,In Dreams,Horror Thriller,1999.0,,in dreams horror thriller
2447,Varsity Blues,Comedy Drama,1999.0,,varsity blues comedy drama
2448,Virus,Horror Sci-Fi,1999.0,,virus horror sci fi
2450,Howard the Duck,Adventure Comedy Sci-Fi,1986.0,,howard the duck adventure comedy sci fi
2451,"Gate, The",Horror,1987.0,,gate the horror
2453,"Boy Who Could Fly, The",Drama Fantasy,1986.0,,boy who could fly the drama fantasy
2454,"Fly, The",Horror Mystery Sci-Fi,1958.0,,fly the horror mystery sci fi
2455,"Fly, The",Drama Horror Sci-Fi Thriller,1986.0,,fly the drama horror sci fi thriller
2456,"Fly II, The",Horror Sci-Fi,1989.0,,fly ii the horror sci fi
2457,Running Scared,Action Comedy,1986.0,,running scared action comedy
2458,Armed and Dangerous,Comedy Crime,1986.0,,armed and dangerous comedy crime
2459,"Texas Chainsaw Massacre, The",Horror,1974.0,,texas chainsaw massacre the horror
2460,"Texas Chainsaw Massacre 2, The",Horror,1986.0,,texas chainsaw massacre 2 the horror
2462,Texas Chainsaw Massacre: The Next Generation (a.k.a. The Return of the Texas Chainsaw Massacre),Horror,1994.0,,texas chainsaw massacre the next generation a k a the return of the texas chainsaw massacre horror
2463,Ruthless People,Comedy,1986.0,kidnapping,ruthless people comedy kidnapping
2465,Deadly Friend,Horror,1986.0,,deadly friend horror
2467,"Name of the Rose, The (Name der Rose, Der)",Crime Drama Mystery Thriller,1986.0,religion,name of the rose the name der rose der crime drama mystery thriller religion
2468,Jumpin' Jack Flash,Action Comedy Romance Thriller,1986.0,,jumpin jack flash action comedy romance thriller
2469,Peggy Sue Got Married,Comedy Drama,1986.0,,peggy sue got married comedy drama
2470,Crocodile Dundee,Adventure Comedy,1986.0,australia,crocodile dundee adventure comedy australia
2471,Crocodile Dundee II,Action Adventure Comedy,1988.0,australia,crocodile dundee ii action adventure comedy australia
2472,Tough Guys,Comedy,1986.0,,tough guys comedy
2473,Soul Man,Comedy,1986.0,,soul man comedy
2474,"Color of Money, The",Drama,1986.0,,color of money the drama
2475,52 Pick-Up,Action Mystery Thriller,1986.0,,52 pick up action mystery thriller
2476,Heartbreak Ridge,Action War,1986.0,,heartbreak ridge action war
2477,Firewalker,Adventure,1986.0,,firewalker adventure
2478,¡Three Amigos!,Comedy Western,1986.0,,three amigos comedy western
2481,My Name Is Joe,Drama Romance,1998.0,,my name is joe drama romance
2482,Still Crazy,Comedy Romance,1998.0,,still crazy comedy romance
2483,"Day of the Beast, The (Día de la Bestia, El)",Adventure Comedy Thriller,1995.0,,day of the beast the d a de la bestia el adventure comedy thriller
2485,She's All That,Comedy Romance,1999.0,,she s all that comedy romance
2488,Peeping Tom,Drama Horror Thriller,1960.0,,peeping tom drama horror thriller
2490,Payback,Action Thriller,1999.0,,payback action thriller
2491,Simply Irresistible,Comedy Romance,1999.0,food,simply irresistible comedy romance food
2492,20 Dates,Comedy Romance,1998.0,,20 dates comedy romance
2493,"Harmonists, The",Drama,1997.0,,harmonists the drama
2494,"Last Days, The",Documentary,1998.0,holocaust hungary,last days the documentary holocaust hungary
2495,"Fantastic Planet, The (Planète sauvage, La)",Animation Sci-Fi,1973.0,,fantastic planet the plan te sauvage la animation sci fi
2496,Blast from the Past,Comedy Romance,1999.0,,blast from the past comedy romance
2497,Message in a Bottle,Romance,1999.0,,message in a bottle romance
2498,My Favorite Martian,Comedy Sci-Fi,1999.0,,my favorite martian comedy sci fi
2500,Jawbreaker,Comedy,1999.0,,jawbreaker comedy
2501,October Sky,Drama,1999.0,,october sky drama
2502,Office Space,Comedy Crime,1999.0,stapler workplace,office space comedy crime stapler workplace
2503,"Apple, The (Sib)",Drama,1998.0,,apple the sib drama
2504,200 Cigarettes,Comedy Drama,1999.0,,200 cigarettes comedy drama
2505,8MM,Drama Mystery Thriller,1999.0,nicolas cage,8mm drama mystery thriller nicolas cage
2506,"Other Sister, The",Comedy Drama Romance,1999.0,disability,other sister the comedy drama romance disability
2511,"Long Goodbye, The",Crime Film-Noir,1973.0,,long goodbye the crime film noir
2512,"Ballad of Narayama, The (Narayama bushiko)",Drama,1983.0,,ballad of narayama the narayama bushiko drama
2513,Pet Sematary,Horror,1989.0,,pet sematary horror
2514,Pet Sematary II,Comedy Horror,1992.0,,pet sematary ii comedy horror
2515,Children of the Corn II: The Final Sacrifice,Horror,1993.0,,children of the corn ii the final sacrifice horror
2516,Children of the Corn III,Horror,1994.0,,children of the corn iii horror
2517,Christine,Horror,1983.0,stephen king,christine horror stephen king
2518,Night Shift,Comedy,1982.0,,night shift comedy
2520,Airport,Drama,1970.0,,airport drama
2521,Airport 1975,Action Drama Thriller,1974.0,,airport 1975 action drama thriller
2522,Airport '77,Drama,1977.0,,airport 77 drama
2523,Rollercoaster,Drama Thriller,1977.0,,rollercoaster drama thriller
2524,"Towering Inferno, The",Action Adventure Drama Thriller,1974.0,,towering inferno the action adventure drama thriller
2525,Alligator,Action Horror Sci-Fi,1980.0,,alligator action horror sci fi
2526,Meteor,Sci-Fi,1979.0,,meteor sci fi
2527,Westworld,Action Sci-Fi Thriller Western,1973.0,,westworld action sci fi thriller western
2528,Logan's Run,Action Adventure Sci-Fi,1976.0,,logan s run action adventure sci fi
2529,Planet of the Apes,Action Drama Sci-Fi,1968.0,twist ending,planet of the apes action drama sci fi twist ending
2530,Beneath the Planet of the Apes,Action Sci-Fi,1970.0,,beneath the planet of the apes action sci fi
2531,Battle for the Planet of the Apes,Action Sci-Fi,1973.0,,battle for the planet of the apes action sci fi
2532,Conquest of the Planet of the Apes,Action Sci-Fi,1972.0,,conquest of the planet of the apes action sci fi
2533,Escape from the Planet of the Apes,Action Sci-Fi,1971.0,,escape from the planet of the apes action sci fi
2534,Avalanche,Action,1978.0,,avalanche action
2535,Earthquake,Action Drama Thriller,1974.0,,earthquake action drama thriller
2537,Beyond the Poseidon Adventure,Adventure,1979.0,,beyond the poseidon adventure adventure
2538,Dancemaker,Documentary,1998.0,,dancemaker documentary
2539,Analyze This,Comedy,1999.0,,analyze this comedy
2540,"Corruptor, The",Action Crime Drama Thriller,1999.0,,corruptor the action crime drama thriller
2541,Cruel Intentions,Drama,1999.0,,cruel intentions drama
2542,"Lock, Stock & Two Smoking Barrels",Comedy Crime Thriller,1998.0,,lock stock two smoking barrels comedy crime thriller
2544,"School of Flesh, The (École de la chair, L')",Drama Romance,1998.0,,school of flesh the cole de la chair l drama romance
2546,"Deep End of the Ocean, The",Drama,1999.0,,deep end of the ocean the drama
2548,"Rage: Carrie 2, The",Horror,1999.0,,rage carrie 2 the horror
2549,Wing Commander,Action Sci-Fi,1999.0,,wing commander action sci fi
2550,"Haunting, The",Horror Thriller,1963.0,ghosts,haunting the horror thriller ghosts
2551,Dead Ringers,Drama Horror Thriller,1988.0,,dead ringers drama horror thriller
2552,My Boyfriend's Back,Comedy,1993.0,,my boyfriend s back comedy
2553,Village of the Damned,Horror Sci-Fi Thriller,1960.0,evil children,village of the damned horror sci fi thriller evil children
2554,Children of the Damned,Horror Sci-Fi Thriller,1963.0,evil children,children of the damned horror sci fi thriller evil children
2555,Baby Geniuses,Comedy,1999.0,,baby geniuses comedy
2557,I Stand Alone (Seul contre tous),Drama Thriller,1998.0,,i stand alone seul contre tous drama thriller
2558,Forces of Nature,Comedy Romance,1999.0,,forces of nature comedy romance
2559,"King and I, The",Animation Children,1999.0,,king and i the animation children
2560,Ravenous,Horror Thriller,1999.0,,ravenous horror thriller
2561,True Crime,Crime Thriller,1999.0,,true crime crime thriller
2563,Dangerous Beauty,Drama,1998.0,,dangerous beauty drama
2565,"King and I, The",Drama Musical Romance,1956.0,siam,king and i the drama musical romance siam
2566,Doug's 1st Movie,Animation Children,1999.0,,doug s 1st movie animation children
2567,EDtv,Comedy,1999.0,,edtv comedy
2568,"Mod Squad, The",Action Crime,1999.0,,mod squad the action crime
2570,"Walk on the Moon, A",Drama Romance,1999.0,,walk on the moon a drama romance
2571,"Matrix, The",Action Sci-Fi Thriller,1999.0,martial arts sci-fi alternate universe philosophy post apocalyptic,matrix the action sci fi thriller martial arts sci fi alternate universe philosophy post apocalyptic
2572,10 Things I Hate About You,Comedy Romance,1999.0,shakespeare sort of,10 things i hate about you comedy romance shakespeare sort of
2573,Tango,Drama Musical,1998.0,,tango drama musical
2574,"Out-of-Towners, The",Comedy,1999.0,,out of towners the comedy
2575,"Dreamlife of Angels, The (Vie rêvée des anges, La)",Drama,1998.0,,dreamlife of angels the vie r v e des anges la drama
2577,Metroland,Comedy Drama,1997.0,,metroland comedy drama
2579,Following,Crime Mystery Thriller,1998.0,black and white christopher nolan directorial debut mindfuck not linear twist ending black and white,following crime mystery thriller black and white christopher nolan directorial debut mindfuck not linear twist ending black and white
2580,Go,Comedy Crime,1999.0,,go comedy crime
2581,Never Been Kissed,Comedy Romance,1999.0,high school,never been kissed comedy romance high school
2582,Twin Dragons (Shuang long hui),Action Comedy,1992.0,,twin dragons shuang long hui action comedy
2583,Cookie's Fortune,Comedy Drama,1999.0,southern us,cookie s fortune comedy drama southern us
2585,"Lovers of the Arctic Circle, The (Los Amantes del Círculo Polar)",Drama Romance,1998.0,,lovers of the arctic circle the los amantes del c rculo polar drama romance
2586,Goodbye Lover,Comedy Crime Thriller,1999.0,,goodbye lover comedy crime thriller
2587,Life,Comedy Crime Drama,1999.0,,life comedy crime drama
2589,Friends & Lovers,Comedy Drama Romance,1999.0,,friends lovers comedy drama romance
2590,Hideous Kinky,Drama,1998.0,,hideous kinky drama
2593,"Monster, The (Mostro, Il)",Comedy,1994.0,,monster the mostro il comedy
2594,Open Your Eyes (Abre los ojos),Drama Romance Sci-Fi Thriller,1997.0,,open your eyes abre los ojos drama romance sci fi thriller
2596,SLC Punk!,Comedy Drama,1998.0,,slc punk comedy drama
2597,Lost & Found,Comedy Romance,1999.0,,lost found comedy romance
2598,Pushing Tin,Comedy,1999.0,golfing,pushing tin comedy golfing
2599,Election,Comedy,1999.0,,election comedy
2600,eXistenZ,Action Sci-Fi Thriller,1999.0,virtual reality,existenz action sci fi thriller virtual reality
2605,Entrapment,Crime Thriller,1999.0,,entrapment crime thriller
2606,Idle Hands,Comedy Horror,1999.0,,idle hands comedy horror
2607,Get Real,Drama Romance,1998.0,,get real drama romance
2609,"King of Masks, The (Bian Lian)",Drama,1996.0,,king of masks the bian lian drama
2611,"Winslow Boy, The",Drama,1999.0,,winslow boy the drama
2612,Mildred Pierce,Drama Film-Noir,1945.0,motherhood,mildred pierce drama film noir motherhood
2613,Night of the Comet,Comedy Horror Sci-Fi,1984.0,,night of the comet comedy horror sci fi
2614,Chopping Mall (a.k.a. Killbots),Action Horror Sci-Fi,1986.0,,chopping mall a k a killbots action horror sci fi
2615,My Science Project,Adventure Sci-Fi,1985.0,,my science project adventure sci fi
2616,Dick Tracy,Action Crime,1990.0,comic book,dick tracy action crime comic book
2617,"Mummy, The",Action Adventure Comedy Fantasy Horror Thriller,1999.0,,mummy the action adventure comedy fantasy horror thriller
2618,"Castle, The",Comedy,1997.0,,castle the comedy
2620,This Is My Father,Drama Romance,1998.0,,this is my father drama romance
2622,William Shakespeare's A Midsummer Night's Dream,Comedy Fantasy,1999.0,,william shakespeare s a midsummer night s dream comedy fantasy
2623,Trippin',Comedy,1999.0,,trippin comedy
2624,After Life (Wandafuru raifu),Drama Fantasy,1998.0,,after life wandafuru raifu drama fantasy
2625,Black Mask (Hak hap),Action Adventure Crime Sci-Fi Thriller,1996.0,,black mask hak hap action adventure crime sci fi thriller
2628,Star Wars: Episode I - The Phantom Menace,Action Adventure Sci-Fi,1999.0,prequel the force,star wars episode i the phantom menace action adventure sci fi prequel the force
2629,"Love Letter, The",Comedy Romance,1999.0,,love letter the comedy romance
2630,Besieged (a.k.a. L' Assedio),Drama,1998.0,,besieged a k a l assedio drama
2632,"Saragossa Manuscript, The (Rekopis znaleziony w Saragossie)",Adventure Drama Mystery,1965.0,,saragossa manuscript the rekopis znaleziony w saragossie adventure drama mystery
2633,"Mummy, The",Horror Romance,1932.0,,mummy the horror romance
2634,"Mummy, The",Horror,1959.0,,mummy the horror
2639,Mommie Dearest,Drama,1981.0,,mommie dearest drama
2640,Superman,Action Adventure Sci-Fi,1978.0,superhero,superman action adventure sci fi superhero
2641,Superman II,Action Sci-Fi,1980.0,superhero,superman ii action sci fi superhero
2642,Superman III,Action Adventure Sci-Fi,1983.0,superhero,superman iii action adventure sci fi superhero
2643,Superman IV: The Quest for Peace,Action Adventure Sci-Fi,1987.0,,superman iv the quest for peace action adventure sci fi
2644,Dracula,Horror,1931.0,,dracula horror
2648,Frankenstein,Drama Horror Sci-Fi,1931.0,in netflix queue,frankenstein drama horror sci fi in netflix queue
2651,Frankenstein Meets the Wolf Man,Horror,1943.0,,frankenstein meets the wolf man horror
2652,"Curse of Frankenstein, The",Horror,1957.0,,curse of frankenstein the horror
2654,"Wolf Man, The",Drama Fantasy Horror,1941.0,,wolf man the drama fantasy horror
2655,Howling II: Your Sister Is a Werewolf,Horror,1985.0,,howling ii your sister is a werewolf horror
2656,Tarantula,Horror Sci-Fi,1955.0,,tarantula horror sci fi
2657,"Rocky Horror Picture Show, The",Comedy Horror Musical Sci-Fi,1975.0,,rocky horror picture show the comedy horror musical sci fi
2659,It Came from Hollywood,Comedy Documentary,1982.0,,it came from hollywood comedy documentary
2660,"Thing from Another World, The",Horror Sci-Fi,1951.0,aliens,thing from another world the horror sci fi aliens
2661,It Came from Outer Space,Sci-Fi,1953.0,,it came from outer space sci fi
2662,"War of the Worlds, The",Action Drama Sci-Fi,1953.0,classic,war of the worlds the action drama sci fi classic
2664,Invasion of the Body Snatchers,Horror Sci-Fi Thriller,1956.0,1950s,invasion of the body snatchers horror sci fi thriller 1950s
2665,Earth vs. the Flying Saucers,Sci-Fi,1956.0,,earth vs the flying saucers sci fi
2668,Swamp Thing,Horror Sci-Fi,1982.0,,swamp thing horror sci fi
2669,Pork Chop Hill,War,1959.0,,pork chop hill war
2670,Run Silent Run Deep,War,1958.0,,run silent run deep war
2671,Notting Hill,Comedy Romance,1999.0,,notting hill comedy romance
2672,"Thirteenth Floor, The",Drama Sci-Fi Thriller,1999.0,,thirteenth floor the drama sci fi thriller
2674,"Loss of Sexual Innocence, The",Drama Fantasy,1999.0,,loss of sexual innocence the drama fantasy
2676,Instinct,Drama Thriller,1999.0,,instinct drama thriller
2677,Buena Vista Social Club,Documentary Musical,1999.0,in netflix queue,buena vista social club documentary musical in netflix queue
2681,Free Enterprise,Comedy Romance Sci-Fi,1998.0,,free enterprise comedy romance sci fi
2682,Limbo,Drama,1999.0,,limbo drama
2683,Austin Powers: The Spy Who Shagged Me,Action Adventure Comedy,1999.0,,austin powers the spy who shagged me action adventure comedy
2686,"Red Violin, The (Violon rouge, Le)",Drama Mystery,1998.0,,red violin the violon rouge le drama mystery
2687,Tarzan,Adventure Animation Children Drama,1999.0,,tarzan adventure animation children drama
2688,"General's Daughter, The",Crime Drama Mystery Thriller,1999.0,,general s daughter the crime drama mystery thriller
2690,"Ideal Husband, An",Comedy Romance,1999.0,,ideal husband an comedy romance
2691,"Legend of 1900, The (a.k.a. The Legend of the Pianist on the Ocean) (Leggenda del pianista sull'oceano)",Drama,1998.0,,legend of 1900 the a k a the legend of the pianist on the ocean leggenda del pianista sull oceano drama
2692,Run Lola Run (Lola rennt),Action Crime,1998.0,alternate endings,run lola run lola rennt action crime alternate endings
2693,Trekkies,Documentary,1997.0,star trek,trekkies documentary star trek
2694,Big Daddy,Comedy,1999.0,adam sandler,big daddy comedy adam sandler
2695,"Boys, The",Drama,1998.0,,boys the drama
2696,"Dinner Game, The (Dîner de cons, Le)",Comedy,1998.0,,dinner game the d ner de cons le comedy
2697,My Son the Fanatic,Comedy Drama Romance,1997.0,,my son the fanatic comedy drama romance
2698,Zone 39,Sci-Fi,1997.0,,zone 39 sci fi
2699,Arachnophobia,Comedy Horror,1990.0,spiders,arachnophobia comedy horror spiders
2700,"South Park: Bigger, Longer and Uncut",Animation Comedy Musical,1999.0,adult humor controversial crude humor free speech parody satire south park trey parker,south park bigger longer and uncut animation comedy musical adult humor controversial crude humor free speech parody satire south park trey parker
2701,Wild Wild West,Action Comedy Sci-Fi Western,1999.0,,wild wild west action comedy sci fi western
2702,Summer of Sam,Drama,1999.0,,summer of sam drama
2706,American Pie,Comedy Romance,1999.0,best comedy chris klein dumb jason biggs not funny pizza beer seann william scott teen,american pie comedy romance best comedy chris klein dumb jason biggs not funny pizza beer seann william scott teen
2707,Arlington Road,Thriller,1999.0,,arlington road thriller
2708,"Autumn Tale, An (Conte d'automne)",Romance,1998.0,,autumn tale an conte d automne romance
2709,Muppets From Space,Children Comedy,1999.0,,muppets from space children comedy
2710,"Blair Witch Project, The",Drama Horror Thriller,1999.0,claims to be true video,blair witch project the drama horror thriller claims to be true video
2712,Eyes Wide Shut,Drama Mystery Thriller,1999.0,sexuality,eyes wide shut drama mystery thriller sexuality
2713,Lake Placid,Horror Thriller,1999.0,,lake placid horror thriller
2716,Ghostbusters (a.k.a. Ghost Busters),Action Comedy Sci-Fi,1984.0,ghosts,ghostbusters a k a ghost busters action comedy sci fi ghosts
2717,Ghostbusters II,Comedy Fantasy Sci-Fi,1989.0,ghosts,ghostbusters ii comedy fantasy sci fi ghosts
2718,Drop Dead Gorgeous,Comedy,1999.0,,drop dead gorgeous comedy
2719,"Haunting, The",Horror Thriller,1999.0,remake,haunting the horror thriller remake
2720,Inspector Gadget,Action Adventure Children Comedy,1999.0,,inspector gadget action adventure children comedy
2722,Deep Blue Sea,Action Horror Sci-Fi Thriller,1999.0,,deep blue sea action horror sci fi thriller
2723,Mystery Men,Action Comedy Fantasy,1999.0,superhero,mystery men action comedy fantasy superhero
2724,Runaway Bride,Comedy Romance,1999.0,,runaway bride comedy romance
2725,Twin Falls Idaho,Drama,1999.0,,twin falls idaho drama
2726,"Killing, The",Crime Film-Noir,1956.0,heist,killing the crime film noir heist
2727,Killer's Kiss,Crime Film-Noir,1955.0,,killer s kiss crime film noir
2728,Spartacus,Action Drama Romance War,1960.0,crucifixion rome slavery,spartacus action drama romance war crucifixion rome slavery
2729,Lolita,Drama Romance,1962.0,,lolita drama romance
2730,Barry Lyndon,Drama Romance War,1975.0,,barry lyndon drama romance war
2731,"400 Blows, The (Les quatre cents coups)",Crime Drama,1959.0,emotional gentle heartwarming lyrical reflective,400 blows the les quatre cents coups crime drama emotional gentle heartwarming lyrical reflective
2732,Jules and Jim (Jules et Jim),Drama Romance,1961.0,,jules and jim jules et jim drama romance
2733,Vibes,Adventure Comedy Romance,1988.0,,vibes adventure comedy romance
2734,"Mosquito Coast, The",Adventure Drama Thriller,1986.0,,mosquito coast the adventure drama thriller
2735,"Golden Child, The",Action Adventure Comedy Fantasy Mystery,1986.0,,golden child the action adventure comedy fantasy mystery
2736,Brighton Beach Memoirs,Comedy,1986.0,,brighton beach memoirs comedy
2737,Assassination,Action Drama Thriller,1987.0,,assassination action drama thriller
2738,Crimes of the Heart,Comedy Drama,1986.0,,crimes of the heart comedy drama
2739,"Color Purple, The",Drama,1985.0,,color purple the drama
2740,"Kindred, The",Horror Sci-Fi,1986.0,,kindred the horror sci fi
2741,No Mercy,Action Crime Thriller,1986.0,,no mercy action crime thriller
2742,Ménage (Tenue de soirée),Comedy Drama,1986.0,,m nage tenue de soir e comedy drama
2743,Native Son,Drama,1986.0,,native son drama
2744,Otello,Drama,1986.0,,otello drama
2745,"Mission, The",Drama,1986.0,missionary priest,mission the drama missionary priest
2746,Little Shop of Horrors,Comedy Horror Musical,1986.0,,little shop of horrors comedy horror musical
2747,"Little Shop of Horrors, The",Comedy Horror,1960.0,,little shop of horrors the comedy horror
2748,Allan Quatermain and the Lost City of Gold,Action Adventure Comedy,1987.0,,allan quatermain and the lost city of gold action adventure comedy
2749,"Morning After, The",Drama Mystery,1986.0,,morning after the drama mystery
2750,Radio Days,Comedy Drama,1987.0,nostalgia radio,radio days comedy drama nostalgia radio
2751,From the Hip,Comedy Drama,1987.0,,from the hip comedy drama
2752,Outrageous Fortune,Comedy Mystery,1987.0,,outrageous fortune comedy mystery
2754,Deadtime Stories,Horror,1987.0,,deadtime stories horror
2757,Frances,Drama,1982.0,,frances drama
2759,Dick,Comedy,1999.0,,dick comedy
2761,"Iron Giant, The",Adventure Animation Children Drama Sci-Fi,1999.0,robots animation,iron giant the adventure animation children drama sci fi robots animation
2762,"Sixth Sense, The",Drama Horror Mystery,1999.0,atmospheric bruce willis ghosts imdb top 250 mindfuck stylized twist ending ghosts i see dead people,sixth sense the drama horror mystery atmospheric bruce willis ghosts imdb top 250 mindfuck stylized twist ending ghosts i see dead people
2763,"Thomas Crown Affair, The",Action Mystery,1999.0,,thomas crown affair the action mystery
2764,"Thomas Crown Affair, The",Crime Drama Romance Thriller,1968.0,,thomas crown affair the crime drama romance thriller
2765,"Acid House, The",Comedy Drama,1998.0,,acid house the comedy drama
2766,"Adventures of Sebastian Cole, The",Comedy Drama,1998.0,,adventures of sebastian cole the comedy drama
2769,"Yards, The",Crime Drama,2000.0,,yards the crime drama
2770,Bowfinger,Comedy,1999.0,,bowfinger comedy
2771,Brokedown Palace,Drama,1999.0,,brokedown palace drama
2772,Detroit Rock City,Comedy,1999.0,,detroit rock city comedy
2774,Better Than Chocolate,Comedy Romance,1999.0,,better than chocolate comedy romance
2775,Head On,Drama,1998.0,,head on drama
2779,Heaven Can Wait,Comedy,1978.0,,heaven can wait comedy
2782,Pit and the Pendulum,Horror,1961.0,,pit and the pendulum horror
2784,"Masque of the Red Death, The",Horror,1964.0,,masque of the red death the horror
2786,Haunted Honeymoon,Comedy,1986.0,,haunted honeymoon comedy
2787,Cat's Eye,Horror,1985.0,stephen king,cat s eye horror stephen king
2788,Monty Python's And Now for Something Completely Different,Comedy,1971.0,,monty python s and now for something completely different comedy
2789,Damien: Omen II,Horror,1978.0,,damien omen ii horror
2790,"Final Conflict, The (a.k.a. Omen III: The Final Conflict)",Horror Thriller,1981.0,,final conflict the a k a omen iii the final conflict horror thriller
2791,Airplane!,Comedy,1980.0,aviation spoof,airplane comedy aviation spoof
2792,Airplane II: The Sequel,Comedy,1982.0,,airplane ii the sequel comedy
2793,"American Werewolf in Paris, An",Comedy Horror Romance Thriller,1997.0,,american werewolf in paris an comedy horror romance thriller
2794,European Vacation (aka National Lampoon's European Vacation),Adventure Comedy Romance,1985.0,,european vacation aka national lampoon s european vacation adventure comedy romance
2795,National Lampoon's Vacation,Comedy,1983.0,,national lampoon s vacation comedy
2796,Funny Farm,Comedy,1988.0,,funny farm comedy
2797,Big,Comedy Drama Fantasy Romance,1988.0,children,big comedy drama fantasy romance children
2798,Problem Child,Children Comedy,1990.0,,problem child children comedy
2799,Problem Child 2,Comedy,1991.0,,problem child 2 comedy
2800,Little Nemo: Adventures in Slumberland,Adventure Animation Children Drama Fantasy,1992.0,,little nemo adventures in slumberland adventure animation children drama fantasy
2801,Oscar and Lucinda (a.k.a. Oscar & Lucinda),Drama Romance,1997.0,gambling,oscar and lucinda a k a oscar lucinda drama romance gambling
2802,Tequila Sunrise,Action Drama Romance Thriller,1988.0,,tequila sunrise action drama romance thriller
2803,"Pelican Brief, The",Crime Drama Mystery Romance Thriller,1993.0,lawyers,pelican brief the crime drama mystery romance thriller lawyers
2804,"Christmas Story, A",Children Comedy,1983.0,christmas,christmas story a children comedy christmas
2805,Mickey Blue Eyes,Comedy Romance,1999.0,,mickey blue eyes comedy romance
2806,Teaching Mrs. Tingle,Comedy Thriller,1999.0,,teaching mrs tingle comedy thriller
2807,Universal Soldier: The Return,Action Sci-Fi,1999.0,,universal soldier the return action sci fi
2808,Universal Soldier,Action Sci-Fi,1992.0,,universal soldier action sci fi
2810,Perfect Blue,Animation Horror Mystery Thriller,1997.0,,perfect blue animation horror mystery thriller
2812,In Too Deep,Action Thriller,1999.0,,in too deep action thriller
2813,"Source, The",Documentary,1999.0,,source the documentary
2815,Iron Eagle,Action War,1986.0,,iron eagle action war
2816,Iron Eagle II,Action War,1988.0,,iron eagle ii action war
2817,Aces: Iron Eagle III,Action,1992.0,,aces iron eagle iii action
2818,Iron Eagle IV,Action War,1995.0,,iron eagle iv action war
2819,Three Days of the Condor (3 Days of the Condor),Drama Mystery Romance Thriller,1975.0,,three days of the condor 3 days of the condor drama mystery romance thriller
2820,Hamlet,Drama,1964.0,,hamlet drama
2822,Medicine Man,Adventure Romance,1992.0,,medicine man adventure romance
2824,On the Ropes,Documentary Drama,1999.0,,on the ropes documentary drama
2826,"13th Warrior, The",Action Adventure Fantasy,1999.0,,13th warrior the action adventure fantasy
2827,"Astronaut's Wife, The",Horror Sci-Fi Thriller,1999.0,aliens,astronaut s wife the horror sci fi thriller aliens
2828,Dudley Do-Right,Children Comedy,1999.0,,dudley do right children comedy
2829,"Muse, The",Comedy,1999.0,,muse the comedy
2835,Chill Factor,Action Adventure Comedy Thriller,1999.0,,chill factor action adventure comedy thriller
2836,Outside Providence,Comedy,1999.0,,outside providence comedy
2837,Bedrooms & Hallways,Comedy Romance,1998.0,,bedrooms hallways comedy romance
2839,West Beirut (West Beyrouth),Drama,1998.0,,west beirut west beyrouth drama
2840,Stigmata,Drama Thriller,1999.0,,stigmata drama thriller
2841,Stir of Echoes,Horror Mystery Thriller,1999.0,,stir of echoes horror mystery thriller
2843,"Black Cat, White Cat (Crna macka, beli macor)",Comedy Romance,1998.0,,black cat white cat crna macka beli macor comedy romance
2844,"Minus Man, The",Drama Mystery,1999.0,,minus man the drama mystery
2846,"Adventures of Milo and Otis, The (Koneko monogatari)",Adventure Children Comedy Drama,1986.0,,adventures of milo and otis the koneko monogatari adventure children comedy drama
2847,Only Angels Have Wings,Adventure Drama Romance,1939.0,,only angels have wings adventure drama romance
2848,"Othello (Tragedy of Othello: The Moor of Venice, The)",Drama,1952.0,,othello tragedy of othello the moor of venice the drama
2851,Saturn 3,Adventure Sci-Fi Thriller,1980.0,,saturn 3 adventure sci fi thriller
2852,"Soldier's Story, A",Drama,1984.0,,soldier s story a drama
2856,I Saw What You Did,Thriller,1965.0,,i saw what you did thriller
2857,Yellow Submarine,Adventure Animation Comedy Fantasy Musical,1968.0,,yellow submarine adventure animation comedy fantasy musical
2858,American Beauty,Drama Romance,1999.0,,american beauty drama romance
2859,Stop Making Sense,Documentary Musical,1984.0,,stop making sense documentary musical
2860,Blue Streak,Comedy,1999.0,,blue streak comedy
2861,For Love of the Game,Comedy Drama,1999.0,,for love of the game comedy drama
2862,Caligula,Drama,1979.0,,caligula drama
2863,"Hard Day's Night, A",Adventure Comedy Musical,1964.0,beatles,hard day s night a adventure comedy musical beatles
2865,Sugar Town,Comedy,1999.0,,sugar town comedy
2866,"Buddy Holly Story, The",Drama,1978.0,,buddy holly story the drama
2867,Fright Night,Comedy Horror Thriller,1985.0,,fright night comedy horror thriller
2868,Fright Night Part II,Horror,1988.0,,fright night part ii horror
2870,Barefoot in the Park,Comedy,1967.0,,barefoot in the park comedy
2871,Deliverance,Adventure Drama Thriller,1972.0,river,deliverance adventure drama thriller river
2872,Excalibur,Adventure Fantasy,1981.0,england king arthur,excalibur adventure fantasy england king arthur
2874,"Pajama Game, The",Comedy Musical Romance,1957.0,,pajama game the comedy musical romance
2875,Sommersby,Drama Mystery Romance,1993.0,,sommersby drama mystery romance
2876,Thumbelina,Animation Children Fantasy,1994.0,,thumbelina animation children fantasy
2877,Tommy,Musical,1975.0,,tommy musical
2878,Hell Night,Horror,1981.0,,hell night horror
2879,Armour of God II: Operation Condor (Operation Condor) (Fei ying gai wak),Action Adventure Comedy,1991.0,,armour of god ii operation condor operation condor fei ying gai wak action adventure comedy
2880,Armour of God (Long xiong hu di),Action Adventure Comedy,1987.0,,armour of god long xiong hu di action adventure comedy
2881,Double Jeopardy,Action Crime Drama Thriller,1999.0,,double jeopardy action crime drama thriller
2882,Jakob the Liar,Drama,1999.0,,jakob the liar drama
2883,Mumford,Comedy Drama,1999.0,,mumford comedy drama
2884,Dog Park,Comedy Romance,1998.0,,dog park comedy romance
2885,Guinevere,Drama Romance,1999.0,,guinevere drama romance
2886,"Adventures of Elmo in Grouchland, The",Children Comedy,1999.0,,adventures of elmo in grouchland the children comedy
2887,Simon Sez,Action Comedy,1999.0,,simon sez action comedy
2888,Drive Me Crazy,Comedy Romance,1999.0,,drive me crazy comedy romance
2889,"Mystery, Alaska",Comedy Drama,1999.0,,mystery alaska comedy drama
2890,Three Kings,Action Adventure Comedy Drama War,1999.0,,three kings action adventure comedy drama war
2891,"Happy, Texas",Comedy,1999.0,,happy texas comedy
2892,New Rose Hotel,Action Drama,1998.0,,new rose hotel action drama
2893,Plunkett & MaCleane,Action Adventure Drama,1999.0,,plunkett macleane action adventure drama
2894,Romance,Drama Romance,1999.0,,romance drama romance
2896,Alvarez Kelly,Western,1966.0,,alvarez kelly western
2897,And the Ship Sails On (E la nave va),Comedy War,1983.0,,and the ship sails on e la nave va comedy war
2898,"Dark Half, The",Horror Mystery,1993.0,,dark half the horror mystery
2899,Gulliver's Travels,Adventure Animation Children,1939.0,,gulliver s travels adventure animation children
2900,Monkey Shines,Horror Sci-Fi,1988.0,,monkey shines horror sci fi
2901,Phantasm,Horror Sci-Fi,1979.0,,phantasm horror sci fi
2902,Psycho II,Horror Mystery Thriller,1983.0,,psycho ii horror mystery thriller
2903,Psycho III,Horror Thriller,1986.0,,psycho iii horror thriller
2905,Sanjuro (Tsubaki Sanjûrô),Action Adventure Drama,1962.0,in netflix queue,sanjuro tsubaki sanj r action adventure drama in netflix queue
2906,Random Hearts,Drama Romance,1999.0,,random hearts drama romance
2907,Superstar,Comedy,1999.0,,superstar comedy
2908,Boys Don't Cry,Drama,1999.0,,boys don t cry drama
2912,"Limey, The",Crime Drama Thriller,1999.0,,limey the crime drama thriller
2915,Risky Business,Comedy,1983.0,prostitution,risky business comedy prostitution
2916,Total Recall,Action Adventure Sci-Fi Thriller,1990.0,,total recall action adventure sci fi thriller
2917,Body Heat,Crime Thriller,1981.0,,body heat crime thriller
2918,Ferris Bueller's Day Off,Comedy,1986.0,high school,ferris bueller s day off comedy high school
2919,"Year of Living Dangerously, The",Drama Romance War,1982.0,academy award (best supporting actress) indonesia journalism,year of living dangerously the drama romance war academy award best supporting actress indonesia journalism
2921,High Plains Drifter,Western,1973.0,,high plains drifter western
2922,Hang 'Em High,Crime Drama Western,1968.0,,hang em high crime drama western
2924,Drunken Master (Jui kuen),Action Comedy,1978.0,,drunken master jui kuen action comedy
2925,"Conformist, The (Conformista, Il)",Drama,1970.0,,conformist the conformista il drama
2926,Hairspray,Comedy Drama,1988.0,,hairspray comedy drama
2927,Brief Encounter,Drama Romance,1946.0,adultery,brief encounter drama romance adultery
2928,"Razor's Edge, The",Drama,1984.0,,razor s edge the drama
2929,Reds,Drama Romance,1981.0,,reds drama romance
2930,Return with Honor,Documentary,1998.0,,return with honor documentary
2931,Time of the Gypsies (Dom za vesanje),Comedy Crime Drama Fantasy,1989.0,,time of the gypsies dom za vesanje comedy crime drama fantasy
2932,Days of Heaven,Drama,1978.0,,days of heaven drama
2935,"Lady Eve, The",Comedy Romance,1941.0,gambling,lady eve the comedy romance gambling
2936,Sullivan's Travels,Adventure Comedy Romance,1941.0,,sullivan s travels adventure comedy romance
2937,"Palm Beach Story, The",Comedy,1942.0,screwball,palm beach story the comedy screwball
2939,Niagara,Drama Thriller,1953.0,in netflix queue,niagara drama thriller in netflix queue
2940,Gilda,Drama Film-Noir Mystery Romance,1946.0,nightclub,gilda drama film noir mystery romance nightclub
2941,South Pacific,Musical Romance War,1958.0,island,south pacific musical romance war island
2942,Flashdance,Drama Romance,1983.0,,flashdance drama romance
2943,Indochine,Drama Romance,1992.0,vietnam,indochine drama romance vietnam
2944,"Dirty Dozen, The",Action Drama War,1967.0,,dirty dozen the action drama war
2946,Help!,Comedy Musical,1965.0,,help comedy musical
2947,Goldfinger,Action Adventure Thriller,1964.0,,goldfinger action adventure thriller
2948,From Russia with Love,Action Adventure Thriller,1963.0,,from russia with love action adventure thriller
2949,Dr. No,Action Adventure Thriller,1962.0,,dr no action adventure thriller
2950,"Blue Lagoon, The",Adventure Drama Romance,1980.0,,blue lagoon the adventure drama romance
2951,"Fistful of Dollars, A (Per un pugno di dollari)",Action Western,1964.0,bad,fistful of dollars a per un pugno di dollari action western bad
2952,Sydney (Hard Eight),Crime Drama Thriller,1996.0,gambling,sydney hard eight crime drama thriller gambling
2953,Home Alone 2: Lost in New York,Children Comedy,1992.0,family funny macaulay culkin sequel,home alone 2 lost in new york children comedy family funny macaulay culkin sequel
2956,Someone to Watch Over Me,Action Crime Thriller,1987.0,,someone to watch over me action crime thriller
2959,Fight Club,Action Crime Drama Thriller,1999.0,dark comedy psychology thought-provoking twist ending dark comedy violence action atmospheric based on a book brad pitt challenging chuck palahniuk classic clever complicated consumerism crime dark dark comedy david fincher disturbing double life edward norton fighting great acting helena bonham carter imaginary friend imdb top 250 mental illness mind-blowing mindfuck narrated nudity (topless) palahnuik philosophical philosophy postmodern powerful ending psychological psychological thriller psychology quirky satirical schizophrenia social commentary societal criticism stylized surreal terrorism thought-provoking twist twist ending violence violent,fight club action crime drama thriller dark comedy psychology thought provoking twist ending dark comedy violence action atmospheric based on a book brad pitt challenging chuck palahniuk classic clever complicated consumerism crime dark dark comedy david fincher disturbing double life edward norton fighting great acting helena bonham carter imaginary friend imdb top 250 mental illness mind blowing mindfuck narrated nudity topless palahnuik philosophical philosophy postmodern powerful ending psychological psychological thriller psychology quirky satirical schizophrenia social commentary societal criticism stylized surreal terrorism thought provoking twist twist ending violence violent
2961,"Story of Us, The",Comedy Drama,1999.0,,story of us the comedy drama
2962,Fever Pitch,Comedy Romance,1997.0,,fever pitch comedy romance
2964,Julien Donkey-Boy,Drama,1999.0,,julien donkey boy drama
2965,"Omega Code, The",Action,1999.0,,omega code the action
2966,"Straight Story, The",Adventure Drama,1999.0,brothers lawn mower,straight story the adventure drama brothers lawn mower
2967,"Bad Seed, The",Drama Thriller,1956.0,evil children,bad seed the drama thriller evil children
2968,Time Bandits,Adventure Comedy Fantasy Sci-Fi,1981.0,time travel,time bandits adventure comedy fantasy sci fi time travel
2969,"Man and a Woman, A (Un homme et une femme)",Drama Romance,1966.0,,man and a woman a un homme et une femme drama romance
2970,Fitzcarraldo,Adventure Drama,1982.0,,fitzcarraldo adventure drama
2971,All That Jazz,Drama Fantasy Musical,1979.0,,all that jazz drama fantasy musical
2972,Red Sorghum (Hong gao liang),Drama War,1987.0,,red sorghum hong gao liang drama war
2973,Crimes and Misdemeanors,Comedy Crime Drama,1989.0,,crimes and misdemeanors comedy crime drama
2974,Bats,Horror Thriller,1999.0,,bats horror thriller
2975,"Best Man, The",Comedy Drama,1999.0,,best man the comedy drama
2976,Bringing Out the Dead,Drama,1999.0,,bringing out the dead drama
2977,Crazy in Alabama,Comedy Drama,1999.0,,crazy in alabama comedy drama
2978,Three to Tango,Comedy Romance,1999.0,,three to tango comedy romance
2979,Body Shots,Drama,1999.0,,body shots drama
2982,"Guardian, The",Horror Thriller,1990.0,,guardian the horror thriller
2983,"Ipcress File, The",Thriller,1965.0,,ipcress file the thriller
2984,On Any Sunday,Documentary,1971.0,,on any sunday documentary
2985,RoboCop,Action Crime Drama Sci-Fi Thriller,1987.0,,robocop action crime drama sci fi thriller
2986,RoboCop 2,Action Crime Sci-Fi Thriller,1990.0,,robocop 2 action crime sci fi thriller
2987,Who Framed Roger Rabbit?,Adventure Animation Children Comedy Crime Fantasy Mystery,1988.0,live action/animation,who framed roger rabbit adventure animation children comedy crime fantasy mystery live action animation
2988,Melvin and Howard,Drama,1980.0,,melvin and howard drama
2989,For Your Eyes Only,Action Adventure Thriller,1981.0,,for your eyes only action adventure thriller
2990,Licence to Kill,Action Adventure Thriller,1989.0,,licence to kill action adventure thriller
2991,Live and Let Die,Action Adventure Thriller,1973.0,,live and let die action adventure thriller
2992,Rawhead Rex,Horror Thriller,1986.0,,rawhead rex horror thriller
2993,Thunderball,Action Adventure Thriller,1965.0,,thunderball action adventure thriller
2995,House on Haunted Hill,Horror Thriller,1999.0,,house on haunted hill horror thriller
2996,Music of the Heart,Drama,1999.0,,music of the heart drama
2997,Being John Malkovich,Comedy Drama Fantasy,1999.0,,being john malkovich comedy drama fantasy
3000,Princess Mononoke (Mononoke-hime),Action Adventure Animation Drama Fantasy,1997.0,anime adventure atmospheric fantasy world studio ghibli surreal,princess mononoke mononoke hime action adventure animation drama fantasy anime adventure atmospheric fantasy world studio ghibli surreal
3002,My Best Fiend (Mein liebster Feind),Documentary,1999.0,,my best fiend mein liebster feind documentary
3003,Train of Life (Train de vie),Comedy Drama Romance War,1998.0,,train of life train de vie comedy drama romance war
3004,"Bachelor, The",Comedy Romance,1999.0,,bachelor the comedy romance
3005,"Bone Collector, The",Thriller,1999.0,,bone collector the thriller
3006,"Insider, The",Drama Thriller,1999.0,tobacco true story,insider the drama thriller tobacco true story
3007,American Movie,Documentary,1999.0,in netflix queue,american movie documentary in netflix queue
3008,Last Night,Drama Sci-Fi,1998.0,,last night drama sci fi
3010,Rosetta,Drama,1999.0,,rosetta drama
3011,"They Shoot Horses, Don't They?",Drama,1969.0,dance marathon,they shoot horses don t they drama dance marathon
3013,Bride of Re-Animator,Comedy Horror,1990.0,,bride of re animator comedy horror
3014,Bustin' Loose,Comedy,1981.0,,bustin loose comedy
3015,Coma,Thriller,1978.0,,coma thriller
3016,Creepshow,Horror,1982.0,,creepshow horror
3017,Creepshow 2,Horror,1987.0,,creepshow 2 horror
3018,Re-Animator,Comedy Horror Sci-Fi,1985.0,,re animator comedy horror sci fi
3019,Drugstore Cowboy,Crime Drama,1989.0,,drugstore cowboy crime drama
3020,Falling Down,Action Drama,1993.0,,falling down action drama
3021,"Funhouse, The",Horror,1981.0,,funhouse the horror
3022,"General, The",Comedy War,1926.0,,general the comedy war
3024,Piranha,Horror Sci-Fi,1978.0,,piranha horror sci fi
3028,"Taming of the Shrew, The",Comedy,1967.0,shakespeare,taming of the shrew the comedy shakespeare
3029,Nighthawks,Action Drama,1981.0,,nighthawks action drama
3030,Yojimbo,Action Adventure,1961.0,samurai,yojimbo action adventure samurai
3031,Repossessed,Comedy,1990.0,,repossessed comedy
3032,"Omega Man, The",Action Drama Sci-Fi Thriller,1971.0,,omega man the action drama sci fi thriller
3033,Spaceballs,Comedy Sci-Fi,1987.0,,spaceballs comedy sci fi
3034,Robin Hood,Adventure Animation Children Comedy Musical,1973.0,,robin hood adventure animation children comedy musical
3035,Mister Roberts,Comedy Drama War,1955.0,,mister roberts comedy drama war
3036,"Quest for Fire (Guerre du feu, La)",Adventure Drama,1981.0,,quest for fire guerre du feu la adventure drama
3037,Little Big Man,Western,1970.0,,little big man western
3038,"Face in the Crowd, A",Drama,1957.0,,face in the crowd a drama
3039,Trading Places,Comedy,1983.0,class dan aykroyd,trading places comedy class dan aykroyd
3040,Meatballs,Comedy,1979.0,camp,meatballs comedy camp
3041,Meatballs Part II,Comedy,1984.0,,meatballs part ii comedy
3042,Meatballs III,Comedy,1987.0,,meatballs iii comedy
3043,Meatballs 4,Comedy,1992.0,,meatballs 4 comedy
3044,Dead Again,Mystery Romance Thriller,1991.0,memory music,dead again mystery romance thriller memory music
3045,Peter's Friends,Comedy Drama,1992.0,,peter s friends comedy drama
3046,"Incredibly True Adventure of Two Girls in Love, The",Comedy Romance,1995.0,,incredibly true adventure of two girls in love the comedy romance
3048,Under the Rainbow,Comedy,1981.0,,under the rainbow comedy
3051,Anywhere But Here,Comedy Drama,1999.0,,anywhere but here comedy drama
3052,Dogma,Adventure Comedy Fantasy,1999.0,irreverent jay and silent bob kevin smith satire religion,dogma adventure comedy fantasy irreverent jay and silent bob kevin smith satire religion
3053,"Messenger: The Story of Joan of Arc, The",Drama War,1999.0,,messenger the story of joan of arc the drama war
3054,Pokémon: The First Movie,Adventure Animation Children Fantasy Sci-Fi,1998.0,,pok mon the first movie adventure animation children fantasy sci fi
3055,Felicia's Journey,Thriller,1999.0,,felicia s journey thriller
3056,Oxygen,Crime Drama Thriller,1999.0,,oxygen crime drama thriller
3057,Where's Marlowe?,Comedy,1998.0,,where s marlowe comedy
3060,"Commitments, The",Comedy Drama Musical,1991.0,in netflix queue,commitments the comedy drama musical in netflix queue
3061,Holiday Inn,Comedy Musical,1942.0,,holiday inn comedy musical
3062,"Longest Day, The",Action Drama War,1962.0,,longest day the action drama war
3063,Poison Ivy,Drama Thriller,1992.0,,poison ivy drama thriller
3064,Poison Ivy: New Seduction,Drama Thriller,1997.0,,poison ivy new seduction drama thriller
3066,Tora! Tora! Tora!,Action Drama War,1970.0,,tora tora tora action drama war
3067,Women on the Verge of a Nervous Breakdown (Mujeres al borde de un ataque de nervios),Comedy Drama,1988.0,,women on the verge of a nervous breakdown mujeres al borde de un ataque de nervios comedy drama
3068,"Verdict, The",Drama Mystery,1982.0,,verdict the drama mystery
3070,"Adventures of Buckaroo Banzai Across the 8th Dimension, The",Adventure Comedy Sci-Fi,1984.0,,adventures of buckaroo banzai across the 8th dimension the adventure comedy sci fi
3071,Stand and Deliver,Comedy Drama,1988.0,high school,stand and deliver comedy drama high school
3072,Moonstruck,Comedy Romance,1987.0,new york,moonstruck comedy romance new york
3073,"Sandpiper, The",Drama Romance,1965.0,,sandpiper the drama romance
3074,Jeremiah Johnson,Western,1972.0,,jeremiah johnson western
3075,Repulsion,Drama Horror,1965.0,,repulsion drama horror
3076,Irma la Douce,Comedy,1963.0,,irma la douce comedy
3077,42 Up,Documentary,1998.0,in netflix queue up series,42 up documentary in netflix queue up series
3078,Liberty Heights,Drama,1999.0,,liberty heights drama
3079,Mansfield Park,Comedy Drama Romance,1999.0,,mansfield park comedy drama romance
3081,Sleepy Hollow,Fantasy Horror Mystery Romance,1999.0,ichabod crane,sleepy hollow fantasy horror mystery romance ichabod crane
3082,"World Is Not Enough, The",Action Adventure Thriller,1999.0,,world is not enough the action adventure thriller
3083,All About My Mother (Todo sobre mi madre),Drama,1999.0,,all about my mother todo sobre mi madre drama
3086,Babes in Toyland,Children Comedy Fantasy Musical,1934.0,,babes in toyland children comedy fantasy musical
3087,Scrooged,Comedy Fantasy Romance,1988.0,christmas new york,scrooged comedy fantasy romance christmas new york
3088,Harvey,Comedy Fantasy,1950.0,,harvey comedy fantasy
3089,Bicycle Thieves (a.k.a. The Bicycle Thief) (a.k.a. The Bicycle Thieves) (Ladri di biciclette),Drama,1948.0,,bicycle thieves a k a the bicycle thief a k a the bicycle thieves ladri di biciclette drama
3090,Matewan,Drama,1987.0,,matewan drama
3091,Kagemusha,Drama War,1980.0,,kagemusha drama war
3093,McCabe & Mrs. Miller,Drama Western,1971.0,,mccabe mrs miller drama western
3094,Maurice,Drama Romance,1987.0,,maurice drama romance
3095,"Grapes of Wrath, The",Drama,1940.0,depression dust bowl,grapes of wrath the drama depression dust bowl
3096,My Man Godfrey,Comedy,1957.0,,my man godfrey comedy
3097,"Shop Around the Corner, The",Comedy Drama Romance,1940.0,remade,shop around the corner the comedy drama romance remade
3098,"Natural, The",Drama,1984.0,baseball sports,natural the drama baseball sports
3099,Shampoo,Comedy Drama Romance,1975.0,,shampoo comedy drama romance
3100,"River Runs Through It, A",Drama,1992.0,,river runs through it a drama
3101,Fatal Attraction,Drama Thriller,1987.0,adultery,fatal attraction drama thriller adultery
3102,Jagged Edge,Crime Romance Thriller,1985.0,,jagged edge crime romance thriller
3103,Stanley & Iris,Drama Romance,1990.0,,stanley iris drama romance
3104,Midnight Run,Action Comedy Crime Thriller,1988.0,,midnight run action comedy crime thriller
3105,Awakenings,Drama Mystery,1990.0,,awakenings drama mystery
3106,Come See the Paradise,Drama Romance,1990.0,,come see the paradise drama romance
3107,Backdraft,Action Drama,1991.0,,backdraft action drama
3108,"Fisher King, The",Comedy Drama Fantasy Romance,1991.0,homeless,fisher king the comedy drama fantasy romance homeless
3109,"River, The",Drama,1984.0,,river the drama
3111,Places in the Heart,Drama,1984.0,racism,places in the heart drama racism
3112,'night Mother,Drama,1986.0,,night mother drama
3113,End of Days,Action Fantasy Horror Mystery Thriller,1999.0,,end of days action fantasy horror mystery thriller
3114,Toy Story 2,Adventure Animation Children Comedy Fantasy,1999.0,animation disney funny original pixar sequel tom hanks pixar,toy story 2 adventure animation children comedy fantasy animation disney funny original pixar sequel tom hanks pixar
3115,Flawless,Drama,1999.0,men in drag,flawless drama men in drag
3117,Ride with the Devil,Drama Romance War,1999.0,,ride with the devil drama romance war
3120,"Distinguished Gentleman, The",Comedy,1992.0,,distinguished gentleman the comedy
3125,"End of the Affair, The",Drama,1999.0,graham greene,end of the affair the drama graham greene
3127,Holy Smoke,Comedy Drama,1999.0,,holy smoke comedy drama
3129,Sweet and Lowdown,Comedy Drama,1999.0,,sweet and lowdown comedy drama
3130,Bonfire of the Vanities,Comedy Crime Drama,1990.0,,bonfire of the vanities comedy crime drama
3132,Daddy Long Legs,Comedy Drama,1919.0,,daddy long legs comedy drama
3134,Grand Illusion (La grande illusion),Drama War,1937.0,downbeat poignant,grand illusion la grande illusion drama war downbeat poignant
3135,"Great Santini, The",Drama,1979.0,fatherhood,great santini the drama fatherhood
3138,Stealing Home,Drama,1988.0,,stealing home drama
3141,"Two Jakes, The",Drama,1990.0,,two jakes the drama
3142,U2: Rattle and Hum,Documentary Musical,1988.0,,u2 rattle and hum documentary musical
3143,Hell in the Pacific,Drama War,1968.0,,hell in the pacific drama war
3145,Cradle Will Rock,Drama,1999.0,,cradle will rock drama
3146,Deuce Bigalow: Male Gigolo,Comedy,1999.0,,deuce bigalow male gigolo comedy
3147,"Green Mile, The",Crime Drama,1999.0,stephen king,green mile the crime drama stephen king
3148,"Cider House Rules, The",Drama,1999.0,,cider house rules the drama
3150,"War Zone, The",Drama Thriller,1999.0,,war zone the drama thriller
3152,"Last Picture Show, The",Drama,1971.0,black-and-white,last picture show the drama black and white
3153,"7th Voyage of Sinbad, The",Action Adventure Fantasy,1958.0,,7th voyage of sinbad the action adventure fantasy
3155,Anna and the King,Drama Romance,1999.0,,anna and the king drama romance
3156,Bicentennial Man,Drama Romance Sci-Fi,1999.0,,bicentennial man drama romance sci fi
3157,Stuart Little,Children Comedy Fantasy,1999.0,,stuart little children comedy fantasy
3158,"Emperor and the Assassin, The (Jing ke ci qin wang)",Drama,1999.0,,emperor and the assassin the jing ke ci qin wang drama
3159,Fantasia 2000,Animation Children Musical IMAX,1999.0,,fantasia 2000 animation children musical imax
3160,Magnolia,Drama,1999.0,l.a.,magnolia drama l a
3161,Onegin,Drama Romance,1999.0,,onegin drama romance
3162,Simpatico,Comedy Drama,1999.0,,simpatico comedy drama
3163,Topsy-Turvy,Comedy Drama Musical,1999.0,,topsy turvy comedy drama musical
3165,Boiling Point,Action Drama,1993.0,,boiling point action drama
3167,Carnal Knowledge,Comedy Drama,1971.0,,carnal knowledge comedy drama
3168,Easy Rider,Adventure Drama,1969.0,,easy rider adventure drama
3169,The Falcon and the Snowman,Crime Drama Thriller,1985.0,,the falcon and the snowman crime drama thriller
3171,Room at the Top,Drama,1959.0,,room at the top drama
3173,Any Given Sunday,Drama,1999.0,,any given sunday drama
3174,Man on the Moon,Comedy Drama,1999.0,andy kaufman,man on the moon comedy drama andy kaufman
3175,Galaxy Quest,Adventure Comedy Sci-Fi,1999.0,spoof,galaxy quest adventure comedy sci fi spoof
3176,"Talented Mr. Ripley, The",Drama Mystery Thriller,1999.0,based on a book creepy disturbing jude law murder obsession psychology secrets serial killer suspense europe murder,talented mr ripley the drama mystery thriller based on a book creepy disturbing jude law murder obsession psychology secrets serial killer suspense europe murder
3177,Next Friday,Comedy,2000.0,,next friday comedy
3178,"Hurricane, The",Drama,1999.0,boxing,hurricane the drama boxing
3179,Angela's Ashes,Drama,1999.0,,angela s ashes drama
3181,Titus,Drama,1999.0,shakespeare,titus drama shakespeare
3182,"Mr. Death: The Rise and Fall of Fred A. Leuchter, Jr.",Documentary,1999.0,,mr death the rise and fall of fred a leuchter jr documentary
3183,"Third Miracle, The",Drama,1999.0,,third miracle the drama
3185,Snow Falling on Cedars,Drama,1999.0,,snow falling on cedars drama
3186,"Girl, Interrupted",Drama,1999.0,asylum based on a true story brittany murphy mental hospital psychology winona ryder,girl interrupted drama asylum based on a true story brittany murphy mental hospital psychology winona ryder
3189,My Dog Skip,Children Drama,1999.0,,my dog skip children drama
3190,Supernova,Adventure Sci-Fi Thriller,2000.0,,supernova adventure sci fi thriller
3192,"Terrorist, The (a.k.a. Malli) (Theeviravaathi)",Drama,1998.0,in netflix queue,terrorist the a k a malli theeviravaathi drama in netflix queue
3194,"Way We Were, The",Drama Romance,1973.0,,way we were the drama romance
3196,Stalag 17,Drama War,1953.0,,stalag 17 drama war
3197,"Presidio, The",Action Crime Romance Thriller,1988.0,,presidio the action crime romance thriller
3198,Papillon,Crime Drama,1973.0,,papillon crime drama
3200,"Last Detail, The",Comedy Drama,1973.0,,last detail the comedy drama
3201,Five Easy Pieces,Drama,1970.0,,five easy pieces drama
3203,Dead Calm,Thriller,1989.0,,dead calm thriller
3204,"Boys from Brazil, The",Action Mystery Thriller,1978.0,,boys from brazil the action mystery thriller
3206,Against All Odds,Romance,1984.0,,against all odds romance
3208,Loaded Weapon 1 (National Lampoon's Loaded Weapon 1),Action Comedy,1993.0,,loaded weapon 1 national lampoon s loaded weapon 1 action comedy
3210,Fast Times at Ridgemont High,Comedy Drama Romance,1982.0,high school,fast times at ridgemont high comedy drama romance high school
3211,"Cry in the Dark, A",Drama,1988.0,a dingo ate my baby australia,cry in the dark a drama a dingo ate my baby australia
3213,Batman: Mask of the Phantasm,Animation Children,1993.0,,batman mask of the phantasm animation children
3214,American Flyers,Drama,1985.0,,american flyers drama
3217,"Star Is Born, A",Drama,1937.0,,star is born a drama
3219,Pacific Heights,Mystery Thriller,1990.0,,pacific heights mystery thriller
3221,"Draughtsman's Contract, The",Drama,1982.0,,draughtsman s contract the drama
3223,"Zed & Two Noughts, A",Drama,1985.0,,zed two noughts a drama
3224,Woman in the Dunes (Suna no onna),Drama,1964.0,,woman in the dunes suna no onna drama
3225,Down to You,Comedy Romance,2000.0,,down to you comedy romance
3230,"Odessa File, The",Thriller,1974.0,,odessa file the thriller
3235,Where the Buffalo Roam,Comedy,1980.0,,where the buffalo roam comedy
3238,Eye of the Beholder,Thriller,1999.0,,eye of the beholder thriller
3240,"Big Tease, The",Comedy,1999.0,,big tease the comedy
3241,"Cup, The (Phörpa)",Comedy,1999.0,,cup the ph rpa comedy
3243,Encino Man,Comedy,1992.0,,encino man comedy
3244,"Goodbye Girl, The",Comedy Romance,1977.0,,goodbye girl the comedy romance
3246,Malcolm X,Drama,1992.0,,malcolm x drama
3247,Sister Act,Comedy Crime,1992.0,nuns,sister act comedy crime nuns
3248,Sister Act 2: Back in the Habit,Comedy,1993.0,,sister act 2 back in the habit comedy
3249,"Hand That Rocks the Cradle, The",Drama Thriller,1992.0,,hand that rocks the cradle the drama thriller
3250,Alive,Drama,1993.0,in netflix queue,alive drama in netflix queue
3251,Agnes of God,Drama Mystery,1985.0,,agnes of god drama mystery
3252,Scent of a Woman,Drama,1992.0,,scent of a woman drama
3253,Wayne's World,Comedy,1992.0,,wayne s world comedy
3254,Wayne's World 2,Comedy,1993.0,,wayne s world 2 comedy
3255,"League of Their Own, A",Comedy Drama,1992.0,,league of their own a comedy drama
3256,Patriot Games,Action Crime Drama Thriller,1992.0,,patriot games action crime drama thriller
3257,"Bodyguard, The",Drama Romance Thriller,1992.0,,bodyguard the drama romance thriller
3258,Death Becomes Her,Comedy Fantasy,1992.0,plastic surgery,death becomes her comedy fantasy plastic surgery
3259,Far and Away,Adventure Drama Romance,1992.0,ireland,far and away adventure drama romance ireland
3260,Howards End,Drama,1992.0,e.m. forster,howards end drama e m forster
3261,Singles,Comedy Drama Romance,1992.0,,singles comedy drama romance
3262,Twin Peaks: Fire Walk with Me,Crime Drama Mystery Thriller,1992.0,,twin peaks fire walk with me crime drama mystery thriller
3263,White Men Can't Jump,Comedy Drama,1992.0,basketball,white men can t jump comedy drama basketball
3264,Buffy the Vampire Slayer,Action Comedy Horror,1992.0,,buffy the vampire slayer action comedy horror
3265,Hard-Boiled (Lat sau san taam),Action Crime Drama Thriller,1992.0,gun fu heroic bloodshed,hard boiled lat sau san taam action crime drama thriller gun fu heroic bloodshed
3266,Man Bites Dog (C'est arrivé près de chez vous),Comedy Crime Drama Thriller,1992.0,black comedy crazy dark dark comedy dark humor serial killer,man bites dog c est arriv pr s de chez vous comedy crime drama thriller black comedy crazy dark dark comedy dark humor serial killer
3267,"Mariachi, El",Action Crime Thriller Western,1992.0,,mariachi el action crime thriller western
3268,Stop! Or My Mom Will Shoot,Action Comedy,1992.0,,stop or my mom will shoot action comedy
3269,Forever Young,Drama Romance Sci-Fi,1992.0,,forever young drama romance sci fi
3270,"Cutting Edge, The",Comedy Drama Romance,1992.0,figure skating,cutting edge the comedy drama romance figure skating
3271,Of Mice and Men,Drama,1992.0,,of mice and men drama
3272,Bad Lieutenant,Crime Drama,1992.0,,bad lieutenant crime drama
3273,Scream 3,Comedy Horror Mystery Thriller,2000.0,slasher spoof,scream 3 comedy horror mystery thriller slasher spoof
3274,Single White Female,Drama Thriller,1992.0,,single white female drama thriller
3275,"Boondock Saints, The",Action Crime Drama Thriller,2000.0,,boondock saints the action crime drama thriller
3276,Gun Shy,Comedy,2000.0,,gun shy comedy
3280,"Baby, The",Horror,1973.0,,baby the horror
3281,"Brandon Teena Story, The",Documentary,1998.0,sexuality,brandon teena story the documentary sexuality
3283,Minnie and Moskowitz,Action,1971.0,,minnie and moskowitz action
3284,They Might Be Giants,Comedy Mystery Romance,1971.0,,they might be giants comedy mystery romance
3285,"Beach, The",Adventure Drama,2000.0,,beach the adventure drama
3286,Snow Day,Comedy,2000.0,,snow day comedy
3287,"Tigger Movie, The",Animation Children,2000.0,,tigger movie the animation children
3289,Not One Less (Yi ge dou bu neng shao),Drama,1999.0,,not one less yi ge dou bu neng shao drama
3294,Eaten Alive,Horror,1977.0,,eaten alive horror
3295,Raining Stones,Drama,1993.0,,raining stones drama
3296,To Sir with Love,Drama,1967.0,,to sir with love drama
3298,Boiler Room,Crime Drama Thriller,2000.0,,boiler room crime drama thriller
3299,Hanging Up,Comedy Drama,2000.0,,hanging up comedy drama
3300,Pitch Black,Horror Sci-Fi Thriller,2000.0,,pitch black horror sci fi thriller
3301,"Whole Nine Yards, The",Comedy Crime,2000.0,,whole nine yards the comedy crime
3302,Beautiful People,Comedy,1999.0,,beautiful people comedy
3303,Black Tar Heroin: The Dark End of the Street,Documentary,2000.0,,black tar heroin the dark end of the street documentary
3306,"Circus, The",Comedy,1928.0,big top circus,circus the comedy big top circus
3307,City Lights,Comedy Drama Romance,1931.0,blind,city lights comedy drama romance blind
3308,"Flamingo Kid, The",Comedy Drama,1984.0,,flamingo kid the comedy drama
3310,"Kid, The",Comedy Drama,1921.0,orphans,kid the comedy drama orphans
3313,Class Reunion,Comedy,1982.0,,class reunion comedy
3315,Happy Go Lovely,Musical,1951.0,,happy go lovely musical
3316,Reindeer Games,Action Thriller,2000.0,,reindeer games action thriller
3317,Wonder Boys,Comedy Drama,2000.0,writing,wonder boys comedy drama writing
3323,Chain of Fools,Comedy Crime,2000.0,,chain of fools comedy crime
3324,Drowning Mona,Comedy,2000.0,,drowning mona comedy
3325,"Next Best Thing, The",Comedy Drama,2000.0,,next best thing the comedy drama
3326,What Planet Are You From?,Comedy Sci-Fi,2000.0,,what planet are you from comedy sci fi
3327,Beyond the Mat,Documentary,1999.0,,beyond the mat documentary
3328,Ghost Dog: The Way of the Samurai,Crime Drama,1999.0,,ghost dog the way of the samurai crime drama
3329,The Year My Voice Broke,Drama Romance,1987.0,,the year my voice broke drama romance
3330,Splendor in the Grass,Drama Romance,1961.0,adolescence sexuality,splendor in the grass drama romance adolescence sexuality
3331,My Tutor,Drama,1983.0,,my tutor drama
3334,Key Largo,Crime Drama Film-Noir Thriller,1948.0,,key largo crime drama film noir thriller
3338,For All Mankind,Documentary,1989.0,in netflix queue,for all mankind documentary in netflix queue
3341,Born Yesterday,Comedy,1950.0,remade,born yesterday comedy remade
3342,Birdy,Drama War,1984.0,,birdy drama war
3344,Blood Feast,Horror,1963.0,,blood feast horror
3345,"Charlie, the Lonesome Cougar",Adventure Children,1967.0,,charlie the lonesome cougar adventure children
3347,Never Cry Wolf,Adventure Drama,1983.0,,never cry wolf adventure drama
3350,"Raisin in the Sun, A",Drama,1961.0,,raisin in the sun a drama
3353,"Closer You Get, The",Comedy Romance,2000.0,,closer you get the comedy romance
3354,Mission to Mars,Sci-Fi,2000.0,,mission to mars sci fi
3355,"Ninth Gate, The",Fantasy Horror Mystery Thriller,1999.0,,ninth gate the fantasy horror mystery thriller
3357,East-West (Est-ouest),Drama Romance,1999.0,,east west est ouest drama romance
3358,Defending Your Life,Comedy Drama Fantasy Romance,1991.0,,defending your life comedy drama fantasy romance
3359,Breaking Away,Comedy Drama,1979.0,,breaking away comedy drama
3360,Hoosiers (a.k.a. Best Shot),Drama Romance,1986.0,basketball,hoosiers a k a best shot drama romance basketball
3361,Bull Durham,Comedy Drama Romance,1988.0,,bull durham comedy drama romance
3362,Dog Day Afternoon,Crime Drama,1975.0,,dog day afternoon crime drama
3363,American Graffiti,Comedy Drama,1973.0,,american graffiti comedy drama
3364,"Asphalt Jungle, The",Crime Film-Noir,1950.0,,asphalt jungle the crime film noir
3365,"Searchers, The",Drama Western,1956.0,,searchers the drama western
3368,"Big Country, The",Romance Western,1958.0,,big country the romance western
3370,Betrayed,Drama Thriller,1988.0,,betrayed drama thriller
3372,"Bridge at Remagen, The",Action War,1969.0,,bridge at remagen the action war
3374,Daughters of the Dust,Drama,1991.0,,daughters of the dust drama
3378,"Ogre, The (Unhold, Der)",Drama,1996.0,,ogre the unhold der drama
3379,On the Beach,Drama,1959.0,,on the beach drama
3384,"Taking of Pelham One Two Three, The",Action Crime,1974.0,subway,taking of pelham one two three the action crime subway
3385,Volunteers,Comedy,1985.0,peace corp,volunteers comedy peace corp
3386,JFK,Drama Mystery Thriller,1991.0,politics president,jfk drama mystery thriller politics president
3387,Who's Harry Crumb?,Comedy Mystery,1989.0,,who s harry crumb comedy mystery
3388,Harry and the Hendersons,Children Comedy,1987.0,,harry and the hendersons children comedy
3389,Let's Get Harry,Action Adventure,1986.0,,let s get harry action adventure
3390,Shanghai Surprise,Adventure Crime Drama Romance,1986.0,,shanghai surprise adventure crime drama romance
3391,Who's That Girl?,Comedy,1987.0,,who s that girl comedy
3392,She-Devil,Comedy,1989.0,,she devil comedy
3393,Date with an Angel,Comedy Fantasy Romance,1987.0,,date with an angel comedy fantasy romance
3394,Blind Date,Comedy Romance,1987.0,,blind date comedy romance
3395,Nadine,Comedy,1987.0,,nadine comedy
3396,"Muppet Movie, The",Adventure Children Comedy Musical,1979.0,,muppet movie the adventure children comedy musical
3397,"Great Muppet Caper, The",Children Comedy,1981.0,,great muppet caper the children comedy
3398,"Muppets Take Manhattan, The",Children Comedy Musical,1984.0,,muppets take manhattan the children comedy musical
3400,We're Back! A Dinosaur's Story,Adventure Animation Children Fantasy,1993.0,,we re back a dinosaur s story adventure animation children fantasy
3401,Baby... Secret of the Lost Legend,Adventure Sci-Fi,1985.0,,baby secret of the lost legend adventure sci fi
3402,Turtle Diary,Comedy Drama Romance,1985.0,,turtle diary comedy drama romance
3403,Raise the Titanic,Drama Thriller,1980.0,,raise the titanic drama thriller
3404,Titanic,Action Drama,1953.0,,titanic action drama
3405,"Night to Remember, A",Action Drama,1958.0,,night to remember a action drama
3406,Captain Horatio Hornblower R.N.,Action Adventure Drama War,1951.0,,captain horatio hornblower r n action adventure drama war
3408,Erin Brockovich,Drama,2000.0,scandal true story,erin brockovich drama scandal true story
3409,Final Destination,Drama Thriller,2000.0,,final destination drama thriller
3410,Soft Fruit,Comedy Drama,1999.0,,soft fruit comedy drama
3412,"Bear, The (Ours, L')",Adventure Children Drama,1988.0,,bear the ours l adventure children drama
3414,Love Is a Many-Splendored Thing,Drama Romance War,1955.0,,love is a many splendored thing drama romance war
3415,"Mirror, The (Zerkalo)",Drama,1975.0,,mirror the zerkalo drama
3417,"Crimson Pirate, The",Adventure Comedy,1952.0,,crimson pirate the adventure comedy
3418,Thelma & Louise,Adventure Crime Drama,1991.0,,thelma louise adventure crime drama
3420,...And Justice for All,Drama Thriller,1979.0,lawyers,and justice for all drama thriller lawyers
3421,Animal House,Comedy,1978.0,college toga,animal house comedy college toga
3422,She's Gotta Have It,Comedy Romance,1986.0,,she s gotta have it comedy romance
3423,School Daze,Drama,1988.0,,school daze drama
3424,Do the Right Thing,Drama,1989.0,racism great cinematography,do the right thing drama racism great cinematography
3425,Mo' Better Blues,Drama Musical,1990.0,,mo better blues drama musical
3426,Jungle Fever,Drama Romance,1991.0,,jungle fever drama romance
3428,"Champ, The",Drama,1979.0,,champ the drama
3429,Creature Comforts,Animation Comedy,1989.0,aardman,creature comforts animation comedy aardman
3430,Death Wish,Action Crime Drama,1974.0,,death wish action crime drama
3431,Death Wish 2,Action Drama,1982.0,,death wish 2 action drama
3432,Death Wish 3,Action Drama,1985.0,,death wish 3 action drama
3433,Death Wish 4: The Crackdown,Action Drama,1987.0,,death wish 4 the crackdown action drama
3434,Death Wish 5: The Face of Death,Action Drama,1994.0,,death wish 5 the face of death action drama
3435,Double Indemnity,Crime Drama Film-Noir,1944.0,insurance,double indemnity crime drama film noir insurance
3436,Dying Young,Drama Romance,1991.0,,dying young drama romance
3438,Teenage Mutant Ninja Turtles,Action Children Comedy Fantasy Sci-Fi,1990.0,,teenage mutant ninja turtles action children comedy fantasy sci fi
3439,Teenage Mutant Ninja Turtles II: The Secret of the Ooze,Action Children Fantasy,1991.0,,teenage mutant ninja turtles ii the secret of the ooze action children fantasy
3440,Teenage Mutant Ninja Turtles III,Action Adventure Children Comedy Fantasy,1993.0,,teenage mutant ninja turtles iii action adventure children comedy fantasy
3441,Red Dawn,Action Drama War,1984.0,,red dawn action drama war
3442,Band of the Hand,Action Crime Drama,1986.0,,band of the hand action crime drama
3444,Bloodsport,Action,1988.0,,bloodsport action
3445,Eyes of Laura Mars,Mystery Thriller,1978.0,,eyes of laura mars mystery thriller
3446,Funny Bones,Comedy Drama,1995.0,,funny bones comedy drama
3447,"Good Earth, The",Drama,1937.0,pearl s buck,good earth the drama pearl s buck
3448,"Good Morning, Vietnam",Comedy Drama War,1987.0,,good morning vietnam comedy drama war
3449,"Good Mother, The",Drama,1988.0,,good mother the drama
3450,Grumpy Old Men,Comedy,1993.0,,grumpy old men comedy
3451,Guess Who's Coming to Dinner,Drama,1967.0,hepburn and tracy interracial marriage prejudice racism,guess who s coming to dinner drama hepburn and tracy interracial marriage prejudice racism
3452,Romeo Must Die,Action Crime Romance Thriller,2000.0,,romeo must die action crime romance thriller
3453,Here on Earth,Drama Romance,2000.0,,here on earth drama romance
3454,Whatever It Takes,Comedy Romance,2000.0,,whatever it takes comedy romance
3455,Buddy Boy,Drama Thriller,1999.0,,buddy boy drama thriller
3456,"Color of Paradise, The (Rang-e khoda)",Drama,1999.0,in netflix queue,color of paradise the rang e khoda drama in netflix queue
3459,Gothic,Drama Horror,1986.0,,gothic drama horror
3461,Lord of the Flies,Adventure Drama Thriller,1963.0,island,lord of the flies adventure drama thriller island
3462,Modern Times,Comedy Drama Romance,1936.0,factory,modern times comedy drama romance factory
3466,Heart and Souls,Comedy Fantasy,1993.0,,heart and souls comedy fantasy
3467,Hud,Drama Western,1963.0,,hud drama western
3468,"Hustler, The",Drama,1961.0,pool,hustler the drama pool
3469,Inherit the Wind,Drama,1960.0,court evolution religion,inherit the wind drama court evolution religion
3470,Dersu Uzala,Adventure Drama,1975.0,,dersu uzala adventure drama
3471,Close Encounters of the Third Kind,Adventure Drama Sci-Fi,1977.0,,close encounters of the third kind adventure drama sci fi
3473,Jonah Who Will Be 25 in the Year 2000 (Jonas qui aura 25 ans en l'an 2000),Comedy,1976.0,,jonah who will be 25 in the year 2000 jonas qui aura 25 ans en l an 2000 comedy
3474,Retroactive,Sci-Fi Thriller,1997.0,,retroactive sci fi thriller
3475,"Place in the Sun, A",Drama Romance,1951.0,class,place in the sun a drama romance class
3476,Jacob's Ladder,Horror Mystery,1990.0,,jacob s ladder horror mystery
3477,Empire Records,Comedy Drama,1995.0,,empire records comedy drama
3478,"Bamba, La",Drama,1987.0,,bamba la drama
3479,Ladyhawke,Adventure Fantasy Romance,1985.0,,ladyhawke adventure fantasy romance
3480,Lucas,Drama Romance,1986.0,,lucas drama romance
3481,High Fidelity,Comedy Drama Romance,2000.0,music nick hornby,high fidelity comedy drama romance music nick hornby
3483,"Road to El Dorado, The",Animation Children,2000.0,,road to el dorado the animation children
3484,"Skulls, The",Thriller,2000.0,,skulls the thriller
3489,Hook,Adventure Comedy Fantasy,1991.0,peter pan,hook adventure comedy fantasy peter pan
3492,"Son of the Sheik, The",Adventure Comedy Romance,1926.0,,son of the sheik the adventure comedy romance
3494,True Grit,Adventure Drama Western,1969.0,,true grit adventure drama western
3496,Madame Sousatzka,Drama,1988.0,,madame sousatzka drama
3497,Max Dugan Returns,Comedy,1983.0,,max dugan returns comedy
3498,Midnight Express,Drama,1978.0,in netflix queue,midnight express drama in netflix queue
3499,Misery,Drama Horror Thriller,1990.0,claustrophobic horror scary stephen king suspenseful tense thriller,misery drama horror thriller claustrophobic horror scary stephen king suspenseful tense thriller
3500,Mr. Saturday Night,Comedy Drama,1992.0,,mr saturday night comedy drama
3501,Murphy's Romance,Comedy Romance,1985.0,,murphy s romance comedy romance
3502,My Life,Drama,1993.0,death,my life drama death
3503,Solaris (Solyaris),Drama Mystery Sci-Fi,1972.0,,solaris solyaris drama mystery sci fi
3504,Network,Comedy Drama,1976.0,journalism,network comedy drama journalism
3505,No Way Out,Drama Mystery Thriller,1987.0,,no way out drama mystery thriller
3506,North Dallas Forty,Comedy Drama,1979.0,,north dallas forty comedy drama
3507,"Odd Couple, The",Comedy,1968.0,in netflix queue,odd couple the comedy in netflix queue
3508,"Outlaw Josey Wales, The",Action Adventure Drama Thriller Western,1976.0,,outlaw josey wales the action adventure drama thriller western
3510,Frequency,Drama Thriller,2000.0,,frequency drama thriller
3511,Ready to Rumble,Comedy,2000.0,,ready to rumble comedy
3512,Return to Me,Drama Romance,2000.0,transplants,return to me drama romance transplants
3513,Rules of Engagement,Drama Thriller,2000.0,,rules of engagement drama thriller
3514,Joe Gould's Secret,Drama,2000.0,,joe gould s secret drama
3515,Me Myself I,Comedy Romance,2000.0,alternate endings,me myself i comedy romance alternate endings
3516,"Bell, Book and Candle",Comedy Fantasy Romance,1958.0,,bell book and candle comedy fantasy romance
3519,Force 10 from Navarone,Action Drama War,1978.0,,force 10 from navarone action drama war
3521,Mystery Train,Comedy Drama,1989.0,,mystery train comedy drama
3524,Arthur,Comedy Romance,1981.0,,arthur comedy romance
3525,Bachelor Party,Comedy,1984.0,,bachelor party comedy
3526,Parenthood,Comedy Drama,1989.0,families,parenthood comedy drama families
3527,Predator,Action Sci-Fi Thriller,1987.0,aliens sci-fi scifi cult aliens arnold schwarzenegger dialogue guns jesse ventura macho sci-fi scifi cult,predator action sci fi thriller aliens sci fi scifi cult aliens arnold schwarzenegger dialogue guns jesse ventura macho sci fi scifi cult
3528,"Prince of Tides, The",Drama Romance,1991.0,psychiatrist,prince of tides the drama romance psychiatrist
3529,"Postman Always Rings Twice, The",Crime Thriller,1981.0,,postman always rings twice the crime thriller
3531,All the Vermeers in New York,Comedy Drama Romance,1990.0,,all the vermeers in new york comedy drama romance
3534,28 Days,Drama,2000.0,,28 days drama
3535,American Psycho,Crime Horror Mystery Thriller,2000.0,,american psycho crime horror mystery thriller
3536,Keeping the Faith,Comedy Drama Romance,2000.0,priest rabbi,keeping the faith comedy drama romance priest rabbi
3537,Where the Money Is,Comedy Drama,2000.0,,where the money is comedy drama
3538,East is East,Comedy,1999.0,,east is east comedy
3539,"Filth and the Fury, The",Documentary,2000.0,,filth and the fury the documentary
3543,Diner,Comedy Drama,1982.0,,diner comedy drama
3544,Shakes the Clown,Comedy,1992.0,,shakes the clown comedy
3545,Cabaret,Drama Musical,1972.0,,cabaret drama musical
3546,What Ever Happened to Baby Jane?,Drama Horror Thriller,1962.0,show business,what ever happened to baby jane drama horror thriller show business
3548,Auntie Mame,Comedy Drama,1958.0,1920s,auntie mame comedy drama 1920s
3549,Guys and Dolls,Comedy Musical Romance,1955.0,gambling,guys and dolls comedy musical romance gambling
3550,The Hunger,Horror,1983.0,,the hunger horror
3551,Marathon Man,Crime Drama Thriller,1976.0,,marathon man crime drama thriller
3552,Caddyshack,Comedy,1980.0,golf,caddyshack comedy golf
3553,Gossip,Drama Thriller,2000.0,,gossip drama thriller
3554,Love and Basketball,Drama Romance,2000.0,,love and basketball drama romance
3555,U-571,Action Thriller War,2000.0,,u 571 action thriller war
3556,"Virgin Suicides, The",Drama Romance,1999.0,sofia coppola 1970s suicide,virgin suicides the drama romance sofia coppola 1970s suicide
3557,Jennifer 8,Mystery Thriller,1992.0,,jennifer 8 mystery thriller
3559,Limelight,Comedy Drama Romance,1952.0,in netflix queue,limelight comedy drama romance in netflix queue
3563,"Crow: Salvation, The",Action Horror,2000.0,,crow salvation the action horror
3564,"Flintstones in Viva Rock Vegas, The",Children Comedy,2000.0,,flintstones in viva rock vegas the children comedy
3565,Where the Heart Is,Comedy Drama,2000.0,,where the heart is comedy drama
3566,"Big Kahuna, The",Comedy Drama,2000.0,business religion,big kahuna the comedy drama business religion
3567,Bossa Nova,Comedy Drama Romance,2000.0,,bossa nova comedy drama romance
3568,Smiling Fish and Goat on Fire,Comedy Romance,1999.0,,smiling fish and goat on fire comedy romance
3569,"Idiots, The (Idioterne)",Comedy Drama,1998.0,,idiots the idioterne comedy drama
3571,Time Code,Comedy Drama,2000.0,,time code comedy drama
3572,Carnosaur,Horror Sci-Fi,1993.0,,carnosaur horror sci fi
3573,Carnosaur 2,Horror Sci-Fi,1995.0,,carnosaur 2 horror sci fi
3574,Carnosaur 3: Primal Species,Horror Sci-Fi,1996.0,,carnosaur 3 primal species horror sci fi
3576,"Hidden, The",Action Horror Sci-Fi,1987.0,,hidden the action horror sci fi
3577,Two Moon Junction,Drama Romance,1988.0,,two moon junction drama romance
3578,Gladiator,Action Adventure Drama,2000.0,ancient rome epic history imdb top 250 revenge rome russell crowe romans,gladiator action adventure drama ancient rome epic history imdb top 250 revenge rome russell crowe romans
3580,Up at the Villa,Drama,2000.0,,up at the villa drama
3581,Human Traffic,Comedy,1999.0,,human traffic comedy
3584,Breathless,Action Drama Romance Thriller,1983.0,,breathless action drama romance thriller
3586,The Idolmaker,Drama Romance,1980.0,,the idolmaker drama romance
3587,Inferno,Horror,1980.0,,inferno horror
3590,"Lords of Flatbush, The",Comedy Drama,1974.0,,lords of flatbush the comedy drama
3591,Mr. Mom,Comedy Drama,1983.0,,mr mom comedy drama
3592,"Time Masters (Maîtres du temps, Les)",Animation Sci-Fi,1982.0,,time masters ma tres du temps les animation sci fi
3593,Battlefield Earth,Action Sci-Fi,2000.0,,battlefield earth action sci fi
3594,Center Stage,Drama Musical,2000.0,,center stage drama musical
3596,Screwed,Comedy,2000.0,,screwed comedy
3597,Whipped,Comedy,2000.0,,whipped comedy
3598,Hamlet,Crime Drama Romance Thriller,2000.0,,hamlet crime drama romance thriller
3599,Anchors Aweigh,Comedy Musical,1945.0,,anchors aweigh comedy musical
3604,Gypsy,Musical,1962.0,,gypsy musical
3606,On the Town,Comedy Musical Romance,1949.0,,on the town comedy musical romance
3608,Pee-wee's Big Adventure,Adventure Comedy,1985.0,pee wee herman,pee wee s big adventure adventure comedy pee wee herman
3609,Regret to Inform,Documentary,1998.0,,regret to inform documentary
3614,Honeymoon in Vegas,Comedy Romance,1992.0,,honeymoon in vegas comedy romance
3615,Dinosaur,Adventure Animation Children,2000.0,,dinosaur adventure animation children
3616,Loser,Comedy Romance,2000.0,,loser comedy romance
3617,Road Trip,Comedy,2000.0,,road trip comedy
3618,Small Time Crooks,Comedy Crime,2000.0,,small time crooks comedy crime
3619,"Hollywood Knights, The",Comedy,1980.0,,hollywood knights the comedy
3622,"Twelve Chairs, The",Comedy,1970.0,,twelve chairs the comedy
3623,Mission: Impossible II,Action Adventure Thriller,2000.0,,mission impossible ii action adventure thriller
3624,Shanghai Noon,Action Adventure Comedy Western,2000.0,,shanghai noon action adventure comedy western
3625,Better Living Through Circuitry,Documentary,1999.0,,better living through circuitry documentary
3626,8 ½ Women (a.k.a. 8 1/2 Women) (a.k.a. Eight and a Half Women),Comedy,1999.0,,8 women a k a 8 1 2 women a k a eight and a half women comedy
3627,Carnival of Souls,Horror Thriller,1962.0,,carnival of souls horror thriller
3628,Flying Tigers,Action Drama Romance War,1942.0,,flying tigers action drama romance war
3629,"Gold Rush, The",Adventure Comedy Romance,1925.0,mining,gold rush the adventure comedy romance mining
3632,Monsieur Verdoux,Comedy Crime,1947.0,,monsieur verdoux comedy crime
3633,On Her Majesty's Secret Service,Action Adventure Romance Thriller,1969.0,,on her majesty s secret service action adventure romance thriller
3634,Seven Days in May,Thriller,1964.0,,seven days in may thriller
3635,"Spy Who Loved Me, The",Action Adventure Thriller,1977.0,,spy who loved me the action adventure thriller
3637,Vagabond (Sans toit ni loi),Drama,1985.0,,vagabond sans toit ni loi drama
3638,Moonraker,Action Adventure Sci-Fi Thriller,1979.0,,moonraker action adventure sci fi thriller
3639,"Man with the Golden Gun, The",Action Adventure Thriller,1974.0,,man with the golden gun the action adventure thriller
3640,"King in New York, A",Comedy Drama,1957.0,,king in new york a comedy drama
3641,"Woman of Paris, A",Drama,1923.0,,woman of paris a drama
3643,"Fighting Seabees, The",Action Drama War,1944.0,,fighting seabees the action drama war
3646,Big Momma's House,Comedy,2000.0,,big momma s house comedy
3648,"Abominable Snowman, The (Abominable Snowman of the Himalayas, The)",Horror Sci-Fi,1957.0,,abominable snowman the abominable snowman of the himalayas the horror sci fi
3649,American Gigolo,Drama,1980.0,,american gigolo drama
3652,"City of the Living Dead (a.k.a. Gates of Hell, The) (Paura nella città dei morti viventi)",Horror,1980.0,,city of the living dead a k a gates of hell the paura nella citt dei morti viventi horror
3653,"Endless Summer, The",Documentary,1966.0,,endless summer the documentary
3654,"Guns of Navarone, The",Action Adventure Drama War,1961.0,,guns of navarone the action adventure drama war
3655,Blow-Out (La grande bouffe),Drama,1973.0,,blow out la grande bouffe drama
3658,Quatermass and the Pit,Horror Sci-Fi,1967.0,,quatermass and the pit horror sci fi
3660,Puppet Master,Horror Sci-Fi Thriller,1989.0,,puppet master horror sci fi thriller
3661,Puppet Master II,Horror Sci-Fi Thriller,1991.0,,puppet master ii horror sci fi thriller
3662,Puppet Master III: Toulon's Revenge,Horror Sci-Fi Thriller,1991.0,,puppet master iii toulon s revenge horror sci fi thriller
3663,Puppet Master 4,Horror Sci-Fi Thriller,1993.0,,puppet master 4 horror sci fi thriller
3664,Puppet Master 5: The Final Chapter,Horror Sci-Fi Thriller,1994.0,,puppet master 5 the final chapter horror sci fi thriller
3667,Rent-A-Cop,Action Comedy Crime,1988.0,,rent a cop action comedy crime
3668,Romeo and Juliet,Drama Romance,1968.0,,romeo and juliet drama romance
3669,Stay Tuned,Comedy,1992.0,,stay tuned comedy
3671,Blazing Saddles,Comedy Western,1974.0,dark humor easygoing silly,blazing saddles comedy western dark humor easygoing silly
3672,Benji,Adventure Children,1974.0,,benji adventure children
3673,Benji the Hunted,Adventure Children,1987.0,,benji the hunted adventure children
3674,For the Love of Benji,Adventure Children Comedy Drama,1977.0,,for the love of benji adventure children comedy drama
3675,White Christmas,Comedy Musical Romance,1954.0,christmas,white christmas comedy musical romance christmas
3676,Eraserhead,Drama Horror,1977.0,in netflix queue art house atmospheric creepy cryptic dark disturbing dreamlike enigmatic fucked up gruesome hallucinatory insane paranoid strange surreal weird,eraserhead drama horror in netflix queue art house atmospheric creepy cryptic dark disturbing dreamlike enigmatic fucked up gruesome hallucinatory insane paranoid strange surreal weird
3677,Baraka,Documentary,1992.0,,baraka documentary
3678,"Man with the Golden Arm, The",Drama,1955.0,,man with the golden arm the drama
3679,"Decline of Western Civilization, The",Documentary Musical,1981.0,,decline of western civilization the documentary musical
3680,"Decline of Western Civilization Part II: The Metal Years, The",Documentary,1988.0,,decline of western civilization part ii the metal years the documentary
3681,For a Few Dollars More (Per qualche dollaro in più),Action Drama Thriller Western,1965.0,,for a few dollars more per qualche dollaro in pi action drama thriller western
3682,Magnum Force,Action Crime Drama Thriller,1973.0,,magnum force action crime drama thriller
3683,Blood Simple,Crime Drama Film-Noir,1984.0,coen brothers,blood simple crime drama film noir coen brothers
3684,"Fabulous Baker Boys, The",Drama Romance,1989.0,,fabulous baker boys the drama romance
3685,Prizzi's Honor,Comedy Drama Romance,1985.0,,prizzi s honor comedy drama romance
3686,Flatliners,Horror Sci-Fi Thriller,1990.0,,flatliners horror sci fi thriller
3687,Light Years (Gandahar),Adventure Animation Fantasy Sci-Fi,1988.0,,light years gandahar adventure animation fantasy sci fi
3688,Porky's,Comedy,1982.0,,porky s comedy
3689,Porky's II: The Next Day,Comedy,1983.0,,porky s ii the next day comedy
3690,Porky's Revenge,Comedy,1985.0,,porky s revenge comedy
3691,Private School,Comedy,1983.0,,private school comedy
3692,Class of Nuke 'Em High,Comedy Horror,1986.0,,class of nuke em high comedy horror
3693,"Toxic Avenger, The",Comedy Horror,1985.0,,toxic avenger the comedy horror
3694,"Toxic Avenger, Part II, The",Comedy Horror,1989.0,,toxic avenger part ii the comedy horror
3695,"Toxic Avenger Part III: The Last Temptation of Toxie, The",Comedy Horror,1989.0,,toxic avenger part iii the last temptation of toxie the comedy horror
3696,Night of the Creeps,Comedy Horror Sci-Fi Thriller,1986.0,,night of the creeps comedy horror sci fi thriller
3697,Predator 2,Action Sci-Fi Thriller,1990.0,,predator 2 action sci fi thriller
3698,"Running Man, The",Action Sci-Fi,1987.0,,running man the action sci fi
3699,Starman,Adventure Drama Romance Sci-Fi,1984.0,,starman adventure drama romance sci fi
3700,"Brother from Another Planet, The",Drama Sci-Fi,1984.0,,brother from another planet the drama sci fi
3701,Alien Nation,Crime Drama Sci-Fi Thriller,1988.0,,alien nation crime drama sci fi thriller
3702,Mad Max,Action Adventure Sci-Fi,1979.0,,mad max action adventure sci fi
3703,"Road Warrior, The (Mad Max 2)",Action Adventure Sci-Fi Thriller,1981.0,,road warrior the mad max 2 action adventure sci fi thriller
3704,Mad Max Beyond Thunderdome,Action Adventure Sci-Fi,1985.0,,mad max beyond thunderdome action adventure sci fi
3705,Bird on a Wire,Action Comedy Romance,1990.0,,bird on a wire action comedy romance
3706,Angel Heart,Film-Noir Horror Mystery Thriller,1987.0,,angel heart film noir horror mystery thriller
3707,9 1/2 Weeks (Nine 1/2 Weeks),Drama Romance,1986.0,,9 1 2 weeks nine 1 2 weeks drama romance
3708,Firestarter,Horror Thriller,1984.0,,firestarter horror thriller
3709,Sleepwalkers,Horror,1992.0,,sleepwalkers horror
3710,Action Jackson,Action Comedy Crime Thriller,1988.0,,action jackson action comedy crime thriller
3711,Sarafina!,Drama,1992.0,,sarafina drama
3712,Soapdish,Comedy,1991.0,television,soapdish comedy television
3713,"Long Walk Home, The",Drama,1990.0,,long walk home the drama
3714,Clara's Heart,Drama,1988.0,,clara s heart drama
3715,Burglar,Comedy Crime,1987.0,,burglar comedy crime
3716,Fatal Beauty,Action Comedy Crime Drama,1987.0,,fatal beauty action comedy crime drama
3717,Gone in 60 Seconds,Action Crime,2000.0,,gone in 60 seconds action crime
3719,Love's Labour's Lost,Comedy Romance,2000.0,,love s labour s lost comedy romance
3720,Sunshine,Drama,1999.0,,sunshine drama
3723,Hamlet,Drama,1990.0,shakespeare,hamlet drama shakespeare
3724,Coming Home,Drama War,1978.0,vietnam,coming home drama war vietnam
3725,American Pop,Animation Musical,1981.0,,american pop animation musical
3726,Assault on Precinct 13,Action Thriller,1976.0,,assault on precinct 13 action thriller
3727,Near Dark,Horror Western,1987.0,,near dark horror western
3728,One False Move,Crime Drama Film-Noir Thriller,1992.0,,one false move crime drama film noir thriller
3729,Shaft,Action Crime Drama Thriller,1971.0,,shaft action crime drama thriller
3730,"Conversation, The",Drama Mystery,1974.0,spying,conversation the drama mystery spying
3731,Cutter's Way,Drama Thriller,1981.0,,cutter s way drama thriller
3732,"Fury, The",Horror,1978.0,,fury the horror
3733,"Paper Chase, The",Drama,1973.0,,paper chase the drama
3735,Serpico,Crime Drama,1973.0,police,serpico crime drama police
3736,"Ace in the Hole (Big Carnival, The)",Drama,1951.0,,ace in the hole big carnival the drama
3737,Lonely Are the Brave,Drama Western,1962.0,,lonely are the brave drama western
3738,"Sugarland Express, The",Drama,1974.0,,sugarland express the drama
3739,Trouble in Paradise,Comedy Romance,1932.0,,trouble in paradise comedy romance
3740,Big Trouble in Little China,Action Adventure Comedy Fantasy,1986.0,,big trouble in little china action adventure comedy fantasy
3741,Badlands,Crime Drama Thriller,1973.0,,badlands crime drama thriller
3742,Battleship Potemkin,Drama War,1925.0,,battleship potemkin drama war
3743,Boys and Girls,Comedy Romance,2000.0,,boys and girls comedy romance
3744,Shaft,Action Crime Thriller,2000.0,,shaft action crime thriller
3745,Titan A.E.,Action Adventure Animation Children Sci-Fi,2000.0,,titan a e action adventure animation children sci fi
3746,Butterfly (La lengua de las mariposas),Drama,1999.0,,butterfly la lengua de las mariposas drama
3747,Jesus' Son,Drama,1999.0,,jesus son drama
3751,Chicken Run,Animation Children Comedy,2000.0,,chicken run animation children comedy
3752,"Me, Myself & Irene",Adventure Comedy,2000.0,,me myself irene adventure comedy
3753,"Patriot, The",Action Drama War,2000.0,,patriot the action drama war
3754,"Adventures of Rocky and Bullwinkle, The",Adventure Animation Children Comedy Fantasy,2000.0,,adventures of rocky and bullwinkle the adventure animation children comedy fantasy
3755,"Perfect Storm, The",Drama Thriller,2000.0,,perfect storm the drama thriller
3756,"Golden Bowl, The",Drama,2000.0,,golden bowl the drama
3758,Communion,Drama Sci-Fi Thriller,1989.0,,communion drama sci fi thriller
3760,"Kentucky Fried Movie, The",Comedy,1977.0,,kentucky fried movie the comedy
3761,"Blood In, Blood Out",Action Crime Drama Thriller,1993.0,,blood in blood out action crime drama thriller
3763,F/X,Action Crime Thriller,1986.0,,f x action crime thriller
3764,F/X2 (a.k.a. F/X 2 - The Deadly Art of Illusion),Action Crime Thriller,1991.0,,f x2 a k a f x 2 the deadly art of illusion action crime thriller
3765,"Hot Spot, The",Crime Drama Romance,1990.0,,hot spot the crime drama romance
3766,Missing in Action,Action War,1984.0,,missing in action action war
3767,Missing in Action 2: The Beginning,Action War,1985.0,,missing in action 2 the beginning action war
3768,Braddock: Missing in Action III,Action War,1988.0,,braddock missing in action iii action war
3769,Thunderbolt and Lightfoot,Action,1974.0,,thunderbolt and lightfoot action
3770,Dreamscape,Horror Sci-Fi Thriller,1984.0,,dreamscape horror sci fi thriller
3771,The Golden Voyage of Sinbad,Action Adventure Fantasy,1973.0,,the golden voyage of sinbad action adventure fantasy
3773,House Party,Comedy,1990.0,,house party comedy
3774,House Party 2,Comedy Drama Romance,1991.0,,house party 2 comedy drama romance
3783,Croupier,Crime Drama,1998.0,,croupier crime drama
3784,"Kid, The",Comedy Fantasy,2000.0,,kid the comedy fantasy
3785,Scary Movie,Comedy Horror,2000.0,,scary movie comedy horror
3786,But I'm a Cheerleader,Comedy,1999.0,,but i m a cheerleader comedy
3787,Shower (Xizao),Comedy,1999.0,,shower xizao comedy
3788,Blow-Up (Blowup),Drama Mystery,1966.0,,blow up blowup drama mystery
3789,"Pawnbroker, The",Drama,1964.0,,pawnbroker the drama
3790,Groove,Drama,2000.0,,groove drama
3791,Footloose,Drama,1984.0,,footloose drama
3792,Duel in the Sun,Drama Romance Western,1946.0,,duel in the sun drama romance western
3793,X-Men,Action Adventure Sci-Fi,2000.0,action comic book hugh jackman marvel superhero superhero,x men action adventure sci fi action comic book hugh jackman marvel superhero superhero
3794,Chuck & Buck,Comedy Drama,2000.0,,chuck buck comedy drama
3795,"Five Senses, The",Drama,1999.0,,five senses the drama
3797,"In Crowd, The",Thriller,2000.0,,in crowd the thriller
3798,What Lies Beneath,Drama Horror Mystery,2000.0,,what lies beneath drama horror mystery
3799,Pokémon the Movie 2000,Animation Children,2000.0,,pok mon the movie 2000 animation children
3801,Anatomy of a Murder,Drama Mystery,1959.0,court,anatomy of a murder drama mystery court
3802,Freejack,Action Sci-Fi,1992.0,,freejack action sci fi
3806,Mackenna's Gold,Western,1969.0,,mackenna s gold western
3807,Sinbad and the Eye of the Tiger,Adventure Fantasy,1977.0,,sinbad and the eye of the tiger adventure fantasy
3808,"Two Women (Ciociara, La)",Drama War,1960.0,,two women ciociara la drama war
3809,What About Bob?,Comedy,1991.0,,what about bob comedy
3810,White Sands,Drama Thriller,1992.0,,white sands drama thriller
3811,Breaker Morant,Drama War,1980.0,court,breaker morant drama war court
3812,Everything You Always Wanted to Know About Sex * But Were Afraid to Ask,Comedy,1972.0,,everything you always wanted to know about sex but were afraid to ask comedy
3813,Interiors,Drama,1978.0,,interiors drama
3814,Love and Death,Comedy,1975.0,,love and death comedy
3816,"Official Story, The (La historia oficial)",Drama,1985.0,missing children,official story the la historia oficial drama missing children
3819,Tampopo,Comedy,1985.0,,tampopo comedy
3821,Nutty Professor II: The Klumps,Comedy,2000.0,,nutty professor ii the klumps comedy
3822,"Girl on the Bridge, The (Fille sur le pont, La)",Drama Romance,1999.0,,girl on the bridge the fille sur le pont la drama romance
3823,Wonderland,Drama,1999.0,,wonderland drama
3824,Autumn in New York,Drama Romance,2000.0,,autumn in new york drama romance
3825,Coyote Ugly,Comedy Drama Romance,2000.0,,coyote ugly comedy drama romance
3826,Hollow Man,Horror Sci-Fi Thriller,2000.0,,hollow man horror sci fi thriller
3827,Space Cowboys,Action Adventure Comedy Sci-Fi,2000.0,,space cowboys action adventure comedy sci fi
3830,Psycho Beach Party,Comedy Horror Thriller,2000.0,,psycho beach party comedy horror thriller
3831,Saving Grace,Comedy,2000.0,,saving grace comedy
3832,"Black Sabbath (Tre volti della paura, I)",Horror,1963.0,,black sabbath tre volti della paura i horror
3833,"Brain That Wouldn't Die, The",Horror Sci-Fi,1962.0,,brain that wouldn t die the horror sci fi
3834,Bronco Billy,Adventure Drama Romance,1980.0,,bronco billy adventure drama romance
3835,"Crush, The",Thriller,1993.0,,crush the thriller
3836,Kelly's Heroes,Action Comedy War,1970.0,,kelly s heroes action comedy war
3837,Phantasm II,Action Fantasy Horror Sci-Fi Thriller,1988.0,,phantasm ii action fantasy horror sci fi thriller
3838,Phantasm III: Lord of the Dead,Horror,1994.0,,phantasm iii lord of the dead horror
3839,Phantasm IV: Oblivion,Horror,1998.0,,phantasm iv oblivion horror
3840,Pumpkinhead,Horror,1988.0,,pumpkinhead horror
3841,Air America,Action Comedy,1990.0,,air america action comedy
3843,Sleepaway Camp,Horror,1983.0,,sleepaway camp horror
3844,Steel Magnolias,Drama,1989.0,diabetes,steel magnolias drama diabetes
3845,And God Created Woman (Et Dieu... créa la femme),Drama,1956.0,,and god created woman et dieu cr a la femme drama
3846,Easy Money,Comedy,1983.0,,easy money comedy
3847,"Ilsa, She Wolf of the SS",Horror,1974.0,,ilsa she wolf of the ss horror
3849,The Spiral Staircase,Horror Mystery Thriller,1945.0,disability,the spiral staircase horror mystery thriller disability
3851,I'm the One That I Want,Comedy,2000.0,,i m the one that i want comedy
3852,"Tao of Steve, The",Comedy,2000.0,,tao of steve the comedy
3855,"Affair of Love, An (Liaison pornographique, Une)",Drama Romance,1999.0,,affair of love an liaison pornographique une drama romance
3857,Bless the Child,Thriller,2000.0,,bless the child thriller
3858,Cecil B. DeMented,Comedy,2000.0,,cecil b demented comedy
3859,"Eyes of Tammy Faye, The",Documentary,2000.0,in netflix queue televangelist,eyes of tammy faye the documentary in netflix queue televangelist
3861,"Replacements, The",Comedy,2000.0,,replacements the comedy
3862,About Adam,Comedy,2000.0,,about adam comedy
3863,"Cell, The",Drama Horror Thriller,2000.0,,cell the drama horror thriller
3864,Godzilla 2000 (Gojira ni-sen mireniamu),Action Adventure Sci-Fi,1999.0,,godzilla 2000 gojira ni sen mireniamu action adventure sci fi
3865,"Original Kings of Comedy, The",Comedy Documentary,2000.0,,original kings of comedy the comedy documentary
3868,"Naked Gun: From the Files of Police Squad!, The",Action Comedy Crime Romance,1988.0,,naked gun from the files of police squad the action comedy crime romance
3869,"Naked Gun 2 1/2: The Smell of Fear, The",Comedy,1991.0,,naked gun 2 1 2 the smell of fear the comedy
3870,Our Town,Drama,1940.0,,our town drama
3871,Shane,Drama Western,1953.0,,shane drama western
3872,"Suddenly, Last Summer",Drama,1959.0,,suddenly last summer drama
3873,Cat Ballou,Comedy Western,1965.0,,cat ballou comedy western
3877,Supergirl,Action Adventure Fantasy,1984.0,superhero,supergirl action adventure fantasy superhero
3879,"Art of War, The",Action Thriller,2000.0,,art of war the action thriller
3882,Bring It On,Comedy,2000.0,,bring it on comedy
3884,"Crew, The",Comedy,2000.0,,crew the comedy
3888,Skipped Parts,Drama Romance,2000.0,,skipped parts drama romance
3889,Highlander: Endgame (Highlander IV),Action Adventure Fantasy,2000.0,,highlander endgame highlander iv action adventure fantasy
3893,Nurse Betty,Comedy Crime Drama Romance Thriller,2000.0,,nurse betty comedy crime drama romance thriller
3894,Solas,Drama,1999.0,,solas drama
3895,"Watcher, The",Crime Thriller,2000.0,,watcher the crime thriller
3896,"Way of the Gun, The",Crime Thriller,2000.0,,way of the gun the crime thriller
3897,Almost Famous,Drama,2000.0,music journalism music rolling stone,almost famous drama music journalism music rolling stone
3898,Bait,Action Comedy,2000.0,,bait action comedy
3899,Circus,Crime Drama Thriller,2000.0,,circus crime drama thriller
3900,Crime and Punishment in Suburbia,Comedy Drama,2000.0,,crime and punishment in suburbia comedy drama
3901,Duets,Comedy Drama,2000.0,,duets comedy drama
3906,Under Suspicion,Crime Thriller,2000.0,,under suspicion crime thriller
3908,Urban Legends: Final Cut,Horror,2000.0,,urban legends final cut horror
3909,Woman on Top,Comedy Romance,2000.0,,woman on top comedy romance
3910,Dancer in the Dark,Drama Musical,2000.0,blindness factory,dancer in the dark drama musical blindness factory
3911,Best in Show,Comedy,2000.0,satire dogs,best in show comedy satire dogs
3912,Beautiful,Comedy Drama,2000.0,,beautiful comedy drama
3914,"Broken Hearts Club, The",Drama,2000.0,,broken hearts club the drama
3915,Girlfight,Drama,2000.0,,girlfight drama
3916,Remember the Titans,Drama,2000.0,,remember the titans drama
3917,Hellraiser,Horror,1987.0,,hellraiser horror
3918,Hellbound: Hellraiser II,Horror,1988.0,,hellbound hellraiser ii horror
3919,Hellraiser III: Hell on Earth,Horror,1992.0,,hellraiser iii hell on earth horror
3920,"Faraway, So Close (In weiter Ferne, so nah!)",Drama Fantasy Mystery Romance,1993.0,,faraway so close in weiter ferne so nah drama fantasy mystery romance
3922,Bikini Beach,Comedy,1964.0,,bikini beach comedy
3925,Stranger Than Paradise,Comedy Drama,1984.0,,stranger than paradise comedy drama
3926,Voyage to the Bottom of the Sea,Adventure Sci-Fi,1961.0,,voyage to the bottom of the sea adventure sci fi
3927,Fantastic Voyage,Adventure Sci-Fi,1966.0,,fantastic voyage adventure sci fi
3928,Abbott and Costello Meet Frankenstein,Comedy Horror,1948.0,,abbott and costello meet frankenstein comedy horror
3929,"Bank Dick, The",Comedy,1940.0,,bank dick the comedy
3930,"Creature from the Black Lagoon, The",Adventure Horror Sci-Fi,1954.0,,creature from the black lagoon the adventure horror sci fi
3932,"Invisible Man, The",Horror Sci-Fi,1933.0,invisibility,invisible man the horror sci fi invisibility
3933,"Killer Shrews, The",Horror Sci-Fi,1959.0,,killer shrews the horror sci fi
3937,Runaway,Sci-Fi Thriller,1984.0,,runaway sci fi thriller
3938,"Slumber Party Massacre, The",Horror,1982.0,,slumber party massacre the horror
3939,Slumber Party Massacre II,Horror,1987.0,,slumber party massacre ii horror
3940,Slumber Party Massacre III,Horror,1990.0,,slumber party massacre iii horror
3941,Sorority House Massacre,Horror,1986.0,,sorority house massacre horror
3942,Sorority House Massacre II,Horror,1990.0,,sorority house massacre ii horror
3943,Bamboozled,Comedy,2000.0,,bamboozled comedy
3945,Digimon: The Movie,Adventure Animation Children,2000.0,,digimon the movie adventure animation children
3946,Get Carter,Action Drama Thriller,2000.0,,get carter action drama thriller
3947,Get Carter,Action Crime Drama Thriller,1971.0,,get carter action crime drama thriller
3948,Meet the Parents,Comedy,2000.0,comedy robert de niro,meet the parents comedy comedy robert de niro
3949,Requiem for a Dream,Drama,2000.0,drug abuse depressing psychology,requiem for a dream drama drug abuse depressing psychology
3950,Tigerland,Drama,2000.0,,tigerland drama
3951,Two Family House,Drama,2000.0,in netflix queue,two family house drama in netflix queue
3952,"Contender, The",Drama Thriller,2000.0,,contender the drama thriller
3953,Dr. T and the Women,Comedy Romance,2000.0,,dr t and the women comedy romance
3955,"Ladies Man, The",Comedy,2000.0,,ladies man the comedy
3957,Billy Jack,Action Drama,1971.0,,billy jack action drama
3958,Billy Jack Goes to Washington,Drama,1977.0,,billy jack goes to washington drama
3959,"Time Machine, The",Action Adventure Sci-Fi,1960.0,,time machine the action adventure sci fi
3962,Ghoulies II,Comedy Horror,1987.0,,ghoulies ii comedy horror
3963,"Unsinkable Molly Brown, The",Musical,1964.0,,unsinkable molly brown the musical
3964,"Adventures of Ichabod and Mr. Toad, The",Animation Children,1949.0,,adventures of ichabod and mr toad the animation children
3965,"Strange Love of Martha Ivers, The",Drama Film-Noir,1946.0,,strange love of martha ivers the drama film noir
3966,Detour,Crime Film-Noir,1945.0,,detour crime film noir
3967,Billy Elliot,Drama,2000.0,ballet,billy elliot drama ballet
3968,Bedazzled,Comedy,2000.0,,bedazzled comedy
3969,Pay It Forward,Drama,2000.0,,pay it forward drama
3971,"Private Eyes, The",Comedy Mystery,1981.0,,private eyes the comedy mystery
3972,"Legend of Drunken Master, The (Jui kuen II)",Action Comedy,1994.0,,legend of drunken master the jui kuen ii action comedy
3973,Book of Shadows: Blair Witch 2,Crime Horror Mystery Thriller,2000.0,,book of shadows blair witch 2 crime horror mystery thriller
3974,"Little Vampire, The",Adventure Children,2000.0,,little vampire the adventure children
3977,Charlie's Angels,Action Comedy,2000.0,,charlie s angels action comedy
3978,"Legend of Bagger Vance, The",Drama Romance,2000.0,,legend of bagger vance the drama romance
3979,Little Nicky,Comedy,2000.0,,little nicky comedy
3980,Men of Honor,Drama,2000.0,,men of honor drama
3981,Red Planet,Action Sci-Fi Thriller,2000.0,,red planet action sci fi thriller
3983,You Can Count on Me,Drama Romance,2000.0,family,you can count on me drama romance family
3984,Diamonds Are Forever,Action Adventure Thriller,1971.0,,diamonds are forever action adventure thriller
3985,"Eagle Has Landed, The",Drama War,1976.0,,eagle has landed the drama war
3986,"6th Day, The",Action Sci-Fi Thriller,2000.0,,6th day the action sci fi thriller
3987,Bounce,Drama Romance,2000.0,,bounce drama romance
3988,How the Grinch Stole Christmas (a.k.a. The Grinch),Children Comedy Fantasy,2000.0,dr. seuss,how the grinch stole christmas a k a the grinch children comedy fantasy dr seuss
3989,One Day in September,Documentary,1999.0,,one day in september documentary
3990,Rugrats in Paris: The Movie,Animation Children Comedy,2000.0,,rugrats in paris the movie animation children comedy
3991,102 Dalmatians,Children Comedy,2000.0,,102 dalmatians children comedy
3992,Malèna,Drama Romance War,2000.0,,mal na drama romance war
3993,Quills,Drama Romance,2000.0,,quills drama romance
3994,Unbreakable,Drama Sci-Fi,2000.0,superhero atmospheric comics father-son relationship mindfuck unique atmospheric somber,unbreakable drama sci fi superhero atmospheric comics father son relationship mindfuck unique atmospheric somber
3996,"Crouching Tiger, Hidden Dragon (Wo hu cang long)",Action Drama Romance,2000.0,china martial arts,crouching tiger hidden dragon wo hu cang long action drama romance china martial arts
3997,Dungeons & Dragons,Action Adventure Comedy Fantasy,2000.0,,dungeons dragons action adventure comedy fantasy
3998,Proof of Life,Drama,2000.0,,proof of life drama
3999,Vertical Limit,Action Adventure,2000.0,,vertical limit action adventure
4000,"Bounty, The",Adventure Drama,1984.0,,bounty the adventure drama
4002,"Planes, Trains & Automobiles",Comedy,1987.0,,planes trains automobiles comedy
4003,She's Having a Baby,Comedy,1988.0,,she s having a baby comedy
4005,"Living Daylights, The",Action Adventure Thriller,1987.0,,living daylights the action adventure thriller
4006,Transformers: The Movie,Adventure Animation Children Sci-Fi,1986.0,,transformers the movie adventure animation children sci fi
4007,Wall Street,Drama,1987.0,business,wall street drama business
4008,Born on the Fourth of July,Drama War,1989.0,,born on the fourth of july drama war
4009,Talk Radio,Drama,1988.0,,talk radio drama
4010,Brewster's Millions,Comedy,1985.0,,brewster s millions comedy
4011,Snatch,Comedy Crime Thriller,2000.0,,snatch comedy crime thriller
4012,Punchline,Comedy Drama,1988.0,stand-up comedy,punchline comedy drama stand up comedy
4014,Chocolat,Drama Romance,2000.0,,chocolat drama romance
4015,"Dude, Where's My Car?",Comedy Sci-Fi,2000.0,bad,dude where s my car comedy sci fi bad
4016,"Emperor's New Groove, The",Adventure Animation Children Comedy Fantasy,2000.0,,emperor s new groove the adventure animation children comedy fantasy
4017,Pollock,Drama,2000.0,,pollock drama
4018,What Women Want,Comedy Romance,2000.0,,what women want comedy romance
4019,Finding Forrester,Drama,2000.0,writing,finding forrester drama writing
4020,"Gift, The",Thriller,2000.0,,gift the thriller
4021,Before Night Falls,Drama,2000.0,,before night falls drama
4022,Cast Away,Drama,2000.0,,cast away drama
4023,"Family Man, The",Comedy Drama Romance,2000.0,,family man the comedy drama romance
4024,"House of Mirth, The",Romance,2000.0,edith wharton,house of mirth the romance edith wharton
4025,Miss Congeniality,Comedy Crime,2000.0,pageant,miss congeniality comedy crime pageant
4027,"O Brother, Where Art Thou?",Adventure Comedy Crime,2000.0,bluegrass,o brother where art thou adventure comedy crime bluegrass
4029,State and Main,Comedy Drama,2000.0,movies,state and main comedy drama movies
4030,Dracula 2000,Horror,2000.0,,dracula 2000 horror
4031,All the Pretty Horses,Drama Romance Western,2000.0,,all the pretty horses drama romance western
4032,"Everlasting Piece, An",Comedy,2000.0,,everlasting piece an comedy
4033,Thirteen Days,Drama Thriller War,2000.0,,thirteen days drama thriller war
4034,Traffic,Crime Drama Thriller,2000.0,drugs based on a tv show,traffic crime drama thriller drugs based on a tv show
4035,"Claim, The",Romance Western,2000.0,,claim the romance western
4036,Shadow of the Vampire,Drama Horror,2000.0,,shadow of the vampire drama horror
4037,House of Games,Crime Film-Noir Mystery Thriller,1987.0,,house of games crime film noir mystery thriller
4039,Annie,Children Musical,1982.0,,annie children musical
4040,Don't Tell Mom the Babysitter's Dead,Comedy,1991.0,,don t tell mom the babysitter s dead comedy
4041,"Officer and a Gentleman, An",Drama Romance,1982.0,,officer and a gentleman an drama romance
4042,"Alamo, The",Action Drama War Western,1960.0,,alamo the action drama war western
4043,At Close Range,Crime Drama,1986.0,,at close range crime drama
4046,Friendly Persuasion,Drama,1956.0,quakers,friendly persuasion drama quakers
4047,Gettysburg,Drama War,1993.0,,gettysburg drama war
4051,Horrors of Spider Island (Ein Toter Hing im Netz),Horror Sci-Fi,1960.0,,horrors of spider island ein toter hing im netz horror sci fi
4052,Antitrust,Crime Drama Thriller,2001.0,,antitrust crime drama thriller
4053,Double Take,Action Comedy,2001.0,,double take action comedy
4054,Save the Last Dance,Drama Romance,2001.0,,save the last dance drama romance
4055,Panic,Drama,2000.0,,panic drama
4056,"Pledge, The",Crime Drama Mystery Thriller,2001.0,,pledge the crime drama mystery thriller
4061,The Man in the Moon,Drama Romance,1991.0,,the man in the moon drama romance
4062,Mystic Pizza,Comedy Drama Romance,1988.0,,mystic pizza comedy drama romance
4063,Prelude to a Kiss,Comedy Drama Romance,1992.0,,prelude to a kiss comedy drama romance
4064,Coffy,Action Crime Thriller,1973.0,,coffy action crime thriller
4065,Foxy Brown,Action Crime Drama,1974.0,,foxy brown action crime drama
4066,I'm Gonna Git You Sucka,Action Comedy,1988.0,,i m gonna git you sucka action comedy
4067,Untamed Heart,Drama Romance,1993.0,,untamed heart drama romance
4068,Sugar & Spice,Comedy,2001.0,,sugar spice comedy
4069,"Wedding Planner, The",Comedy Romance,2001.0,,wedding planner the comedy romance
4074,"Legend of Rita, The (Stille nach dem Schuß, Die)",Drama,1999.0,,legend of rita the stille nach dem schu die drama
4077,"With a Friend Like Harry... (Harry, un ami qui vous veut du bien)",Drama Thriller,2000.0,psychopaths,with a friend like harry harry un ami qui vous veut du bien drama thriller psychopaths
4078,Amazing Grace and Chuck,Drama,1987.0,,amazing grace and chuck drama
4079,Amazon Women on the Moon,Comedy Sci-Fi,1987.0,,amazon women on the moon comedy sci fi
4080,Baby Boom,Comedy,1987.0,,baby boom comedy
4081,Back to the Beach,Comedy,1987.0,,back to the beach comedy
4082,Barfly,Comedy Drama Romance,1987.0,,barfly comedy drama romance
4083,Best Seller,Thriller,1987.0,,best seller thriller
4084,Beverly Hills Cop II,Action Comedy Crime Thriller,1987.0,,beverly hills cop ii action comedy crime thriller
4085,Beverly Hills Cop,Action Comedy Crime Drama,1984.0,,beverly hills cop action comedy crime drama
4086,"Big Easy, The",Action Crime Mystery Romance Thriller,1987.0,,big easy the action crime mystery romance thriller
4089,Born in East L.A.,Comedy,1987.0,,born in east l a comedy
4090,"Brave Little Toaster, The",Animation Children,1987.0,,brave little toaster the animation children
4091,Can't Buy Me Love,Comedy Romance,1987.0,,can t buy me love comedy romance
4092,Cherry 2000,Romance Sci-Fi,1987.0,,cherry 2000 romance sci fi
4093,Cop,Thriller,1988.0,,cop thriller
4102,Eddie Murphy Raw,Comedy Documentary,1987.0,,eddie murphy raw comedy documentary
4103,Empire of the Sun,Action Adventure Drama War,1987.0,,empire of the sun action adventure drama war
4104,Ernest Goes to Camp,Comedy,1987.0,,ernest goes to camp comedy
4105,"Evil Dead, The",Fantasy Horror Thriller,1981.0,zombies,evil dead the fantasy horror thriller zombies
4109,Flowers in the Attic,Drama Thriller,1987.0,,flowers in the attic drama thriller
4110,"Fourth Protocol, The",Thriller,1987.0,,fourth protocol the thriller
4111,Gardens of Stone,Drama War,1987.0,,gardens of stone drama war
4113,"Glass Menagerie, The",Drama,1987.0,tennessee williams,glass menagerie the drama tennessee williams
4115,Hiding Out,Comedy,1987.0,,hiding out comedy
4116,Hollywood Shuffle,Comedy,1987.0,,hollywood shuffle comedy
4117,Hope and Glory,Drama,1987.0,in netflix queue,hope and glory drama in netflix queue
4121,Innerspace,Action Adventure Comedy Sci-Fi,1987.0,,innerspace action adventure comedy sci fi
4123,Ishtar,Comedy,1987.0,,ishtar comedy
4124,Jaws: The Revenge,Horror Thriller,1987.0,,jaws the revenge horror thriller
4125,Leonard Part 6,Comedy Sci-Fi,1987.0,,leonard part 6 comedy sci fi
4126,Less Than Zero,Drama,1987.0,,less than zero drama
4127,"Like Father, Like Son",Comedy,1987.0,,like father like son comedy
4128,"Lost Boys, The",Comedy Horror Thriller,1987.0,,lost boys the comedy horror thriller
4129,Made in Heaven,Fantasy Romance,1987.0,,made in heaven fantasy romance
4130,Maid to Order,Comedy Fantasy,1987.0,,maid to order comedy fantasy
4131,Making Mr. Right,Comedy Romance Sci-Fi,1987.0,,making mr right comedy romance sci fi
4132,Mannequin,Comedy Romance,1987.0,,mannequin comedy romance
4133,Masters of the Universe,Action Adventure Fantasy Sci-Fi,1987.0,,masters of the universe action adventure fantasy sci fi
4135,"Monster Squad, The",Adventure Comedy Horror,1987.0,,monster squad the adventure comedy horror
4138,My Demon Lover,Comedy Horror,1987.0,demons,my demon lover comedy horror demons
4139,No Man's Land,Crime Drama,1987.0,,no man s land crime drama
4141,Head Over Heels,Comedy Romance,2001.0,,head over heels comedy romance
4142,Left Behind: The Movie,Action Adventure Drama Thriller,2000.0,,left behind the movie action adventure drama thriller
4143,Valentine,Horror Mystery,2001.0,,valentine horror mystery
4144,In the Mood For Love (Fa yeung nin wa),Drama Romance,2000.0,atmospheric beautiful bittersweet dreamy elegant heartbreaking intimate loneliness long takes longing melancholic melancholy moody nocturnal romantic unique visually appealing visually stunning,in the mood for love fa yeung nin wa drama romance atmospheric beautiful bittersweet dreamy elegant heartbreaking intimate loneliness long takes longing melancholic melancholy moody nocturnal romantic unique visually appealing visually stunning
4146,"Million Dollar Hotel, The",Drama Mystery Romance,2001.0,,million dollar hotel the drama mystery romance
4147,Nico and Dani (Krámpack),Comedy Drama Romance,2000.0,,nico and dani kr mpack comedy drama romance
4148,Hannibal,Horror Thriller,2001.0,,hannibal horror thriller
4149,Saving Silverman (Evil Woman),Comedy Romance,2001.0,,saving silverman evil woman comedy romance
4152,Vatel,Drama,2000.0,,vatel drama
4153,Down to Earth,Comedy Fantasy Romance,2001.0,,down to earth comedy fantasy romance
4154,Recess: School's Out,Animation Children,2001.0,,recess school s out animation children
4155,Sweet November,Drama Romance,2001.0,,sweet november drama romance
4156,Company Man,Comedy,2000.0,,company man comedy
4157,"Price of Milk, The",Comedy Drama Fantasy Romance,2000.0,,price of milk the comedy drama fantasy romance
4158,Monkeybone,Animation Comedy Fantasy,2001.0,,monkeybone animation comedy fantasy
4159,3000 Miles to Graceland,Action Thriller,2001.0,,3000 miles to graceland action thriller
4160,"Widow of St. Pierre, The (Veuve de Saint-Pierre, La)",Drama Romance,2000.0,death penalty,widow of st pierre the veuve de saint pierre la drama romance death penalty
4161,"Mexican, The",Action Comedy,2001.0,,mexican the action comedy
4164,"Caveman's Valentine, The",Drama,2001.0,homeless new york,caveman s valentine the drama homeless new york
4166,Series 7: The Contenders,Action Drama,2001.0,reality tv,series 7 the contenders action drama reality tv
4167,15 Minutes,Thriller,2001.0,,15 minutes thriller
4168,Get Over It,Comedy Romance,2001.0,,get over it comedy romance
4171,Long Night's Journey Into Day,Documentary,2000.0,eugene o'neill,long night s journey into day documentary eugene o neill
4174,Avalon,Drama,1990.0,in netflix queue,avalon drama in netflix queue
4175,Gray's Anatomy,Comedy Drama,1996.0,,gray s anatomy comedy drama
4178,Of Mice and Men,Drama,1939.0,,of mice and men drama
4180,Reform School Girls,Action Drama,1986.0,,reform school girls action drama
4181,Tapeheads,Comedy,1988.0,,tapeheads comedy
4184,"Bishop's Wife, The",Comedy Drama Romance,1947.0,christmas,bishop s wife the comedy drama romance christmas
4187,Lilies of the Field,Drama,1963.0,,lilies of the field drama
4189,"Greatest Story Ever Told, The",Drama,1965.0,bible religion,greatest story ever told the drama bible religion
4190,Elmer Gantry,Drama,1960.0,preacher religion,elmer gantry drama preacher religion
4191,Alfie,Comedy Drama Romance,1966.0,sexuality,alfie comedy drama romance sexuality
4193,"Fantasticks, The",Musical,1995.0,,fantasticks the musical
4194,I Know Where I'm Going!,Drama Romance War,1945.0,in netflix queue,i know where i m going drama romance war in netflix queue
4195,"Abominable Dr. Phibes, The",Horror Mystery,1971.0,,abominable dr phibes the horror mystery
4197,Real Life,Comedy,1979.0,,real life comedy
4198,Battle Beyond the Stars,Sci-Fi,1980.0,,battle beyond the stars sci fi
4200,Double Impact,Action,1991.0,,double impact action
4202,Fuzz,Drama,1972.0,,fuzz drama
4203,Harley Davidson and the Marlboro Man,Action Crime Drama,1991.0,,harley davidson and the marlboro man action crime drama
4204,Losin' It,Comedy,1983.0,virginity,losin it comedy virginity
4205,Mermaids,Comedy Drama Romance,1990.0,,mermaids comedy drama romance
4207,Navy Seals,Action Adventure War,1990.0,,navy seals action adventure war
4210,Manhunter,Action Crime Drama Horror Thriller,1986.0,hannibal lecter serial killer,manhunter action crime drama horror thriller hannibal lecter serial killer
4211,Reversal of Fortune,Drama,1990.0,von bulow,reversal of fortune drama von bulow
4212,Death on the Nile,Crime Mystery,1978.0,,death on the nile crime mystery
4214,Revenge of the Nerds,Comedy,1984.0,college,revenge of the nerds comedy college
4215,Revenge of the Nerds II: Nerds in Paradise,Comedy,1987.0,,revenge of the nerds ii nerds in paradise comedy
4217,4 Little Girls,Documentary,1997.0,,4 little girls documentary
4218,River's Edge,Crime Drama,1986.0,in netflix queue,river s edge crime drama in netflix queue
4219,Girls Just Want to Have Fun,Comedy,1985.0,,girls just want to have fun comedy
4220,"Longest Yard, The",Comedy,1974.0,,longest yard the comedy
4221,Necessary Roughness,Comedy,1991.0,football,necessary roughness comedy football
4223,Enemy at the Gates,Drama War,2001.0,ed harris jude law rachel weisz sniper world war ii,enemy at the gates drama war ed harris jude law rachel weisz sniper world war ii
4224,Exit Wounds,Action Thriller,2001.0,,exit wounds action thriller
4225,"Dish, The",Comedy,2001.0,,dish the comedy
4226,Memento,Mystery Thriller,2000.0,dark mindfuck nonlinear psychology twist ending mystery psychological twist ending backwards. memory mystery twist ending cerebral dreamlike,memento mystery thriller dark mindfuck nonlinear psychology twist ending mystery psychological twist ending backwards memory mystery twist ending cerebral dreamlike
4228,Heartbreakers,Comedy Crime Romance,2001.0,,heartbreakers comedy crime romance
4229,Say It Isn't So,Comedy Romance,2001.0,,say it isn t so comedy romance
4231,Someone Like You,Comedy Romance,2001.0,,someone like you comedy romance
4232,Spy Kids,Action Adventure Children Comedy,2001.0,spying,spy kids action adventure children comedy spying
4233,Tomcats,Comedy,2001.0,,tomcats comedy
4234,"Tailor of Panama, The",Drama Thriller,2001.0,,tailor of panama the drama thriller
4235,Amores Perros (Love's a Bitch),Drama Thriller,2000.0,,amores perros love s a bitch drama thriller
4236,Keep the River on Your Right: A Modern Cannibal Tale,Documentary,2000.0,,keep the river on your right a modern cannibal tale documentary
4237,"Gleaners & I, The (Les glaneurs et la glaneuse)",Documentary,2000.0,,gleaners i the les glaneurs et la glaneuse documentary
4238,Along Came a Spider,Action Crime Mystery Thriller,2001.0,,along came a spider action crime mystery thriller
4239,Blow,Crime Drama,2001.0,,blow crime drama
4240,Just Visiting,Comedy Fantasy,2001.0,,just visiting comedy fantasy
4241,Pokémon 3: The Movie,Animation Children,2001.0,,pok mon 3 the movie animation children
4242,Beautiful Creatures,Comedy Crime Drama Thriller,2000.0,,beautiful creatures comedy crime drama thriller
4243,Brigham City,Crime Drama Mystery,2001.0,,brigham city crime drama mystery
4246,Bridget Jones's Diary,Comedy Drama Romance,2001.0,singletons,bridget jones s diary comedy drama romance singletons
4247,Joe Dirt,Adventure Comedy Mystery Romance,2001.0,,joe dirt adventure comedy mystery romance
4248,Josie and the Pussycats,Comedy,2001.0,,josie and the pussycats comedy
4251,Chopper,Drama Thriller,2000.0,,chopper drama thriller
4252,"Circle, The (Dayereh)",Drama,2000.0,,circle the dayereh drama
4254,Crocodile Dundee in Los Angeles,Comedy Drama,2001.0,,crocodile dundee in los angeles comedy drama
4255,Freddy Got Fingered,Comedy,2001.0,,freddy got fingered comedy
4256,"Center of the World, The",Drama,2001.0,,center of the world the drama
4259,"Luzhin Defence, The",Drama Romance,2000.0,nabokov,luzhin defence the drama romance nabokov
4260,"Visit, The",Drama,2000.0,,visit the drama
4262,Scarface,Action Crime Drama,1983.0,al pacino,scarface action crime drama al pacino
4263,Days of Wine and Roses,Drama,1962.0,alcoholism,days of wine and roses drama alcoholism
4265,Driven,Action Thriller,2001.0,,driven action thriller
4267,One Night at McCool's,Comedy,2001.0,,one night at mccool s comedy
4268,Town & Country,Comedy,2001.0,,town country comedy
4270,"Mummy Returns, The",Action Adventure Comedy Thriller,2001.0,,mummy returns the action adventure comedy thriller
4273,Under the Sand,Drama,2000.0,,under the sand drama
4275,Krull,Action Adventure Fantasy Sci-Fi,1983.0,,krull action adventure fantasy sci fi
4276,Lost in America,Comedy,1985.0,,lost in america comedy
4278,Triumph of the Will (Triumph des Willens),Documentary,1934.0,,triumph of the will triumph des willens documentary
4280,"World According to Garp, The",Comedy Drama Romance,1982.0,,world according to garp the comedy drama romance
4282,Fellini Satyricon,Drama Fantasy,1969.0,,fellini satyricon drama fantasy
4284,Frankie and Johnny,Comedy,1966.0,,frankie and johnny comedy
4285,Frankie and Johnny,Comedy Romance,1991.0,,frankie and johnny comedy romance
4289,"City of Women, The (Città delle donne, La)",Comedy Drama,1980.0,,city of women the citt delle donne la comedy drama
4290,For the Boys,Comedy Drama Musical,1991.0,,for the boys comedy drama musical
4291,Nine to Five (a.k.a. 9 to 5),Comedy Crime,1980.0,,nine to five a k a 9 to 5 comedy crime
4292,Norma Rae,Drama,1979.0,union,norma rae drama union
4293,Summer Rental,Comedy,1985.0,,summer rental comedy
4294,"5,000 Fingers of Dr. T, The",Children Fantasy Musical,1953.0,,5 000 fingers of dr t the children fantasy musical
4296,Love Story,Drama Romance,1970.0,death,love story drama romance death
4297,Pelle the Conqueror (Pelle erobreren),Drama,1987.0,,pelle the conqueror pelle erobreren drama
4298,Rififi (Du rififi chez les hommes),Crime Film-Noir Thriller,1955.0,,rififi du rififi chez les hommes crime film noir thriller
4299,"Knight's Tale, A",Action Comedy Romance,2001.0,,knight s tale a action comedy romance
4300,Bread and Roses,Drama,2000.0,,bread and roses drama
4304,Startup.com,Documentary,2001.0,,startup com documentary
4305,Angel Eyes,Romance Thriller,2001.0,,angel eyes romance thriller
4306,Shrek,Adventure Animation Children Comedy Fantasy Romance,2001.0,fairy tales,shrek adventure animation children comedy fantasy romance fairy tales
4307,"Fast Food, Fast Women",Comedy Romance,2000.0,,fast food fast women comedy romance
4308,Moulin Rouge,Drama Musical Romance,2001.0,,moulin rouge drama musical romance
4310,Pearl Harbor,Action Drama Romance War,2001.0,,pearl harbor action drama romance war
4312,Himalaya (Himalaya - l'enfance d'un chef),Adventure Drama,1999.0,in netflix queue,himalaya himalaya l enfance d un chef adventure drama in netflix queue
4313,"Man Who Cried, The",Drama,2000.0,,man who cried the drama
4316,Ice Castles,Drama,1978.0,figure skating,ice castles drama figure skating
4317,Love Potion #9,Comedy Romance,1992.0,,love potion 9 comedy romance
4321,City Slickers,Comedy Western,1991.0,,city slickers comedy western
4322,Eight Men Out,Drama,1988.0,,eight men out drama
4323,"Horse Soldiers, The",Adventure War Western,1959.0,,horse soldiers the adventure war western
4325,"Night, The (Notte, La)",Drama,1960.0,,night the notte la drama
4326,Mississippi Burning,Crime Drama Thriller,1988.0,race rasicm,mississippi burning crime drama thriller race rasicm
4327,"Magnificent Seven, The",Adventure Western,1960.0,,magnificent seven the adventure western
4329,Rio Bravo,Western,1959.0,,rio bravo western
4333,Throw Momma from the Train,Comedy Crime,1987.0,strangers on a train,throw momma from the train comedy crime strangers on a train
4334,Yi Yi,Drama,2000.0,,yi yi drama
4337,"Sand Pebbles, The",Drama Romance War,1966.0,,sand pebbles the drama romance war
4338,Twelve O'Clock High,Drama War,1949.0,,twelve o clock high drama war
4339,Von Ryan's Express,Action Adventure Drama War,1965.0,,von ryan s express action adventure drama war
4340,"Animal, The",Comedy,2001.0,,animal the comedy
4342,Big Eden,Drama Romance,2000.0,,big eden drama romance
4343,Evolution,Comedy Sci-Fi,2001.0,really bad seann william scott,evolution comedy sci fi really bad seann william scott
4344,Swordfish,Action Crime Drama,2001.0,,swordfish action crime drama
4345,"Anniversary Party, The",Drama,2001.0,,anniversary party the drama
4347,Divided We Fall (Musíme si pomáhat),Comedy Drama,2000.0,holocaust,divided we fall mus me si pom hat comedy drama holocaust
4349,Catch-22,Comedy War,1970.0,,catch 22 comedy war
4350,Forgotten Silver,Comedy Documentary,1996.0,,forgotten silver comedy documentary
4351,Point Break,Action Crime Thriller,1991.0,,point break action crime thriller
4353,Uncommon Valor,Action War,1983.0,,uncommon valor action war
4354,Unlawful Entry,Crime Thriller,1992.0,,unlawful entry crime thriller
4355,Youngblood,Action Drama,1986.0,,youngblood action drama
4356,Gentlemen Prefer Blondes,Comedy Musical Romance,1953.0,in netflix queue,gentlemen prefer blondes comedy musical romance in netflix queue
4357,How to Marry a Millionaire,Comedy Drama Romance,1953.0,,how to marry a millionaire comedy drama romance
4359,"Seven Year Itch, The",Comedy,1955.0,adultery,seven year itch the comedy adultery
4361,Tootsie,Comedy Romance,1982.0,men in drag,tootsie comedy romance men in drag
4366,Atlantis: The Lost Empire,Adventure Animation Children Fantasy,2001.0,,atlantis the lost empire adventure animation children fantasy
4367,Lara Croft: Tomb Raider,Action Adventure,2001.0,,lara croft tomb raider action adventure
4368,Dr. Dolittle 2,Comedy,2001.0,,dr dolittle 2 comedy
4369,"Fast and the Furious, The",Action Crime Thriller,2001.0,,fast and the furious the action crime thriller
4370,A.I. Artificial Intelligence,Adventure Drama Sci-Fi,2001.0,android(s)/cyborg(s) artificial intelligence bittersweet steven spielberg robots,a i artificial intelligence adventure drama sci fi android s cyborg s artificial intelligence bittersweet steven spielberg robots
4371,Baby Boy,Crime Drama,2001.0,,baby boy crime drama
4372,Crazy/Beautiful,Drama Romance,2001.0,,crazy beautiful drama romance
4373,Pootie Tang,Comedy,2001.0,,pootie tang comedy
4374,Let It Snow,Comedy Romance,1999.0,,let it snow comedy romance
4378,Sexy Beast,Crime Drama,2000.0,,sexy beast crime drama
4380,"Princess and the Warrior, The (Krieger und die Kaiserin, Der)",Drama Romance,2000.0,accident,princess and the warrior the krieger und die kaiserin der drama romance accident
4381,"Closet, The (Placard, Le)",Comedy,2001.0,,closet the placard le comedy
4383,"Crimson Rivers, The (Rivières pourpres, Les)",Crime Drama Mystery Thriller,2000.0,,crimson rivers the rivi res pourpres les crime drama mystery thriller
4384,Lumumba,Drama,2000.0,,lumumba drama
4386,Cats & Dogs,Children Comedy,2001.0,,cats dogs children comedy
4387,Kiss of the Dragon,Action,2001.0,,kiss of the dragon action
4388,Scary Movie 2,Comedy,2001.0,,scary movie 2 comedy
4389,Lost and Delirious,Drama,2001.0,,lost and delirious drama
4390,Rape Me (Baise-moi),Crime Drama Thriller,2000.0,,rape me baise moi crime drama thriller
4392,Alice,Comedy Drama Fantasy Romance,1990.0,,alice comedy drama fantasy romance
4393,Another Woman,Drama,1988.0,,another woman drama
4394,Beach Blanket Bingo,Comedy Musical,1965.0,,beach blanket bingo comedy musical
4395,Big Deal on Madonna Street (I Soliti Ignoti),Comedy Crime,1958.0,,big deal on madonna street i soliti ignoti comedy crime
4396,"Cannonball Run, The",Action Comedy,1981.0,race,cannonball run the action comedy race
4397,Cannonball Run II,Action Comedy,1984.0,,cannonball run ii action comedy
4399,"Diary of a Chambermaid (Journal d'une femme de chambre, Le)",Comedy Drama,1964.0,,diary of a chambermaid journal d une femme de chambre le comedy drama
4402,Dr. Goldfoot and the Bikini Machine,Comedy,1965.0,,dr goldfoot and the bikini machine comedy
4403,"Fall of the House of Usher, The (House of Usher)",Horror,1960.0,,fall of the house of usher the house of usher horror
4404,Faust,Drama Fantasy Horror,1926.0,in netflix queue,faust drama fantasy horror in netflix queue
4406,"Man Who Shot Liberty Valance, The",Crime Drama Western,1962.0,,man who shot liberty valance the crime drama western
4407,Salvador,Drama Thriller War,1986.0,,salvador drama thriller war
4408,September,Drama,1987.0,,september drama
4409,Shadows and Fog,Comedy Drama Mystery Thriller,1991.0,,shadows and fog comedy drama mystery thriller
4410,Something Wild,Comedy Crime Drama,1986.0,,something wild comedy crime drama
4412,"Thing with Two Heads, The",Comedy Horror Sci-Fi,1972.0,,thing with two heads the comedy horror sci fi
4419,All That Heaven Allows,Drama Romance,1955.0,,all that heaven allows drama romance
4420,"Barefoot Contessa, The",Drama,1954.0,,barefoot contessa the drama
4422,Cries and Whispers (Viskningar och rop),Drama,1972.0,,cries and whispers viskningar och rop drama
4424,"Garden of the Finzi-Continis, The (Giardino dei Finzi-Contini, Il)",Drama,1970.0,,garden of the finzi continis the giardino dei finzi contini il drama
4426,Kiss Me Deadly,Film-Noir,1955.0,,kiss me deadly film noir
4427,"Lion in Winter, The",Drama,1968.0,,lion in winter the drama
4428,"Misfits, The",Comedy Drama Romance Western,1961.0,,misfits the comedy drama romance western
4429,Moby Dick,Drama,1956.0,,moby dick drama
4432,Sweet Smell of Success,Drama Film-Noir,1957.0,,sweet smell of success drama film noir
4433,Written on the Wind,Drama,1956.0,,written on the wind drama
4434,"10th Victim, The (La decima vittima)",Action Comedy Sci-Fi Thriller,1965.0,,10th victim the la decima vittima action comedy sci fi thriller
4436,Obsession,Mystery Thriller,1976.0,,obsession mystery thriller
4437,Suspiria,Horror,1977.0,,suspiria horror
4438,"Fist of Fury (Chinese Connection, The) (Jing wu men)",Action Drama Romance Thriller,1972.0,,fist of fury chinese connection the jing wu men action drama romance thriller
4439,Christiane F. (a.k.a. We Children from Bahnhof Zoo) (Christiane F. - Wir Kinder vom Bahnhof Zoo),Drama,1981.0,,christiane f a k a we children from bahnhof zoo christiane f wir kinder vom bahnhof zoo drama
4440,"Big Boss, The (Fists of Fury) (Tang shan da xiong)",Action Thriller,1971.0,,big boss the fists of fury tang shan da xiong action thriller
4441,Game of Death,Action,1978.0,,game of death action
4442,"Last Dragon, The",Action Comedy Drama,1985.0,,last dragon the action comedy drama
4443,Outland,Action Sci-Fi Thriller,1981.0,,outland action sci fi thriller
4444,"Way of the Dragon, The (a.k.a. Return of the Dragon) (Meng long guo jiang)",Action Crime,1972.0,,way of the dragon the a k a return of the dragon meng long guo jiang action crime
4445,T-Rex: Back to the Cretaceous,Adventure Documentary IMAX,1998.0,,t rex back to the cretaceous adventure documentary imax
4446,Final Fantasy: The Spirits Within,Adventure Animation Fantasy Sci-Fi,2001.0,sci-fi,final fantasy the spirits within adventure animation fantasy sci fi sci fi
4447,Legally Blonde,Comedy Romance,2001.0,lawyers,legally blonde comedy romance lawyers
4448,"Score, The",Action Drama,2001.0,heist boring,score the action drama heist boring
4449,Adanggaman,Drama,2000.0,,adanggaman drama
4450,Bully,Crime Drama Thriller,2001.0,,bully crime drama thriller
4451,Jump Tomorrow,Comedy Drama Romance,2001.0,,jump tomorrow comedy drama romance
4452,Made,Comedy,2001.0,,made comedy
4453,Michael Jordan to the Max,Documentary IMAX,2000.0,,michael jordan to the max documentary imax
4454,More,Animation Drama Sci-Fi IMAX,1998.0,claymation creativity dystopia free to download imagination no dialogue social commentary,more animation drama sci fi imax claymation creativity dystopia free to download imagination no dialogue social commentary
4458,Africa: The Serengeti,Documentary IMAX,1994.0,,africa the serengeti documentary imax
4459,Alaska: Spirit of the Wild,Documentary IMAX,1997.0,,alaska spirit of the wild documentary imax
4462,18 Again!,Comedy Fantasy,1988.0,,18 again comedy fantasy
4463,1969,Drama War,1988.0,,1969 drama war
4464,"Accidental Tourist, The",Comedy Drama Romance,1988.0,,accidental tourist the comedy drama romance
4465,"Accused, The",Drama,1988.0,rape,accused the drama rape
4466,Above the Law,Action Crime Drama,1988.0,,above the law action crime drama
4467,"Adventures of Baron Munchausen, The",Adventure Comedy Fantasy,1988.0,,adventures of baron munchausen the adventure comedy fantasy
4470,Ariel,Drama,1988.0,,ariel drama
4471,Arthur 2: On the Rocks,Comedy Romance,1988.0,,arthur 2 on the rocks comedy romance
4473,Bat*21,Drama War,1988.0,,bat 21 drama war
4474,Beaches,Comedy Drama Musical,1988.0,,beaches comedy drama musical
4475,"Beast of War, The (Beast, The)",Drama War,1988.0,,beast of war the beast the drama war
4476,Big Business,Comedy,1988.0,twins,big business comedy twins
4477,Big Top Pee-Wee,Adventure Children Comedy,1988.0,circus,big top pee wee adventure children comedy circus
4478,Biloxi Blues,Comedy Drama,1988.0,,biloxi blues comedy drama
4480,"Blob, The",Horror Sci-Fi,1988.0,,blob the horror sci fi
4482,"Bright Lights, Big City",Drama,1988.0,,bright lights big city drama
4483,Caddyshack II,Comedy,1988.0,,caddyshack ii comedy
4484,Camille Claudel,Drama,1988.0,,camille claudel drama
4487,Cocktail,Drama Romance,1988.0,,cocktail drama romance
4488,Colors,Action Crime Drama,1988.0,,colors action crime drama
4489,Coming to America,Comedy Romance,1988.0,africa immigrants,coming to america comedy romance africa immigrants
4490,"Couch Trip, The",Comedy,1988.0,,couch trip the comedy
4492,Critters,Comedy Sci-Fi,1986.0,,critters comedy sci fi
4495,Crossing Delancey,Comedy Romance,1988.0,new york,crossing delancey comedy romance new york
4496,D.O.A.,Film-Noir Mystery Thriller,1988.0,,d o a film noir mystery thriller
4497,Dead Heat,Action Comedy Horror Sci-Fi,1988.0,,dead heat action comedy horror sci fi
4498,"Dead Pool, The",Action Crime Thriller,1988.0,,dead pool the action crime thriller
4499,Dirty Rotten Scoundrels,Comedy,1988.0,,dirty rotten scoundrels comedy
4500,Drowning by Numbers,Comedy Drama,1988.0,,drowning by numbers comedy drama
4502,Ernest Saves Christmas,Children Comedy,1988.0,,ernest saves christmas children comedy
4504,Feds,Comedy,1988.0,,feds comedy
4505,For Keeps,Drama Romance,1988.0,,for keeps drama romance
4506,Frantic,Crime Mystery Thriller,1988.0,,frantic crime mystery thriller
4508,Gorillas in the Mist,Drama,1988.0,,gorillas in the mist drama
4509,"Great Outdoors, The",Comedy,1988.0,,great outdoors the comedy
4511,High Spirits,Comedy,1988.0,,high spirits comedy
4516,Johnny Be Good,Comedy,1988.0,,johnny be good comedy
4517,Lady in White (a.k.a. The Mystery of the Lady in White),Horror Mystery Thriller,1988.0,,lady in white a k a the mystery of the lady in white horror mystery thriller
4518,The Lair of the White Worm,Comedy Horror,1988.0,,the lair of the white worm comedy horror
4519,"Land Before Time, The",Adventure Animation Children Fantasy,1988.0,,land before time the adventure animation children fantasy
4520,License to Drive,Comedy,1988.0,,license to drive comedy
4521,Little Nikita,Drama,1988.0,,little nikita drama
4522,Masquerade,Mystery Romance Thriller,1988.0,,masquerade mystery romance thriller
4523,Milagro Beanfield War,Comedy Drama Fantasy,1988.0,,milagro beanfield war comedy drama fantasy
4524,Moon Over Parador,Comedy,1988.0,,moon over parador comedy
4526,My Stepmother Is an Alien,Comedy Romance Sci-Fi,1988.0,aliens,my stepmother is an alien comedy romance sci fi aliens
4527,"Night in the Life of Jimmy Reardon, A",Comedy Romance,1988.0,,night in the life of jimmy reardon a comedy romance
4529,Bagdad Cafe (Out of Rosenheim),Comedy Drama,1987.0,,bagdad cafe out of rosenheim comedy drama
4531,Red Heat,Action,1988.0,,red heat action
4533,"Return of the Living Dead, The",Comedy Horror Sci-Fi,1985.0,,return of the living dead the comedy horror sci fi
4534,Return to Snowy River (a.k.a. The Man From Snowy River II),Adventure Drama Western,1988.0,,return to snowy river a k a the man from snowy river ii adventure drama western
4535,"Man from Snowy River, The",Drama Romance Western,1982.0,,man from snowy river the drama romance western
4537,Running on Empty,Drama,1988.0,hippies,running on empty drama hippies
4541,"Serpent and the Rainbow, The",Horror,1988.0,,serpent and the rainbow the horror
4544,Short Circuit 2,Comedy Sci-Fi,1988.0,,short circuit 2 comedy sci fi
4545,Short Circuit,Comedy Sci-Fi,1986.0,robots,short circuit comedy sci fi robots
4546,"Vanishing, The (Spoorloos)",Drama Thriller,1988.0,kidnapping remade,vanishing the spoorloos drama thriller kidnapping remade
4552,"Tetsuo, the Ironman (Tetsuo)",Action Horror Sci-Fi Thriller,1988.0,"""artsy"" atmospheric gritty hallucinatory surreal visually stunning",tetsuo the ironman tetsuo action horror sci fi thriller artsy atmospheric gritty hallucinatory surreal visually stunning
4553,They Live,Action Sci-Fi Thriller,1988.0,,they live action sci fi thriller
4557,Tucker: The Man and His Dream,Drama,1988.0,,tucker the man and his dream drama
4558,Twins,Comedy,1988.0,twins,twins comedy twins
4562,Without a Clue,Comedy Mystery,1988.0,,without a clue comedy mystery
4563,Young Einstein,Comedy,1988.0,,young einstein comedy
4564,Always,Drama Fantasy Romance,1989.0,,always drama fantasy romance
4565,American Ninja,Action Adventure,1985.0,,american ninja action adventure
4568,Best of the Best,Action,1989.0,,best of the best action
4571,Bill & Ted's Excellent Adventure,Adventure Comedy Sci-Fi,1989.0,time travel,bill ted s excellent adventure adventure comedy sci fi time travel
4572,Black Rain,Action Crime Drama,1989.0,,black rain action crime drama
4573,Blaze,Comedy Drama,1989.0,,blaze comedy drama
4574,Blind Fury,Action Thriller,1989.0,,blind fury action thriller
4577,Casualties of War,Drama War,1989.0,,casualties of war drama war
4578,Chances Are,Comedy Romance,1989.0,,chances are comedy romance
4580,Cyborg,Action Sci-Fi,1989.0,,cyborg action sci fi
4581,Dad,Drama,1989.0,,dad drama
4583,Disorganized Crime,Action Comedy,1989.0,,disorganized crime action comedy
4584,Dream a Little Dream,Comedy Drama Romance,1989.0,,dream a little dream comedy drama romance
4585,"Dream Team, The",Comedy,1989.0,,dream team the comedy
4587,Earth Girls Are Easy,Comedy Musical Sci-Fi,1988.0,,earth girls are easy comedy musical sci fi
4589,Eddie and the Cruisers,Drama Musical Mystery,1983.0,,eddie and the cruisers drama musical mystery
4591,Erik the Viking,Adventure Comedy Fantasy,1989.0,,erik the viking adventure comedy fantasy
4593,Family Business,Comedy,1989.0,,family business comedy
4594,Farewell to the King,Action War,1989.0,,farewell to the king action war
4595,Fat Man and Little Boy,Drama,1989.0,,fat man and little boy drama
4597,Gleaming the Cube,Action Drama Mystery,1989.0,,gleaming the cube action drama mystery
4599,Great Balls of Fire!,Drama,1989.0,,great balls of fire drama
4600,Gross Anatomy (a.k.a. A Cut Above),Comedy Drama,1989.0,doctors,gross anatomy a k a a cut above comedy drama doctors
4602,Harlem Nights,Comedy Crime Romance,1989.0,,harlem nights comedy crime romance
4603,Her Alibi,Comedy Romance,1989.0,,her alibi comedy romance
4605,How to Get Ahead in Advertising,Comedy Fantasy,1989.0,,how to get ahead in advertising comedy fantasy
4608,"Innocent Man, An",Crime Drama,1989.0,,innocent man an crime drama
4610,"January Man, The",Comedy Crime Mystery Thriller,1989.0,,january man the comedy crime mystery thriller
4611,Johnny Handsome,Crime Drama,1989.0,,johnny handsome crime drama
4612,Jesus of Montreal (Jésus de Montréal),Drama,1989.0,reciprocal spectator,jesus of montreal j sus de montr al drama reciprocal spectator
4613,K-9,Action Comedy Crime,1989.0,,k 9 action comedy crime
4614,Kickboxer,Action,1989.0,,kickboxer action
4615,Last Exit to Brooklyn,Drama,1989.0,,last exit to brooklyn drama
4616,Lean on Me,Drama,1989.0,,lean on me drama
4617,Let It Ride,Comedy,1989.0,,let it ride comedy
4619,Little Monsters,Comedy,1989.0,,little monsters comedy
4621,Look Who's Talking,Comedy Romance,1989.0,babies,look who s talking comedy romance babies
4622,Loverboy,Comedy,1989.0,,loverboy comedy
4623,Major League,Comedy,1989.0,baseball,major league comedy baseball
4624,Meet the Feebles,Animation Comedy Musical,1989.0,,meet the feebles animation comedy musical
4625,Millennium,Drama Sci-Fi Thriller,1989.0,,millennium drama sci fi thriller
4626,Miracle Mile,Drama Romance Sci-Fi,1989.0,,miracle mile drama romance sci fi
4628,New York Stories,Comedy Drama,1989.0,,new york stories comedy drama
4629,Next of Kin,Action Crime Thriller,1989.0,,next of kin action crime thriller
4630,No Holds Barred,Action,1989.0,,no holds barred action
4632,"Package, The",Action Thriller,1989.0,,package the action thriller
4634,Penn & Teller Get Killed,Adventure Comedy,1989.0,,penn teller get killed adventure comedy
4635,Pink Cadillac,Action Comedy Drama,1989.0,,pink cadillac action comedy drama
4636,"Punisher, The",Action,1989.0,,punisher the action
4638,Jurassic Park III,Action Adventure Sci-Fi Thriller,2001.0,dinosaurs,jurassic park iii action adventure sci fi thriller dinosaurs
4639,America's Sweethearts,Comedy Romance,2001.0,hollywood movie business,america s sweethearts comedy romance hollywood movie business
4640,Brother,Action Crime Thriller,2000.0,,brother action crime thriller
4641,Ghost World,Comedy Drama,2001.0,adolescence,ghost world comedy drama adolescence
4642,Hedwig and the Angry Inch,Comedy Drama Musical,2000.0,,hedwig and the angry inch comedy drama musical
4643,Planet of the Apes,Action Adventure Drama Sci-Fi,2001.0,,planet of the apes action adventure drama sci fi
4644,Bread and Tulips (Pane e tulipani),Comedy Drama Romance,2000.0,,bread and tulips pane e tulipani comedy drama romance
4645,Cure,Crime Horror Thriller,1997.0,,cure crime horror thriller
4646,Greenfingers,Comedy Drama,2000.0,,greenfingers comedy drama
4649,Wet Hot American Summer,Comedy,2001.0,,wet hot american summer comedy
4653,"Return of the Musketeers, The",Adventure Comedy,1989.0,,return of the musketeers the adventure comedy
4654,Road House,Action Drama,1989.0,,road house action drama
4658,Santa Sangre,Drama Horror Mystery Thriller,1989.0,,santa sangre drama horror mystery thriller
4660,Scenes from the Class Struggle in Beverly Hills,Comedy,1989.0,,scenes from the class struggle in beverly hills comedy
4661,Sea of Love,Crime Drama Thriller,1989.0,,sea of love crime drama thriller
4662,"See No Evil, Hear No Evil",Comedy Crime,1989.0,,see no evil hear no evil comedy crime
4663,She's Out of Control,Comedy,1989.0,,she s out of control comedy
4666,Skin Deep,Comedy,1989.0,,skin deep comedy
4670,"Stepfather, The",Horror Thriller,1987.0,,stepfather the horror thriller
4671,Sweetie,Drama,1989.0,,sweetie drama
4672,"Tall Guy, The",Comedy Romance,1989.0,,tall guy the comedy romance
4673,Tango & Cash,Action Comedy Crime Thriller,1989.0,,tango cash action comedy crime thriller
4675,Three Fugitives,Action Comedy,1989.0,,three fugitives action comedy
4676,Troop Beverly Hills,Comedy,1989.0,,troop beverly hills comedy
4677,Turner & Hooch,Comedy Crime,1989.0,dogs,turner hooch comedy crime dogs
4678,UHF,Comedy,1989.0,television,uhf comedy television
4679,Uncle Buck,Comedy,1989.0,,uncle buck comedy
4681,"War of the Roses, The",Comedy Drama,1989.0,,war of the roses the comedy drama
4683,"Wizard, The",Adventure Children Comedy Drama,1989.0,,wizard the adventure children comedy drama
4686,Weekend at Bernie's II,Adventure Comedy,1993.0,,weekend at bernie s ii adventure comedy
4687,Billy Liar,Comedy,1963.0,,billy liar comedy
4688,Black Robe,Adventure Drama,1991.0,in netflix queue,black robe adventure drama in netflix queue
4689,"Cat o' Nine Tails, The (Gatto a nove code, Il)",Mystery Thriller,1971.0,,cat o nine tails the gatto a nove code il mystery thriller
4690,"Cotton Club, The",Crime Musical,1984.0,,cotton club the crime musical
4695,Who'll Stop the Rain,Crime Drama,1978.0,,who ll stop the rain crime drama
4697,Basket Case,Comedy Horror,1982.0,,basket case comedy horror
4699,Original Sin,Drama Romance Thriller,2001.0,,original sin drama romance thriller
4700,"Princess Diaries, The",Children Comedy Romance,2001.0,,princess diaries the children comedy romance
4701,Rush Hour 2,Action Comedy,2001.0,,rush hour 2 action comedy
4703,Chocolat,Drama,1988.0,,chocolat drama
4704,Hatari!,Adventure Comedy,1962.0,,hatari adventure comedy
4705,"Cage aux Folles, La",Comedy,1978.0,,cage aux folles la comedy
4708,Marat/Sade,Drama Musical,1966.0,reciprocal spectator,marat sade drama musical reciprocal spectator
4709,Paint Your Wagon,Comedy Musical Western,1969.0,,paint your wagon comedy musical western
4710,"Shootist, The",Drama Western,1976.0,,shootist the drama western
4711,Theremin: An Electronic Odyssey,Documentary,1993.0,,theremin an electronic odyssey documentary
4713,Altered States,Drama Sci-Fi,1980.0,,altered states drama sci fi
4714,Any Which Way You Can,Comedy,1980.0,,any which way you can comedy
4715,"Awakening, The",Horror,1980.0,,awakening the horror
4717,"Battle Creek Brawl (Big Brawl, The)",Action Comedy,1980.0,,battle creek brawl big brawl the action comedy
4718,American Pie 2,Comedy,2001.0,,american pie 2 comedy
4719,Osmosis Jones,Action Animation Comedy Crime Drama Romance Thriller,2001.0,,osmosis jones action animation comedy crime drama romance thriller
4720,"Others, The",Drama Horror Mystery Thriller,2001.0,,others the drama horror mystery thriller
4721,American Outlaws,Action Comedy Western,2001.0,,american outlaws action comedy western
4722,All Over the Guy,Comedy,2001.0,,all over the guy comedy
4723,"Deep End, The",Drama,2001.0,,deep end the drama
4725,Session 9,Horror Thriller,2001.0,mental hospital psychology suspense well done,session 9 horror thriller mental hospital psychology suspense well done
4727,Captain Corelli's Mandolin,Drama Romance War,2001.0,,captain corelli s mandolin drama romance war
4728,Rat Race,Comedy,2001.0,,rat race comedy
4732,Bubble Boy,Comedy,2001.0,,bubble boy comedy
4733,"Curse of the Jade Scorpion, The",Comedy,2001.0,,curse of the jade scorpion the comedy
4734,Jay and Silent Bob Strike Back,Adventure Comedy,2001.0,,jay and silent bob strike back adventure comedy
4735,Ghosts of Mars,Horror Sci-Fi Thriller,2001.0,,ghosts of mars horror sci fi thriller
4736,Summer Catch,Comedy Drama Romance,2001.0,,summer catch comedy drama romance
4738,Happy Accidents,Romance Sci-Fi,2000.0,,happy accidents romance sci fi
4740,Maybe Baby,Comedy Romance,2000.0,,maybe baby comedy romance
4741,Together (Tillsammans),Comedy Drama Romance,2000.0,,together tillsammans comedy drama romance
4743,Tortilla Soup,Comedy Romance,2001.0,,tortilla soup comedy romance
4744,Jeepers Creepers,Horror,2001.0,,jeepers creepers horror
4745,O,Drama,2001.0,,o drama
4748,3 Ninjas,Action Children Comedy,1992.0,,3 ninjas action children comedy
4749,3 Ninjas Kick Back,Action Children Comedy,1994.0,,3 ninjas kick back action children comedy
4750,3 Ninjas Knuckle Up,Action Children,1995.0,,3 ninjas knuckle up action children
4754,"Wicker Man, The",Drama Horror Mystery Thriller,1973.0,,wicker man the drama horror mystery thriller
4756,"Musketeer, The",Action Adventure Drama Romance,2001.0,,musketeer the action adventure drama romance
4757,Rock Star,Comedy Drama Musical,2001.0,,rock star comedy drama musical
4759,Two Can Play That Game,Comedy Drama,2001.0,,two can play that game comedy drama
4765,L.I.E.,Drama,2001.0,,l i e drama
4766,"Our Lady of the Assassins (Virgen de los sicarios, La)",Crime Drama Romance,2000.0,,our lady of the assassins virgen de los sicarios la crime drama romance
4769,Into the Arms of Strangers: Stories of the Kindertransport,Documentary,2000.0,,into the arms of strangers stories of the kindertransport documentary
4770,"Glass House, The",Thriller,2001.0,,glass house the thriller
4771,Hardball,Drama,2001.0,,hardball drama
4772,Dinner Rush,Drama,2000.0,,dinner rush drama
4773,Haiku Tunnel,Comedy,2001.0,,haiku tunnel comedy
4774,Big Trouble,Comedy Crime,2002.0,,big trouble comedy crime
4775,Glitter,Drama Musical Romance,2001.0,,glitter drama musical romance
4776,Training Day,Crime Drama Thriller,2001.0,,training day crime drama thriller
4777,"American Astronaut, The",Comedy Musical Sci-Fi,2001.0,,american astronaut the comedy musical sci fi
4780,Liam,Drama,2000.0,,liam drama
4782,Sidewalks of New York,Comedy Romance,2001.0,,sidewalks of new york comedy romance
4783,"Endurance: Shackleton's Legendary Antarctic Expedition, The",Documentary,2000.0,,endurance shackleton s legendary antarctic expedition the documentary
4784,"French Lieutenant's Woman, The",Drama,1981.0,,french lieutenant s woman the drama
4785,"Great Silence, The (Grande silenzio, Il)",Drama Western,1969.0,,great silence the grande silenzio il drama western
4786,"Legend of Hell House, The",Horror Thriller,1973.0,,legend of hell house the horror thriller
4787,Little Man Tate,Drama,1991.0,prodigies,little man tate drama prodigies
4788,Moscow Does Not Believe in Tears (Moskva slezam ne verit),Drama Romance,1979.0,,moscow does not believe in tears moskva slezam ne verit drama romance
4789,Phantom of the Paradise,Comedy Fantasy Horror Musical Thriller,1974.0,,phantom of the paradise comedy fantasy horror musical thriller
4792,13 Ghosts,Horror,1960.0,,13 ghosts horror
4794,Opera,Crime Horror Mystery,1987.0,,opera crime horror mystery
4795,Father Goose,Adventure Comedy Romance War,1964.0,,father goose adventure comedy romance war
4796,"Grass Is Greener, The",Comedy Romance,1960.0,,grass is greener the comedy romance
4798,Indiscreet,Comedy Romance,1958.0,,indiscreet comedy romance
4799,"It's a Mad, Mad, Mad, Mad World",Action Adventure Comedy Crime,1963.0,,it s a mad mad mad mad world action adventure comedy crime
4800,King Solomon's Mines,Action Adventure Drama Romance Thriller,1937.0,,king solomon s mines action adventure drama romance thriller
4801,"Little Foxes, The",Drama,1941.0,family,little foxes the drama family
4802,Operation Petticoat,Action Comedy Romance War,1959.0,,operation petticoat action comedy romance war
4803,Play Misty for Me,Drama Thriller,1971.0,,play misty for me drama thriller
4804,Pocketful of Miracles,Comedy Drama,1961.0,,pocketful of miracles comedy drama
4808,"Vanishing, The",Mystery Thriller,1993.0,remake,vanishing the mystery thriller remake
4809,Silkwood,Drama,1983.0,nuclear disaster union,silkwood drama nuclear disaster union
4810,I Never Promised You a Rose Garden,Drama,1977.0,,i never promised you a rose garden drama
4811,Quadrophenia,Drama Musical,1979.0,,quadrophenia drama musical
4812,SpaceCamp,Adventure Sci-Fi,1986.0,nasa space,spacecamp adventure sci fi nasa space
4813,When Worlds Collide,Sci-Fi,1951.0,,when worlds collide sci fi
4814,Don't Say a Word,Thriller,2001.0,,don t say a word thriller
4815,Hearts in Atlantis,Drama,2001.0,,hearts in atlantis drama
4816,Zoolander,Comedy,2001.0,ben stiller comedy david bowie goofy mindless one liners will ferrell,zoolander comedy ben stiller comedy david bowie goofy mindless one liners will ferrell
4818,Extreme Days,Action Adventure Comedy Drama,2001.0,,extreme days action adventure comedy drama
4821,Joy Ride,Adventure Thriller,2001.0,,joy ride adventure thriller
4822,Max Keeble's Big Move,Children Comedy,2001.0,,max keeble s big move children comedy
4823,Serendipity,Comedy Romance,2001.0,wedding,serendipity comedy romance wedding
4825,"Swamp, The (Ciénaga, La)",Comedy Drama,2001.0,,swamp the ci naga la comedy drama
4826,"Big Red One, The",Action Adventure Drama War,1980.0,,big red one the action adventure drama war
4827,"Boogeyman, The",Horror,1980.0,,boogeyman the horror
4828,"Party, The (Boum, La)",Comedy Romance,1980.0,,party the boum la comedy romance
4830,Brubaker,Crime Drama,1980.0,,brubaker crime drama
4831,Can't Stop the Music,Comedy Musical,1980.0,,can t stop the music comedy musical
4833,"Changeling, The",Horror Mystery Thriller,1980.0,,changeling the horror mystery thriller
4835,Coal Miner's Daughter,Drama,1980.0,loretta lynn,coal miner s daughter drama loretta lynn
4836,"Competition, The",Drama Romance,1980.0,,competition the drama romance
4840,"Last Metro, The (Dernier métro, Le)",Drama Romance,1980.0,,last metro the dernier m tro le drama romance
4844,Bandits,Comedy Crime Romance,2001.0,,bandits comedy crime romance
4845,Corky Romano,Comedy Crime,2001.0,,corky romano comedy crime
4846,Iron Monkey (Siu nin Wong Fei-hung ji: Tit Ma Lau),Action Comedy,1993.0,,iron monkey siu nin wong fei hung ji tit ma lau action comedy
4847,Fat Girl (À ma soeur!),Drama,2001.0,,fat girl ma soeur drama
4848,Mulholland Drive,Crime Drama Film-Noir Mystery Thriller,2001.0,,mulholland drive crime drama film noir mystery thriller
4849,My First Mister,Comedy Drama,2001.0,,my first mister comedy drama
4850,Spriggan (Supurigan),Action Animation Sci-Fi,1998.0,,spriggan supurigan action animation sci fi
4852,Bones,Horror,2001.0,,bones horror
4855,Dirty Harry,Action Crime Thriller,1971.0,,dirty harry action crime thriller
4857,Fiddler on the Roof,Drama Musical,1971.0,judaism tradition!,fiddler on the roof drama musical judaism tradition
4860,Making the Grade,Comedy,1984.0,,making the grade comedy
4862,Not Without My Daughter,Drama,1991.0,,not without my daughter drama
4863,Female Trouble,Comedy Crime,1975.0,,female trouble comedy crime
4864,Titanica,Documentary IMAX,1992.0,,titanica documentary imax
4865,From Hell,Crime Horror Mystery Thriller,2001.0,,from hell crime horror mystery thriller
4866,"Last Castle, The",Action,2001.0,,last castle the action
4867,Riding in Cars with Boys,Comedy Drama,2001.0,,riding in cars with boys comedy drama
4871,Focus,Drama,2001.0,,focus drama
4873,Waking Life,Animation Drama Fantasy,2001.0,,waking life animation drama fantasy
4874,K-PAX,Drama Fantasy Mystery Sci-Fi,2001.0,aliens psychiatrist,k pax drama fantasy mystery sci fi aliens psychiatrist
4876,Thirteen Ghosts (a.k.a. Thir13en Ghosts),Horror Thriller,2001.0,,thirteen ghosts a k a thir13en ghosts horror thriller
4877,Better Than Sex,Comedy Romance,2000.0,,better than sex comedy romance
4878,Donnie Darko,Drama Mystery Sci-Fi Thriller,2001.0,atmospheric cult film dreamlike hallucinatory psychological surreal time travel jake gyllenhaal time travel dreamlike hallucinatory mental illness psychology social commentary teen thought-provoking atmospheric cerebral dreamlike enigmatic hallucinatory mental illness mindfuck philosophy psychological quirky surreal thought-provoking weird,donnie darko drama mystery sci fi thriller atmospheric cult film dreamlike hallucinatory psychological surreal time travel jake gyllenhaal time travel dreamlike hallucinatory mental illness psychology social commentary teen thought provoking atmospheric cerebral dreamlike enigmatic hallucinatory mental illness mindfuck philosophy psychological quirky surreal thought provoking weird
4879,High Heels and Low Lifes,Action Comedy Crime Drama,2001.0,,high heels and low lifes action comedy crime drama
4880,Life as a House,Drama,2001.0,,life as a house drama
4881,"Man Who Wasn't There, The",Crime Drama,2001.0,coen brothers,man who wasn t there the crime drama coen brothers
4883,"Town is Quiet, The (Ville est tranquille, La)",Drama,2000.0,,town is quiet the ville est tranquille la drama
4885,Domestic Disturbance,Thriller,2001.0,,domestic disturbance thriller
4886,"Monsters, Inc.",Adventure Animation Children Comedy Fantasy,2001.0,,monsters inc adventure animation children comedy fantasy
4887,"One, The",Action Sci-Fi Thriller,2001.0,,one the action sci fi thriller
4888,Tape,Drama,2001.0,,tape drama
4889,Heist,Crime Drama,2001.0,,heist crime drama
4890,Shallow Hal,Comedy Fantasy Romance,2001.0,,shallow hal comedy fantasy romance
4893,When a Stranger Calls,Horror Thriller,1979.0,,when a stranger calls horror thriller
4896,Harry Potter and the Sorcerer's Stone (a.k.a. Harry Potter and the Philosopher's Stone),Adventure Children Fantasy,2001.0,everything you want is here alan rickman harry potter humorous magic magic wizards,harry potter and the sorcerer s stone a k a harry potter and the philosopher s stone adventure children fantasy everything you want is here alan rickman harry potter humorous magic magic wizards
4898,Novocaine,Comedy Crime Mystery Thriller,2001.0,,novocaine comedy crime mystery thriller
4899,Black Knight,Adventure Comedy Fantasy,2001.0,,black knight adventure comedy fantasy
4900,Out Cold,Comedy,2001.0,,out cold comedy
4901,Spy Game,Action Crime Drama Thriller,2001.0,,spy game action crime drama thriller
4902,"Devil's Backbone, The (Espinazo del diablo, El)",Drama Fantasy Horror Thriller War,2001.0,ghosts,devil s backbone the espinazo del diablo el drama fantasy horror thriller war ghosts
4903,In the Bedroom,Drama,2001.0,,in the bedroom drama
4909,"Incredible Shrinking Woman, The",Comedy Sci-Fi,1981.0,,incredible shrinking woman the comedy sci fi
4911,Jabberwocky,Adventure Comedy Fantasy,1977.0,,jabberwocky adventure comedy fantasy
4912,Funny Girl,Drama Musical Romance,1968.0,,funny girl drama musical romance
4914,Breathless (À bout de souffle),Crime Drama Romance,1960.0,,breathless bout de souffle crime drama romance
4915,"Beastmaster, The",Action Adventure Fantasy,1982.0,,beastmaster the action adventure fantasy
4916,Midway,Drama War,1976.0,,midway drama war
4917,MacArthur,Drama,1977.0,,macarthur drama
4919,Subway,Crime Drama Romance Thriller,1985.0,,subway crime drama romance thriller
4920,"Now, Voyager",Drama Romance,1942.0,psychology,now voyager drama romance psychology
4921,Little Women,Drama Romance,1933.0,,little women drama romance
4925,"Cheap Detective, The",Comedy,1978.0,,cheap detective the comedy
4926,Everybody's Famous! (Iedereen beroemd!),Comedy Drama Musical,2000.0,,everybody s famous iedereen beroemd comedy drama musical
4927,"Last Wave, The",Fantasy Mystery Thriller,1977.0,,last wave the fantasy mystery thriller
4928,That Obscure Object of Desire (Cet obscur objet du désir),Drama,1977.0,,that obscure object of desire cet obscur objet du d sir drama
4929,"Toy, The",Comedy,1982.0,,toy the comedy
4932,Dressed to Kill,Mystery Thriller,1980.0,,dressed to kill mystery thriller
4936,Fame,Drama Musical,1980.0,,fame drama musical
4939,"Final Countdown, The",Action Sci-Fi,1980.0,,final countdown the action sci fi
4941,Flash Gordon,Action Adventure Sci-Fi,1980.0,,flash gordon action adventure sci fi
4942,"Angry Red Planet, The",Sci-Fi,1959.0,,angry red planet the sci fi
4945,"Enforcer, The",Crime,1976.0,,enforcer the crime
4946,"Eye for an Eye, An",Action Crime Thriller,1981.0,,eye for an eye an action crime thriller
4947,"Gauntlet, The",Action,1977.0,,gauntlet the action
4951,Lord of the Flies,Adventure Drama Thriller,1990.0,,lord of the flies adventure drama thriller
4952,Morons From Outer Space,Comedy Sci-Fi,1985.0,,morons from outer space comedy sci fi
4953,"People That Time Forgot, The",Adventure Sci-Fi,1977.0,,people that time forgot the adventure sci fi
4954,Ocean's Eleven (a.k.a. Ocean's 11),Comedy Crime,1960.0,,ocean s eleven a k a ocean s 11 comedy crime
4956,"Stunt Man, The",Action Adventure Comedy Drama Romance Thriller,1980.0,,stunt man the action adventure comedy drama romance thriller
4957,Sudden Impact,Crime Thriller,1983.0,,sudden impact crime thriller
4958,Behind Enemy Lines,Action Drama War,2001.0,,behind enemy lines action drama war
4959,"Affair of the Necklace, The",Drama,2001.0,,affair of the necklace the drama
4961,Pornstar: The Legend of Ron Jeremy,Documentary,2001.0,,pornstar the legend of ron jeremy documentary
4962,Texas Rangers,Adventure Western,2001.0,,texas rangers adventure western
4963,Ocean's Eleven,Crime Thriller,2001.0,heist,ocean s eleven crime thriller heist
4964,Baran,Adventure Drama Romance,2001.0,,baran adventure drama romance
4965,"Business of Strangers, The",Action Drama Thriller,2001.0,,business of strangers the action drama thriller
4966,"Incredible Shrinking Man, The",Sci-Fi Thriller,1957.0,,incredible shrinking man the sci fi thriller
4967,No Man's Land,Drama War,2001.0,,no man s land drama war
4969,And Then There Were None,Crime Mystery,1945.0,in netflix queue,and then there were none crime mystery in netflix queue
4970,"Blue Angel, The (Blaue Engel, Der)",Drama,1930.0,nightclub singers,blue angel the blaue engel der drama nightclub singers
4971,Moscow on the Hudson,Comedy Drama,1984.0,,moscow on the hudson comedy drama
4973,"Amelie (Fabuleux destin d'Amélie Poulain, Le)",Comedy Romance,2001.0,whimsical,amelie fabuleux destin d am lie poulain le comedy romance whimsical
4974,Not Another Teen Movie,Comedy,2001.0,,not another teen movie comedy
4975,Vanilla Sky,Mystery Romance Sci-Fi Thriller,2001.0,,vanilla sky mystery romance sci fi thriller
4976,Iris,Drama,2001.0,,iris drama
4977,Kandahar (Safar e Ghandehar),Drama,2001.0,,kandahar safar e ghandehar drama
4978,Lantana,Drama Mystery Thriller,2001.0,,lantana drama mystery thriller
4979,"Royal Tenenbaums, The",Comedy Drama,2001.0,new york,royal tenenbaums the comedy drama new york
4980,Bill & Ted's Bogus Journey,Adventure Comedy Fantasy Sci-Fi,1991.0,time travel,bill ted s bogus journey adventure comedy fantasy sci fi time travel
4981,Clockwise,Comedy,1986.0,,clockwise comedy
4985,Sheena,Action Adventure Fantasy,1984.0,,sheena action adventure fantasy
4987,Spacehunter: Adventures in the Forbidden Zone,Action Adventure Sci-Fi,1983.0,,spacehunter adventures in the forbidden zone action adventure sci fi
4988,White Water Summer,Adventure,1987.0,,white water summer adventure
4989,How High,Comedy,2001.0,,how high comedy
4990,Jimmy Neutron: Boy Genius,Adventure Animation Children Comedy,2001.0,,jimmy neutron boy genius adventure animation children comedy
4991,Joe Somebody,Comedy Drama Romance,2001.0,,joe somebody comedy drama romance
4992,Kate & Leopold,Comedy Romance,2001.0,,kate leopold comedy romance
4993,"Lord of the Rings: The Fellowship of the Ring, The",Adventure Fantasy,2001.0,fantasy high fantasy magic mythology tolkien wizards tolkein,lord of the rings the fellowship of the ring the adventure fantasy fantasy high fantasy magic mythology tolkien wizards tolkein
4994,"Majestic, The",Comedy Drama Romance,2001.0,,majestic the comedy drama romance
4995,"Beautiful Mind, A",Drama Romance,2001.0,mathematics,beautiful mind a drama romance mathematics
4998,"Defiant Ones, The",Adventure Crime Drama Thriller,1958.0,racism,defiant ones the adventure crime drama thriller racism
5004,"Party, The",Comedy,1968.0,,party the comedy
5007,Topkapi,Adventure Comedy Thriller,1964.0,,topkapi adventure comedy thriller
5008,Witness for the Prosecution,Drama Mystery Thriller,1957.0,agatha christie court,witness for the prosecution drama mystery thriller agatha christie court
5009,Ali,Drama,2001.0,,ali drama
5010,Black Hawk Down,Action Drama War,2001.0,,black hawk down action drama war
5011,Charlotte Gray,Drama Romance,2001.0,,charlotte gray drama romance
5012,Yentl,Drama Musical Romance,1983.0,cross dressing judaism,yentl drama musical romance cross dressing judaism
5013,Gosford Park,Comedy Drama Mystery,2001.0,,gosford park comedy drama mystery
5014,I Am Sam,Drama,2001.0,,i am sam drama
5015,Monster's Ball,Drama Romance,2001.0,race,monster s ball drama romance race
5016,"Shipping News, The",Drama,2001.0,,shipping news the drama
5021,Murder by Death,Comedy Crime Mystery Thriller,1976.0,,murder by death comedy crime mystery thriller
5023,"Waterdance, The",Drama,1992.0,,waterdance the drama
5025,Orange County,Comedy,2002.0,,orange county comedy
5026,"Brotherhood of the Wolf (Pacte des loups, Le)",Action Mystery Thriller,2001.0,,brotherhood of the wolf pacte des loups le action mystery thriller
5027,Another 48 Hrs.,Action Comedy Crime Drama Thriller,1990.0,,another 48 hrs action comedy crime drama thriller
5028,What Time Is It There? (Ni neibian jidian),Drama,2001.0,,what time is it there ni neibian jidian drama
5033,"Russia House, The",Drama Thriller,1990.0,,russia house the drama thriller
5034,"Truly, Madly, Deeply",Drama Romance,1991.0,ghost,truly madly deeply drama romance ghost
5039,Dragonslayer,Action Adventure Fantasy,1981.0,,dragonslayer action adventure fantasy
5040,Conan the Destroyer,Action Adventure Fantasy,1984.0,,conan the destroyer action adventure fantasy
5041,Fire and Ice,Animation Fantasy,1983.0,,fire and ice animation fantasy
5046,Impostor,Action Drama Sci-Fi Thriller,2002.0,,impostor action drama sci fi thriller
5047,Kung Pow: Enter the Fist,Action Comedy,2002.0,,kung pow enter the fist action comedy
5048,Snow Dogs,Adventure Children Comedy,2002.0,,snow dogs adventure children comedy
5049,48 Hrs.,Action Comedy Crime Drama,1982.0,,48 hrs action comedy crime drama
5051,Italian for Beginners (Italiensk for begyndere),Comedy Drama Romance,2000.0,,italian for beginners italiensk for begyndere comedy drama romance
5053,Blankman,Comedy,1994.0,,blankman comedy
5054,Brainstorm,Sci-Fi Thriller,1983.0,,brainstorm sci fi thriller
5055,Dragon: The Bruce Lee Story,Action Drama,1993.0,,dragon the bruce lee story action drama
5059,Little Dieter Needs to Fly,Documentary,1997.0,,little dieter needs to fly documentary
5060,M*A*S*H (a.k.a. MASH),Comedy Drama War,1970.0,,m a s h a k a mash comedy drama war
5062,Seconds,Mystery Sci-Fi Thriller,1966.0,,seconds mystery sci fi thriller
5063,One-Eyed Jacks,Western,1961.0,,one eyed jacks western
5064,The Count of Monte Cristo,Action Adventure Drama Thriller,2002.0,dumas revenge remake,the count of monte cristo action adventure drama thriller dumas revenge remake
5065,"Mothman Prophecies, The",Drama Fantasy Horror Mystery Thriller,2002.0,,mothman prophecies the drama fantasy horror mystery thriller
5066,"Walk to Remember, A",Drama Romance,2002.0,,walk to remember a drama romance
5068,Beijing Bicycle (Shiqi sui de dan che),Drama,2001.0,,beijing bicycle shiqi sui de dan che drama
5069,Escaflowne: The Movie (Escaflowne),Action Adventure Animation Drama Fantasy,2000.0,,escaflowne the movie escaflowne action adventure animation drama fantasy
5071,Maelström,Drama Romance,2000.0,,maelstr m drama romance
5072,Metropolis,Animation Sci-Fi,2001.0,,metropolis animation sci fi
5073,"Son's Room, The (Stanza del figlio, La)",Drama,2001.0,,son s room the stanza del figlio la drama
5074,Storytelling,Comedy Drama,2001.0,,storytelling comedy drama
5075,Waydowntown,Comedy,2000.0,,waydowntown comedy
5076,"Adventures of Huck Finn, The",Adventure Children Comedy Drama,1993.0,,adventures of huck finn the adventure children comedy drama
5077,Cousins,Comedy Romance,1989.0,,cousins comedy romance
5080,Slackers,Comedy,2002.0,,slackers comedy
5081,Birthday Girl,Drama Romance,2001.0,,birthday girl drama romance
5083,Rare Birds,Comedy Drama,2001.0,,rare birds comedy drama
5088,"Going Places (Valseuses, Les)",Comedy Crime Drama,1974.0,irreverent,going places valseuses les comedy crime drama irreverent
5092,Big Fat Liar,Children Comedy,2002.0,,big fat liar children comedy
5093,Collateral Damage,Action Thriller,2002.0,,collateral damage action thriller
5094,Rollerball,Action Sci-Fi,2002.0,,rollerball action sci fi
5095,"Scotland, Pa.",Comedy Crime,2001.0,,scotland pa comedy crime
5096,Baby's Day Out,Comedy,1994.0,,baby s day out comedy
5099,Heidi,Children Drama,1937.0,,heidi children drama
5102,Rookie of the Year,Comedy Fantasy,1993.0,,rookie of the year comedy fantasy
5103,"Sandlot, The",Children Comedy Drama,1993.0,,sandlot the children comedy drama
5105,Don't Look Now,Drama Horror Thriller,1973.0,,don t look now drama horror thriller
5106,Crossroads,Comedy Musical Romance,2002.0,,crossroads comedy musical romance
5107,Hart's War,Drama War,2002.0,,hart s war drama war
5108,John Q,Crime Drama Thriller,2002.0,,john q crime drama thriller
5109,Return to Never Land,Adventure Animation Children,2002.0,,return to never land adventure animation children
5110,Super Troopers,Comedy Crime Mystery,2001.0,,super troopers comedy crime mystery
5111,"Good Son, The",Drama Thriller,1993.0,,good son the drama thriller
5112,Last Orders,Drama,2001.0,,last orders drama
5113,After the Fox (Caccia alla volpe),Comedy Crime,1966.0,,after the fox caccia alla volpe comedy crime
5114,"Bad and the Beautiful, The",Drama,1952.0,movie business,bad and the beautiful the drama movie business
5116,Designing Woman,Comedy,1957.0,,designing woman comedy
5120,Sleuth,Comedy Mystery Thriller,1972.0,in netflix queue,sleuth comedy mystery thriller in netflix queue
5121,Stroszek,Comedy Drama,1977.0,,stroszek comedy drama
5127,Dragonfly,Drama Fantasy Mystery Romance Thriller,2002.0,,dragonfly drama fantasy mystery romance thriller
5128,Queen of the Damned,Fantasy Horror,2002.0,,queen of the damned fantasy horror
5131,How to Kill Your Neighbor's Dog,Comedy Drama,2000.0,,how to kill your neighbor s dog comedy drama
5134,Mean Machine,Comedy Drama,2001.0,,mean machine comedy drama
5135,Monsoon Wedding,Comedy Romance,2001.0,india,monsoon wedding comedy romance india
5136,Wendigo,Drama Horror,2001.0,,wendigo drama horror
5137,Scratch,Documentary,2001.0,,scratch documentary
5139,"Bad News Bears, The",Comedy,1976.0,baseball,bad news bears the comedy baseball
5146,Vampire Hunter D: Bloodlust (Banpaia hantâ D),Animation Fantasy Horror Sci-Fi,2000.0,,vampire hunter d bloodlust banpaia hant d animation fantasy horror sci fi
5147,Wild Strawberries (Smultronstället),Drama,1957.0,,wild strawberries smultronst llet drama
5151,40 Days and 40 Nights,Comedy Romance,2002.0,,40 days and 40 nights comedy romance
5152,We Were Soldiers,Action Drama War,2002.0,,we were soldiers action drama war
5155,"Big Bird Cage, The",Action,1972.0,,big bird cage the action
5156,"Big Doll House, The",Action,1971.0,,big doll house the action
5159,Ferngully: The Last Rainforest,Animation Children Comedy Musical,1992.0,,ferngully the last rainforest animation children comedy musical
5165,Zombie (a.k.a. Zombie 2: The Dead Are Among Us) (Zombi 2),Horror,1979.0,,zombie a k a zombie 2 the dead are among us zombi 2 horror
5168,Royal Wedding,Comedy Musical Romance,1951.0,,royal wedding comedy musical romance
5170,All About the Benjamins,Action Comedy Crime,2002.0,,all about the benjamins action comedy crime
5171,"Time Machine, The",Action Adventure Sci-Fi,2002.0,,time machine the action adventure sci fi
5177,"Magnificent Ambersons, The",Drama Romance,1942.0,,magnificent ambersons the drama romance
5178,Fun,Crime Drama,1994.0,,fun crime drama
5181,Hangar 18,Action Sci-Fi Thriller,1980.0,,hangar 18 action sci fi thriller
5187,Hopscotch,Comedy,1980.0,,hopscotch comedy
5189,Humanoids from the Deep,Horror Sci-Fi,1980.0,,humanoids from the deep horror sci fi
5197,Little Darlings,Drama,1980.0,,little darlings drama
5198,"Long Good Friday, The",Drama Thriller,1980.0,,long good friday the drama thriller
5202,Mon oncle d'Amérique,Drama,1980.0,,mon oncle d am rique drama
5205,Motel Hell,Comedy Horror,1980.0,,motel hell comedy horror
5209,Ffolkes,Action Adventure Thriller,1979.0,,ffolkes action adventure thriller
5212,"Octagon, The",Action,1980.0,,octagon the action
5213,"Oh, God! Book II",Comedy,1980.0,religion,oh god book ii comedy religion
5214,"Oh, God!",Comedy Fantasy,1977.0,,oh god comedy fantasy
5218,Ice Age,Adventure Animation Children Comedy,2002.0,,ice age adventure animation children comedy
5219,Resident Evil,Action Horror Sci-Fi Thriller,2002.0,,resident evil action horror sci fi thriller
5220,Showtime,Action Comedy,2002.0,,showtime action comedy
5221,Harrison's Flowers,Drama,2000.0,,harrison s flowers drama
5222,Kissing Jessica Stein,Comedy Romance,2001.0,,kissing jessica stein comedy romance
5224,Promises,Documentary,2001.0,in netflix queue,promises documentary in netflix queue
5225,And Your Mother Too (Y tu mamá también),Drama Romance,2001.0,,and your mother too y tu mam tambi n drama romance
5226,All the Right Moves,Drama Romance,1983.0,,all the right moves drama romance
5231,Road to Morocco,Comedy,1942.0,,road to morocco comedy
5237,Taps,Drama,1981.0,,taps drama
5238,Return of the Secaucus 7,Drama,1980.0,in netflix queue,return of the secaucus 7 drama in netflix queue
5239,Rude Boy,Documentary Drama,1980.0,,rude boy documentary drama
5240,Running Scared,Action Drama,1980.0,,running scared action drama
5241,Seems Like Old Times,Comedy Romance,1980.0,,seems like old times comedy romance
5244,Shogun Assassin,Action Adventure,1980.0,,shogun assassin action adventure
5246,Smokey and the Bandit II,Action Comedy,1980.0,,smokey and the bandit ii action comedy
5247,Smokey and the Bandit,Action Comedy,1977.0,,smokey and the bandit action comedy
5248,Smokey and the Bandit III,Action Comedy,1983.0,,smokey and the bandit iii action comedy
5250,Stir Crazy,Comedy,1980.0,,stir crazy comedy
5254,Blade II,Action Horror Thriller,2002.0,great movie wesley snipes,blade ii action horror thriller great movie wesley snipes
5255,Sorority Boys,Comedy,2002.0,,sorority boys comedy
5256,Stolen Summer,Drama,2002.0,,stolen summer drama
5258,George Washington,Drama,2000.0,,george washington drama
5264,Clockstoppers,Action Adventure Sci-Fi Thriller,2002.0,,clockstoppers action adventure sci fi thriller
5265,Death to Smoochy,Comedy Crime Drama,2002.0,,death to smoochy comedy crime drama
5266,Panic Room,Thriller,2002.0,crime,panic room thriller crime
5267,"Rookie, The",Drama,2002.0,,rookie the drama
5268,No Such Thing,Drama Fantasy Romance,2001.0,,no such thing drama fantasy romance
5269,"Piano Teacher, The (La pianiste)",Drama,2001.0,,piano teacher the la pianiste drama
5272,Time Out (L'emploi du temps),Drama,2001.0,,time out l emploi du temps drama
5275,Boxcar Bertha,Drama,1972.0,,boxcar bertha drama
5278,Fraternity Vacation,Comedy Romance,1985.0,,fraternity vacation comedy romance
5279,Impromptu,Comedy Romance,1991.0,,impromptu comedy romance
5282,High Crimes,Thriller,2002.0,,high crimes thriller
5283,National Lampoon's Van Wilder,Comedy,2002.0,,national lampoon s van wilder comedy
5284,Crush,Comedy Romance,2001.0,,crush comedy romance
5285,Lucky Break,Comedy Crime,2001.0,,lucky break comedy crime
5288,"Atomic Cafe, The",Documentary War,1982.0,,atomic cafe the documentary war
5291,Rashomon (Rashômon),Crime Drama Mystery,1950.0,black and white samurai in netflix queue samurai,rashomon rash mon crime drama mystery black and white samurai in netflix queue samurai
5292,Slap Shot,Comedy,1977.0,,slap shot comedy
5293,Changing Lanes,Drama Thriller,2002.0,,changing lanes drama thriller
5294,Frailty,Crime Drama Thriller,2001.0,religion,frailty crime drama thriller religion
5296,"Sweetest Thing, The",Comedy Romance,2002.0,,sweetest thing the comedy romance
5297,"Cat's Meow, The",Drama Thriller,2002.0,,cat s meow the drama thriller
5298,Human Nature,Comedy Romance,2001.0,,human nature comedy romance
5299,My Big Fat Greek Wedding,Comedy Romance,2002.0,,my big fat greek wedding comedy romance
5300,3:10 to Yuma,Action Adventure Drama Thriller Western,1957.0,,3 10 to yuma action adventure drama thriller western
5303,Joe Versus the Volcano,Comedy Romance,1990.0,,joe versus the volcano comedy romance
5304,"Rome, Open City (a.k.a. Open City) (Roma, città aperta)",Drama War,1945.0,in netflix queue,rome open city a k a open city roma citt aperta drama war in netflix queue
5307,Taking Care of Business,Comedy,1990.0,,taking care of business comedy
5308,Three Men and a Baby,Comedy,1987.0,,three men and a baby comedy
5309,Three Men and a Little Lady,Comedy Romance,1990.0,,three men and a little lady comedy romance
5311,"Watcher in the Woods, The",Children Horror Mystery Thriller,1980.0,,watcher in the woods the children horror mystery thriller
5312,Murder by Numbers,Crime Thriller,2002.0,,murder by numbers crime thriller
5313,The Scorpion King,Action Adventure Fantasy Thriller,2002.0,,the scorpion king action adventure fantasy thriller
5316,Enigma,Romance Thriller,2001.0,world war ii,enigma romance thriller world war ii
5319,Nine Queens (Nueve reinas),Crime Thriller,2000.0,,nine queens nueve reinas crime thriller
5321,"Triumph of Love, The",Comedy,2001.0,,triumph of love the comedy
5322,World Traveler,Drama,2001.0,,world traveler drama
5323,Jason X,Horror Sci-Fi Thriller,2002.0,,jason x horror sci fi thriller
5324,Life or Something Like It,Comedy Romance,2002.0,,life or something like it comedy romance
5325,Dogtown and Z-Boyz,Documentary,2001.0,,dogtown and z boyz documentary
5328,Rain,Drama Romance,2001.0,,rain drama romance
5329,"Salton Sea, The",Crime Drama Thriller,2002.0,,salton sea the crime drama thriller
5333,Bob le Flambeur,Crime Drama,1955.0,,bob le flambeur crime drama
5334,Cadillac Man,Comedy Crime,1990.0,,cadillac man comedy crime
5337,Delirious,Comedy,1991.0,,delirious comedy
5338,Full Moon in Blue Water,Drama,1988.0,,full moon in blue water drama
5339,Husbands and Wives,Comedy Drama,1992.0,,husbands and wives comedy drama
5341,Lenny,Drama,1974.0,,lenny drama
5345,Triumph of the Spirit,Drama,1989.0,,triumph of the spirit drama
5346,Wild Orchid,Drama Romance,1990.0,,wild orchid drama romance
5347,Deuces Wild,Drama,2002.0,,deuces wild drama
5348,Hollywood Ending,Comedy Drama,2002.0,,hollywood ending comedy drama
5349,Spider-Man,Action Adventure Sci-Fi Thriller,2002.0,superhero,spider man action adventure sci fi thriller superhero
5353,Butterflies Are Free,Comedy Drama,1972.0,blind,butterflies are free comedy drama blind
5356,"Giant Spider Invasion, The",Horror Sci-Fi,1975.0,,giant spider invasion the horror sci fi
5357,Iron Will,Adventure,1994.0,,iron will adventure
5358,Mountains of the Moon,Adventure,1990.0,,mountains of the moon adventure
5361,White Fang,Adventure,1991.0,,white fang adventure
5363,"New Guy, The",Comedy,2002.0,,new guy the comedy
5364,Unfaithful,Drama Thriller,2002.0,,unfaithful drama thriller
5365,"Lady and the Duke, The (Anglaise et le duc, L')",Drama Romance,2001.0,,lady and the duke the anglaise et le duc l drama romance
5372,Calamity Jane,Musical Western,1953.0,,calamity jane musical western
5373,"Cranes Are Flying, The (Letyat zhuravli)",Drama Romance War,1957.0,,cranes are flying the letyat zhuravli drama romance war
5375,"Harvey Girls, The",Comedy Musical Western,1946.0,,harvey girls the comedy musical western
5377,About a Boy,Comedy Drama Romance,2002.0,nick hornby,about a boy comedy drama romance nick hornby
5378,Star Wars: Episode II - Attack of the Clones,Action Adventure Sci-Fi IMAX,2002.0,,star wars episode ii attack of the clones action adventure sci fi imax
5379,"Believer, The",Drama,2001.0,anti-semitism judaism,believer the drama anti semitism judaism
5380,"Importance of Being Earnest, The",Comedy Drama Romance,2002.0,,importance of being earnest the comedy drama romance
5382,Every Which Way But Loose,Comedy,1978.0,,every which way but loose comedy
5384,I Want to Live!,Crime Drama,1958.0,,i want to live crime drama
5385,"Last Waltz, The",Documentary,1978.0,,last waltz the documentary
5387,Enough,Drama Thriller,2002.0,,enough drama thriller
5388,Insomnia,Action Crime Drama Mystery Thriller,2002.0,al pacino atmospheric hilary swank robin williams atmospheric insomnia thought-provoking,insomnia action crime drama mystery thriller al pacino atmospheric hilary swank robin williams atmospheric insomnia thought provoking
5389,Spirit: Stallion of the Cimarron,Adventure Animation Children Western,2002.0,,spirit stallion of the cimarron adventure animation children western
5390,CQ,Drama,2001.0,,cq drama
5391,Thirteen Conversations About One Thing (a.k.a. 13 Conversations),Drama,2001.0,,thirteen conversations about one thing a k a 13 conversations drama
5397,Monkey Business,Comedy Sci-Fi,1952.0,,monkey business comedy sci fi
5398,Requiem for a Heavyweight,Drama,1962.0,boxing,requiem for a heavyweight drama boxing
5400,"Sum of All Fears, The",Drama Thriller,2002.0,,sum of all fears the drama thriller
5401,Undercover Brother,Comedy,2002.0,,undercover brother comedy
5404,84 Charing Cross Road,Drama Romance,1987.0,books,84 charing cross road drama romance books
5409,Rapid Fire,Action,1992.0,,rapid fire action
5410,Silent Running,Drama Sci-Fi,1972.0,,silent running drama sci fi
5414,Bad Company,Action Comedy Crime,2002.0,,bad company action comedy crime
5415,Divine Secrets of the Ya-Ya Sisterhood,Comedy Drama,2002.0,,divine secrets of the ya ya sisterhood comedy drama
5416,Cherish,Comedy Drama Thriller,2002.0,,cherish comedy drama thriller
5417,"Fast Runner, The (Atanarjuat)",Drama Fantasy,2001.0,,fast runner the atanarjuat drama fantasy
5418,"Bourne Identity, The",Action Mystery Thriller,2002.0,,bourne identity the action mystery thriller
5419,Scooby-Doo,Adventure Children Comedy Fantasy Mystery,2002.0,,scooby doo adventure children comedy fantasy mystery
5420,Windtalkers,Action Drama War,2002.0,,windtalkers action drama war
5421,"Dangerous Lives of Altar Boys, The",Drama,2002.0,,dangerous lives of altar boys the drama
5422,"Emperor's New Clothes, The",Comedy,2001.0,,emperor s new clothes the comedy
5423,Gangster No. 1,Action Crime Thriller,2000.0,,gangster no 1 action crime thriller
5424,Harvard Man,Crime Drama Romance Thriller,2001.0,,harvard man crime drama romance thriller
5425,Dark Blue World (Tmavomodrý svet),Drama War,2001.0,,dark blue world tmavomodr svet drama war
5427,Caveman,Comedy,1981.0,,caveman comedy
5428,Cheech & Chong's The Corsican Brothers,Comedy,1984.0,,cheech chong s the corsican brothers comedy
5433,Silver Bullet (Stephen King's Silver Bullet),Adventure Drama Horror Mystery Thriller,1985.0,,silver bullet stephen king s silver bullet adventure drama horror mystery thriller
5434,"Sorry, Wrong Number",Drama Film-Noir Thriller,1948.0,,sorry wrong number drama film noir thriller
5435,Hombre,Western,1967.0,,hombre western
5437,"Manhattan Project, The",Comedy Sci-Fi Thriller,1986.0,,manhattan project the comedy sci fi thriller
5438,Men at Work,Action Comedy,1990.0,,men at work action comedy
5440,She Wore a Yellow Ribbon,Western,1949.0,,she wore a yellow ribbon western
5442,V. I. Warshawski,Action Comedy Crime,1991.0,,v i warshawski action comedy crime
5443,Juwanna Mann,Comedy,2002.0,,juwanna mann comedy
5444,Lilo & Stitch,Adventure Animation Children Sci-Fi,2002.0,,lilo stitch adventure animation children sci fi
5445,Minority Report,Action Crime Mystery Sci-Fi Thriller,2002.0,future,minority report action crime mystery sci fi thriller future
5446,Rabbit-Proof Fence,Adventure Drama,2002.0,australia,rabbit proof fence adventure drama australia
5447,Sunshine State,Drama,2002.0,,sunshine state drama
5448,Hey Arnold! The Movie,Adventure Animation Children Comedy,2002.0,,hey arnold the movie adventure animation children comedy
5449,Mr. Deeds,Comedy Romance,2002.0,,mr deeds comedy romance
5450,Lovely & Amazing,Comedy Drama Romance,2001.0,sisterhood women,lovely amazing comedy drama romance sisterhood women
5451,Pumpkin,Comedy Drama Romance,2002.0,disability mental illness,pumpkin comedy drama romance disability mental illness
5452,Look Who's Talking Now,Children Comedy Romance,1993.0,,look who s talking now children comedy romance
5454,Mo' Money,Comedy Romance,1992.0,,mo money comedy romance
5455,"Object of Beauty, The",Comedy Drama,1991.0,,object of beauty the comedy drama
5456,Wagons East,Comedy Western,1994.0,,wagons east comedy western
5458,Like Mike,Children Comedy Fantasy,2002.0,,like mike children comedy fantasy
5459,Men in Black II (a.k.a. MIIB) (a.k.a. MIB 2),Action Comedy Sci-Fi,2002.0,crappy sequel first was much better sequel,men in black ii a k a miib a k a mib 2 action comedy sci fi crappy sequel first was much better sequel
5460,"Powerpuff Girls, The",Action Animation Children Comedy,2002.0,,powerpuff girls the action animation children comedy
5461,Me Without You,Comedy Drama,2001.0,,me without you comedy drama
5462,"Crocodile Hunter: Collision Course, The",Adventure Comedy,2002.0,,crocodile hunter collision course the adventure comedy
5463,Reign of Fire,Action Adventure Fantasy,2002.0,,reign of fire action adventure fantasy
5464,Road to Perdition,Crime Drama,2002.0,cinematography tom hanks,road to perdition crime drama cinematography tom hanks
5465,All About Lily Chou-Chou (Riri Shushu no subete),Crime Drama Thriller,2001.0,,all about lily chou chou riri shushu no subete crime drama thriller
5466,My Wife is an Actress (Ma Femme est une Actrice),Comedy Drama Romance,2001.0,,my wife is an actress ma femme est une actrice comedy drama romance
5468,20 Million Miles to Earth,Sci-Fi,1957.0,,20 million miles to earth sci fi
5470,The Importance of Being Earnest,Comedy Romance,1952.0,oscar wilde,the importance of being earnest comedy romance oscar wilde
5471,Perfect,Drama Romance,1985.0,,perfect drama romance
5472,1776,Children Drama Musical,1972.0,,1776 children drama musical
5475,Z,Drama Mystery Thriller,1969.0,in netflix queue,z drama mystery thriller in netflix queue
5476,Halloween: Resurrection (Halloween 8),Horror Thriller,2002.0,,halloween resurrection halloween 8 horror thriller
5477,Sex and Lucia (Lucía y el sexo),Drama Romance,2001.0,,sex and lucia luc a y el sexo drama romance
5478,Eight Legged Freaks,Action Comedy Horror Sci-Fi,2002.0,,eight legged freaks action comedy horror sci fi
5479,K-19: The Widowmaker,Action Adventure Drama Thriller,2002.0,,k 19 the widowmaker action adventure drama thriller
5480,Stuart Little 2,Children Comedy,2002.0,,stuart little 2 children comedy
5481,Austin Powers in Goldmember,Comedy,2002.0,,austin powers in goldmember comedy
5483,"Kid Stays in the Picture, The",Documentary,2002.0,movie business,kid stays in the picture the documentary movie business
5485,Tadpole,Comedy Drama Romance,2002.0,,tadpole comedy drama romance
5486,Who Is Cletis Tout?,Comedy,2001.0,,who is cletis tout comedy
5489,Nosferatu the Vampyre (Nosferatu: Phantom der Nacht),Horror,1979.0,,nosferatu the vampyre nosferatu phantom der nacht horror
5490,The Big Bus,Action Comedy,1976.0,,the big bus action comedy
5493,In Like Flint,Action Adventure Comedy,1967.0,,in like flint action adventure comedy
5497,Our Man Flint,Adventure Comedy Sci-Fi,1965.0,,our man flint adventure comedy sci fi
5498,Red Beard (Akahige),Drama,1965.0,in netflix queue,red beard akahige drama in netflix queue
5499,Robin and Marian,Adventure Drama Romance,1976.0,,robin and marian adventure drama romance
5500,Top Secret!,Comedy,1984.0,,top secret comedy
5501,"Master of Disguise, The",Comedy Mystery,2002.0,,master of disguise the comedy mystery
5502,Signs,Horror Sci-Fi Thriller,2002.0,aliens,signs horror sci fi thriller aliens
5503,"Last Kiss, The (Ultimo bacio, L')",Comedy Drama Romance,2001.0,,last kiss the ultimo bacio l comedy drama romance
5504,Spy Kids 2: The Island of Lost Dreams,Adventure Children,2002.0,,spy kids 2 the island of lost dreams adventure children
5505,"Good Girl, The",Comedy Drama,2002.0,adultery younger men,good girl the comedy drama adultery younger men
5506,Blood Work,Crime Drama Mystery Thriller,2002.0,,blood work crime drama mystery thriller
5507,xXx,Action Crime Thriller,2002.0,,xxx action crime thriller
5508,24 Hour Party People,Comedy Drama Musical,2002.0,,24 hour party people comedy drama musical
5512,Secret Ballot (Raye makhfi),Comedy,2001.0,,secret ballot raye makhfi comedy
5513,Martin Lawrence Live: Runteldat,Comedy Documentary,2002.0,,martin lawrence live runteldat comedy documentary
5515,Songs From the Second Floor (Sånger från andra våningen),Drama,2000.0,,songs from the second floor s nger fr n andra v ningen drama
5521,"Principal, The",Action Crime Drama,1987.0,,principal the action crime drama
5522,Rollerball,Action Drama Sci-Fi,1975.0,,rollerball action drama sci fi
5523,"Adventures of Pluto Nash, The",Action Adventure Comedy Sci-Fi,2002.0,,adventures of pluto nash the action adventure comedy sci fi
5524,Blue Crush,Adventure Drama Romance,2002.0,,blue crush adventure drama romance
5525,Mostly Martha (Bella Martha),Comedy Drama Romance,2001.0,,mostly martha bella martha comedy drama romance
5527,Possession,Drama Romance,2002.0,as byatt books,possession drama romance as byatt books
5528,One Hour Photo,Drama Thriller,2002.0,photography psychopaths,one hour photo drama thriller photography psychopaths
5529,Serving Sara,Comedy Romance,2002.0,,serving sara comedy romance
5530,Simone (S1m0ne),Comedy Drama Fantasy Sci-Fi,2002.0,,simone s1m0ne comedy drama fantasy sci fi
5531,Undisputed,Drama,2002.0,,undisputed drama
5532,Amy's O (a.k.a. Amy's Orgasm),Comedy Romance,2001.0,,amy s o a k a amy s orgasm comedy romance
5537,Satin Rouge,Drama Musical,2002.0,,satin rouge drama musical
5538,"Care Bears Movie, The",Animation Children Fantasy,1985.0,,care bears movie the animation children fantasy
5539,Care Bears Movie II: A New Generation,Animation Children,1986.0,,care bears movie ii a new generation animation children
5540,Clash of the Titans,Action Adventure Fantasy Romance,1981.0,,clash of the titans action adventure fantasy romance
5541,Hot Shots!,Action Comedy Romance War,1991.0,,hot shots action comedy romance war
5543,"Swarm, The",Action Horror Sci-Fi,1978.0,,swarm the action horror sci fi
5544,Time After Time,Sci-Fi Thriller,1979.0,,time after time sci fi thriller
5548,Down and Out in Beverly Hills,Comedy,1986.0,homeless,down and out in beverly hills comedy homeless
5550,Love Me Tender,Musical Western,1956.0,,love me tender musical western
5553,Stakeout,Comedy Crime Romance Thriller,1987.0,,stakeout comedy crime romance thriller
5556,FearDotCom (a.k.a. Fear.com) (a.k.a. Fear Dot Com),Crime Horror Thriller,2002.0,,feardotcom a k a fear com a k a fear dot com crime horror thriller
5560,À nous la liberté (Freedom for Us),Comedy Musical,1931.0,,nous la libert freedom for us comedy musical
5562,Snipes,Drama Thriller,2001.0,,snipes drama thriller
5563,City by the Sea,Crime Drama,2002.0,,city by the sea crime drama
5564,Swimfan,Thriller,2002.0,,swimfan thriller
5568,Johnny Dangerously,Comedy,1984.0,,johnny dangerously comedy
5569,"Last House on the Left, The",Crime Horror Thriller,1972.0,,last house on the left the crime horror thriller
5570,Thesis (Tesis),Drama Horror Thriller,1996.0,,thesis tesis drama horror thriller
5572,Barbershop,Comedy,2002.0,,barbershop comedy
5573,Stealing Harvard,Comedy Crime,2002.0,,stealing harvard comedy crime
5574,"Transporter, The",Action Crime,2002.0,,transporter the action crime
5575,Alias Betty (Betty Fisher et autres histoires),Crime Drama,2001.0,,alias betty betty fisher et autres histoires crime drama
5577,Igby Goes Down,Comedy Drama,2002.0,adolescence,igby goes down comedy drama adolescence
5580,Aspen Extreme,Action,1993.0,,aspen extreme action
5581,Betsy's Wedding,Comedy,1990.0,,betsy s wedding comedy
5582,Captain Ron,Adventure Comedy,1992.0,,captain ron adventure comedy
5584,Ernest Goes to Jail,Comedy,1990.0,,ernest goes to jail comedy
5585,Ernest Scared Stupid,Comedy,1991.0,,ernest scared stupid comedy
5588,"Hills Have Eyes, The",Horror,1977.0,,hills have eyes the horror
5589,Indian Summer,Comedy Drama,1993.0,,indian summer comedy drama
5590,"Mack, The",Crime,1973.0,,mack the crime
5591,Monkey Trouble,Children Comedy,1994.0,,monkey trouble children comedy
5596,Spaced Invaders,Adventure Comedy Sci-Fi,1990.0,,spaced invaders adventure comedy sci fi
5597,Suburban Commando,Comedy Sci-Fi,1991.0,,suburban commando comedy sci fi
5601,"Yearling, The",Children Drama,1946.0,animal movie,yearling the children drama animal movie
5602,"Ladykillers, The",Comedy Crime,1955.0,,ladykillers the comedy crime
5603,"Lavender Hill Mob, The",Comedy Crime,1951.0,crime heist,lavender hill mob the comedy crime crime heist
5604,"Man in the White Suit, The",Comedy Sci-Fi,1951.0,,man in the white suit the comedy sci fi
5607,"Son of the Bride (Hijo de la novia, El)",Comedy Drama,2001.0,,son of the bride hijo de la novia el comedy drama
5608,"Das Experiment (Experiment, The)",Drama Thriller,2001.0,,das experiment experiment the drama thriller
5609,Ballistic: Ecks vs. Sever,Action Thriller,2002.0,,ballistic ecks vs sever action thriller
5610,"Banger Sisters, The",Comedy Drama,2002.0,,banger sisters the comedy drama
5611,"Four Feathers, The",Adventure War,2002.0,,four feathers the adventure war
5612,Trapped,Action Thriller,2002.0,,trapped action thriller
5613,8 Women,Comedy Crime Musical Mystery,2002.0,,8 women comedy crime musical mystery
5614,"His Secret Life (a.k.a. Ignorant Fairies, The) (Fate ignoranti, Le)",Drama Romance,2001.0,,his secret life a k a ignorant fairies the fate ignoranti le drama romance
5615,Invincible,Drama,2001.0,,invincible drama
5617,Secretary,Comedy Drama Romance,2002.0,,secretary comedy drama romance
5618,Spirited Away (Sen to Chihiro no kamikakushi),Adventure Animation Fantasy,2001.0,anime,spirited away sen to chihiro no kamikakushi adventure animation fantasy anime
5619,"Trials of Henry Kissinger, The",Documentary,2002.0,,trials of henry kissinger the documentary
5620,Sweet Home Alabama,Comedy Romance,2002.0,,sweet home alabama comedy romance
5621,"Tuxedo, The",Action Comedy,2002.0,,tuxedo the action comedy
5625,Moonlight Mile,Drama Romance,2002.0,,moonlight mile drama romance
5628,Wasabi,Action Comedy Crime Drama Thriller,2001.0,,wasabi action comedy crime drama thriller
5629,Jonah: A VeggieTales Movie,Animation Children Musical,2002.0,bible,jonah a veggietales movie animation children musical bible
5630,Red Dragon,Crime Mystery Thriller,2002.0,hannibal lecter,red dragon crime mystery thriller hannibal lecter
5632,Bloody Sunday,Drama,2002.0,,bloody sunday drama
5633,Heaven,Drama,2002.0,bombs,heaven drama bombs
5635,"Man from Elysian Fields, The",Drama,2001.0,,man from elysian fields the drama
5636,Welcome to Collinwood,Comedy Crime,2002.0,,welcome to collinwood comedy crime
5637,Flirting,Drama,1991.0,,flirting drama
5638,Godzilla vs. Mothra (Mosura tai Gojira),Action Adventure Fantasy Sci-Fi,1964.0,,godzilla vs mothra mosura tai gojira action adventure fantasy sci fi
5640,"Godzilla, King of the Monsters! (Kaijû-ô Gojira)",Horror Sci-Fi,1956.0,,godzilla king of the monsters kaij gojira horror sci fi
5643,Powaqqatsi,Documentary,1988.0,,powaqqatsi documentary
5644,"Pride of the Yankees, The",Drama,1942.0,baseball lou gehrig,pride of the yankees the drama baseball lou gehrig
5646,Valmont,Drama Romance,1989.0,,valmont drama romance
5649,Horror of Dracula (Dracula),Horror,1958.0,,horror of dracula dracula horror
5650,Strange Brew,Comedy,1983.0,,strange brew comedy
5651,"Incredible Mr. Limpet, The",Animation Comedy War,1964.0,,incredible mr limpet the animation comedy war
5657,Flashback,Action Adventure Comedy Crime Drama,1990.0,,flashback action adventure comedy crime drama
5663,Below,Horror,2002.0,,below horror
5664,Brown Sugar,Romance,2002.0,,brown sugar romance
5665,Knockaround Guys,Action Comedy Crime,2002.0,,knockaround guys action comedy crime
5666,"Rules of Attraction, The",Comedy Drama Romance Thriller,2002.0,,rules of attraction the comedy drama romance thriller
5667,Tuck Everlasting,Drama Fantasy,2002.0,,tuck everlasting drama fantasy
5668,White Oleander,Drama,2002.0,,white oleander drama
5669,Bowling for Columbine,Documentary,2002.0,violence in america,bowling for columbine documentary violence in america
5670,Comedian,Comedy Documentary,2002.0,,comedian comedy documentary
5672,Pokemon 4 Ever (a.k.a. Pokémon 4: The Movie),Adventure Animation Children Fantasy,2002.0,,pokemon 4 ever a k a pok mon 4 the movie adventure animation children fantasy
5673,Punch-Drunk Love,Comedy Drama Romance,2002.0,pudding anger awkward bittersweet hallucinatory quirky sad surreal symbolism tense unconventional unique wistful,punch drunk love comedy drama romance pudding anger awkward bittersweet hallucinatory quirky sad surreal symbolism tense unconventional unique wistful
5675,Swept Away,Comedy Romance,2002.0,,swept away comedy romance
5678,Formula 51,Action Comedy Crime Thriller,2001.0,,formula 51 action comedy crime thriller
5679,"Ring, The",Horror Mystery Thriller,2002.0,,ring the horror mystery thriller
5680,Auto Focus,Crime Drama,2002.0,,auto focus crime drama
5682,"Grey Zone, The",Drama,2001.0,holocaust,grey zone the drama holocaust
5684,Naqoyqatsi,Documentary,2002.0,,naqoyqatsi documentary
5685,Real Women Have Curves,Comedy Drama,2002.0,girl power,real women have curves comedy drama girl power
5688,Tully,Drama,2000.0,,tully drama
5689,Billy Bathgate,Crime Drama,1991.0,,billy bathgate crime drama
5690,Grave of the Fireflies (Hotaru no haka),Animation Drama War,1988.0,made me cry orphans beautiful downbeat grim poignant tear jerker tragedy tragic,grave of the fireflies hotaru no haka animation drama war made me cry orphans beautiful downbeat grim poignant tear jerker tragedy tragic
5693,Saturday Night Fever,Comedy Drama Romance,1977.0,,saturday night fever comedy drama romance
5694,Staying Alive,Comedy Drama Musical,1983.0,70mm,staying alive comedy drama musical 70mm
5696,Urban Cowboy,Drama,1980.0,,urban cowboy drama
5699,Tom Horn,Western,1980.0,,tom horn western
5700,The Pumaman,Action Adventure Fantasy Sci-Fi,1980.0,,the pumaman action adventure fantasy sci fi
5704,Without Warning (a.k.a. Alien Warning) (a.k.a. It Came Without Warning),Horror Sci-Fi,1980.0,,without warning a k a alien warning a k a it came without warning horror sci fi
5706,...All the Marbles,Comedy Drama,1981.0,,all the marbles comedy drama
5707,Absence of Malice,Drama Romance,1981.0,,absence of malice drama romance
5710,Banana Joe,Comedy,1981.0,,banana joe comedy
5712,Blow Out,Mystery Thriller,1981.0,,blow out mystery thriller
5720,"Friend Is a Treasure, A (Chi Trova Un Amico, Trova un Tesoro) (Who Finds a Friend Finds a Treasure)",Action Adventure Comedy,1981.0,,friend is a treasure a chi trova un amico trova un tesoro who finds a friend finds a treasure action adventure comedy
5721,"Chosen, The",Drama,1981.0,in netflix queue judaism,chosen the drama in netflix queue judaism
5723,Continental Divide,Comedy Romance,1981.0,,continental divide comedy romance
5733,"Eyewitness (Janitor, The)",Thriller,1981.0,,eyewitness janitor the thriller
5735,Faces of Death,Documentary Horror,1978.0,,faces of death documentary horror
5736,Faces of Death 3,Documentary Horror,1985.0,,faces of death 3 documentary horror
5741,"Woman Next Door, The (Femme d'à côté, La)",Drama Romance,1981.0,,woman next door the femme d c t la drama romance
5742,First Monday in October,Comedy Drama,1981.0,,first monday in october comedy drama
5745,"Four Seasons, The",Comedy Drama,1981.0,,four seasons the comedy drama
5746,Galaxy of Terror (Quest),Action Horror Mystery Sci-Fi,1981.0,,galaxy of terror quest action horror mystery sci fi
5747,Gallipoli,Drama War,1981.0,world war i,gallipoli drama war world war i
5749,Ghost Story,Drama Horror,1981.0,,ghost story drama horror
5752,Gregory's Girl,Comedy Romance,1981.0,,gregory s girl comedy romance
5755,Happy Birthday to Me,Horror Mystery,1981.0,,happy birthday to me horror mystery
5764,Looker,Drama Horror Sci-Fi Thriller,1981.0,,looker drama horror sci fi thriller
5767,Teddy Bear (Mis),Comedy Crime,1981.0,,teddy bear mis comedy crime
5768,Modern Problems,Comedy Fantasy,1981.0,,modern problems comedy fantasy
5771,My Bloody Valentine,Drama Horror Thriller,1981.0,,my bloody valentine drama horror thriller
5772,My Dinner with André,Drama,1981.0,,my dinner with andr drama
5773,Neighbors,Comedy,1981.0,,neighbors comedy
5779,Piranha II: The Spawning,Horror Sci-Fi,1981.0,,piranha ii the spawning horror sci fi
5780,Polyester,Comedy,1981.0,,polyester comedy
5782,"Professional, The (Le professionnel)",Action Drama Thriller,1981.0,,professional the le professionnel action drama thriller
5784,Ghost Ship,Horror,2002.0,,ghost ship horror
5785,Jackass: The Movie,Action Comedy Documentary,2002.0,,jackass the movie action comedy documentary
5786,Paid in Full,Action Drama,2002.0,,paid in full action drama
5787,"Truth About Charlie, The",Mystery Thriller,2002.0,,truth about charlie the mystery thriller
5788,All or Nothing,Drama,2002.0,,all or nothing drama
5791,Frida,Drama Romance,2002.0,art,frida drama romance art
5792,Roger Dodger,Comedy Drama,2002.0,dating,roger dodger comedy drama dating
5796,Casino Royale,Action Adventure Comedy,1967.0,,casino royale action adventure comedy
5797,"Company of Wolves, The",Fantasy Horror,1984.0,,company of wolves the fantasy horror
5799,Exodus,Drama Romance War,1960.0,,exodus drama romance war
5801,"Russians Are Coming, the Russians Are Coming, The",Comedy War,1966.0,,russians are coming the russians are coming the comedy war
5802,"World of Henry Orient, The",Comedy,1964.0,teenagers,world of henry orient the comedy teenagers
5803,I Spy,Action Adventure Comedy Crime,2002.0,,i spy action adventure comedy crime
5804,"Santa Clause 2, The",Children Comedy Fantasy Romance,2002.0,,santa clause 2 the children comedy fantasy romance
5809,Femme Fatale,Crime Thriller,2002.0,,femme fatale crime thriller
5810,8 Mile,Drama,2002.0,,8 mile drama
5812,Far from Heaven,Drama Romance,2002.0,salute to douglas sirk,far from heaven drama romance salute to douglas sirk
5816,Harry Potter and the Chamber of Secrets,Adventure Fantasy,2002.0,magic wizards,harry potter and the chamber of secrets adventure fantasy magic wizards
5817,Ararat,Drama War,2002.0,,ararat drama war
5818,"Crime of Father Amaro, The (Crimen del padre Amaro, El)",Drama Romance,2002.0,,crime of father amaro the crimen del padre amaro el drama romance
5820,Standing in the Shadows of Motown,Documentary Musical,2002.0,music business,standing in the shadows of motown documentary musical music business
5826,Rio Grande,Romance Western,1950.0,,rio grande romance western
5828,Blackrock,Drama Thriller,1997.0,,blackrock drama thriller
5829,Men with Brooms,Comedy Drama Romance,2002.0,,men with brooms comedy drama romance
5833,Dog Soldiers,Action Horror,2002.0,,dog soldiers action horror
5836,Houseboat,Comedy Romance,1958.0,,houseboat comedy romance
5838,Madame Bovary,Drama,1991.0,,madame bovary drama
5839,My Father's Glory (La gloire de mon père),Adventure Drama,1990.0,,my father s glory la gloire de mon p re adventure drama
5840,"My Mother's Castle (Château de ma mère, Le)",Comedy Drama,1990.0,,my mother s castle ch teau de ma m re le comedy drama
5841,Return to the Blue Lagoon,Adventure Romance,1991.0,,return to the blue lagoon adventure romance
5843,Toy Soldiers,Action Drama,1991.0,,toy soldiers action drama
5847,Ragtime,Drama,1981.0,,ragtime drama
5849,I'm Starting From Three (Ricomincio da Tre),Comedy,1981.0,,i m starting from three ricomincio da tre comedy
5853,Scanners,Horror Sci-Fi Thriller,1981.0,,scanners horror sci fi thriller
5856,"Do You Remember Dolly Bell? (Sjecas li se, Dolly Bell)",Comedy Drama Romance,1981.0,,do you remember dolly bell sjecas li se dolly bell comedy drama romance
5863,Take This Job and Shove It,Comedy,1981.0,,take this job and shove it comedy
5867,Thief,Crime Drama Thriller,1981.0,,thief crime drama thriller
5872,Die Another Day,Action Adventure Thriller,2002.0,,die another day action adventure thriller
5873,The Emperor's Club,Drama,2002.0,,the emperor s club drama
5874,Friday After Next,Comedy,2002.0,,friday after next comedy
5875,Personal Velocity,Drama,2002.0,short films,personal velocity drama short films
5876,"Quiet American, The",Drama Thriller War,2002.0,graham greene,quiet american the drama thriller war graham greene
5878,Talk to Her (Hable con Ella),Drama Romance,2002.0,coma,talk to her hable con ella drama romance coma
5879,Eight Crazy Nights (Adam Sandler's Eight Crazy Nights),Animation Comedy Musical,2002.0,,eight crazy nights adam sandler s eight crazy nights animation comedy musical
5880,Extreme Ops,Action Adventure Crime Thriller,2002.0,,extreme ops action adventure crime thriller
5881,Solaris,Drama Romance Sci-Fi,2002.0,,solaris drama romance sci fi
5882,Treasure Planet,Adventure Animation Children Sci-Fi IMAX,2002.0,,treasure planet adventure animation children sci fi imax
5883,They,Horror Thriller,2002.0,,they horror thriller
5884,Chopper Chicks in Zombietown,Comedy Horror,1989.0,,chopper chicks in zombietown comedy horror
5888,Brother (Brat),Crime Drama,1997.0,,brother brat crime drama
5889,"Cruel Romance, A (Zhestokij Romans)",Drama Romance,1984.0,,cruel romance a zhestokij romans drama romance
5890,Elling,Comedy Drama,2001.0,,elling comedy drama
5891,I Spit on Your Grave (Day of the Woman),Horror Thriller,1978.0,,i spit on your grave day of the woman horror thriller
5893,"Last Seduction, The",Crime Drama Thriller,1994.0,,last seduction the crime drama thriller
5896,New Waterford Girl,Comedy,1999.0,,new waterford girl comedy
5899,Zulu,Action Drama War,1964.0,africa,zulu action drama war africa
5900,Analyze That,Comedy Crime,2002.0,,analyze that comedy crime
5901,Empire,Crime Drama,2002.0,,empire crime drama
5902,Adaptation,Comedy Drama Romance,2002.0,,adaptation comedy drama romance
5903,Equilibrium,Action Sci-Fi Thriller,2002.0,,equilibrium action sci fi thriller
5909,Visitor Q (Bizita Q),Comedy Drama Horror,2001.0,,visitor q bizita q comedy drama horror
5912,Hit the Bank (Vabank),Comedy Crime,1981.0,,hit the bank vabank comedy crime
5915,Victory (a.k.a. Escape to Victory),Action Drama War,1981.0,,victory a k a escape to victory action drama war
5919,Android,Sci-Fi,1982.0,,android sci fi
5922,Attila (Attila Flagello di Dio),Action,1982.0,,attila attila flagello di dio action
5925,"Beast Within, The",Horror,1982.0,,beast within the horror
5927,"Best Little Whorehouse in Texas, The",Comedy Drama Musical Romance,1982.0,,best little whorehouse in texas the comedy drama musical romance
5929,"Party 2, The (Boum 2, La)",Comedy Romance,1982.0,,party 2 the boum 2 la comedy romance
5932,Burden of Dreams,Documentary,1982.0,,burden of dreams documentary
5938,Deathtrap,Comedy Crime Mystery Thriller,1982.0,,deathtrap comedy crime mystery thriller
5941,Drumline,Comedy Drama Musical Romance,2002.0,,drumline comedy drama musical romance
5942,"Hot Chick, The",Comedy,2002.0,,hot chick the comedy
5943,Maid in Manhattan,Comedy Romance,2002.0,,maid in manhattan comedy romance
5944,Star Trek: Nemesis,Action Drama Sci-Fi Thriller,2002.0,,star trek nemesis action drama sci fi thriller
5945,About Schmidt,Comedy Drama,2002.0,,about schmidt comedy drama
5947,Evelyn,Drama,2002.0,,evelyn drama
5949,Intact (Intacto),Thriller,2001.0,,intact intacto thriller
5951,Morvern Callar,Drama,2002.0,,morvern callar drama
5952,"Lord of the Rings: The Two Towers, The",Adventure Fantasy,2002.0,myth tolkein,lord of the rings the two towers the adventure fantasy myth tolkein
5953,Devils on the Doorstep (Guizi lai le),Drama War,2000.0,,devils on the doorstep guizi lai le drama war
5954,25th Hour,Crime Drama,2002.0,crime nightclub,25th hour crime drama crime nightclub
5955,Antwone Fisher,Drama,2002.0,,antwone fisher drama
5956,Gangs of New York,Crime Drama,2002.0,,gangs of new york crime drama
5957,Two Weeks Notice,Comedy Romance,2002.0,,two weeks notice comedy romance
5959,Narc,Crime Drama Thriller,2002.0,,narc crime drama thriller
5961,Blue Steel,Action Thriller,1990.0,,blue steel action thriller
5962,Body of Evidence,Drama Thriller,1993.0,,body of evidence drama thriller
5963,"Children's Hour, The",Drama,1961.0,,children s hour the drama
5965,"Duellists, The",Action War,1977.0,,duellists the action war
5968,Miami Blues,Comedy Crime Drama,1990.0,,miami blues comedy crime drama
5969,My Girl 2,Comedy Drama Romance,1994.0,,my girl 2 comedy drama romance
5970,My Girl,Comedy Drama Romance,1991.0,,my girl comedy drama romance
5971,My Neighbor Totoro (Tonari no Totoro),Animation Children Drama Fantasy,1988.0,anime,my neighbor totoro tonari no totoro animation children drama fantasy anime
5974,"Thief of Bagdad, The",Adventure Fantasy,1940.0,,thief of bagdad the adventure fantasy
5975,War and Peace,Drama Romance War,1956.0,,war and peace drama romance war
5979,Attack of the Crab Monsters,Horror Sci-Fi,1957.0,,attack of the crab monsters horror sci fi
5980,Black Christmas,Horror Mystery Thriller,1974.0,,black christmas horror mystery thriller
5984,"Story of O, The (Histoire d'O)",Drama Romance,1975.0,,story of o the histoire d o drama romance
5986,Fat City,Drama,1972.0,,fat city drama
5988,Quicksilver,Drama,1986.0,,quicksilver drama
5989,Catch Me If You Can,Crime Drama,2002.0,crime cheating intelligent leonardo dicaprio lies smart tom hanks twists & turns,catch me if you can crime drama crime cheating intelligent leonardo dicaprio lies smart tom hanks twists turns
5990,Pinocchio,Children Comedy Fantasy,2002.0,,pinocchio children comedy fantasy
5991,Chicago,Comedy Crime Drama Musical,2002.0,court jazz murder,chicago comedy crime drama musical court jazz murder
5992,"Hours, The",Drama Romance,2002.0,,hours the drama romance
5993,Max,Drama,2002.0,,max drama
5994,Nicholas Nickleby,Drama Romance,2002.0,dickens,nicholas nickleby drama romance dickens
5995,"Pianist, The",Drama War,2002.0,holocaust true story holocaust,pianist the drama war holocaust true story holocaust
5999,Heavy Metal 2000,Action Adventure Animation Fantasy Sci-Fi,2000.0,,heavy metal 2000 action adventure animation fantasy sci fi
6001,"King of Comedy, The",Comedy Drama,1983.0,,king of comedy the comedy drama
6002,Love Liza,Drama,2002.0,drugs planes widows/widowers,love liza drama drugs planes widows widowers
6003,Confessions of a Dangerous Mind,Comedy Crime Drama Thriller,2002.0,television,confessions of a dangerous mind comedy crime drama thriller television
6005,Blue Collar Comedy Tour: The Movie,Comedy Documentary,2003.0,,blue collar comedy tour the movie comedy documentary
6006,Just Married,Comedy Romance,2003.0,,just married comedy romance
6009,"City of Lost Souls, The (Hyôryuu-gai)",Crime Drama Thriller,2000.0,,city of lost souls the hy ryuu gai crime drama thriller
6012,"Guy Thing, A",Comedy Romance,2003.0,,guy thing a comedy romance
6013,Kangaroo Jack,Action Comedy,2003.0,,kangaroo jack action comedy
6014,National Security,Action Comedy,2003.0,,national security action comedy
6016,City of God (Cidade de Deus),Action Adventure Crime Drama Thriller,2002.0,multiple storylines true story crime photography violence not seen,city of god cidade de deus action adventure crime drama thriller multiple storylines true story crime photography violence not seen
6020,Alice Adams,Comedy Drama,1935.0,class,alice adams comedy drama class
6021,"American Friend, The (Amerikanische Freund, Der)",Crime Drama Mystery Thriller,1977.0,,american friend the amerikanische freund der crime drama mystery thriller
6022,American Me,Drama,1992.0,,american me drama
6023,Band of Outsiders (Bande à part),Comedy Crime Drama Romance,1964.0,,band of outsiders bande part comedy crime drama romance
6025,CB4 - The Movie,Comedy,1993.0,,cb4 the movie comedy
6027,Dogfight,Drama Romance,1991.0,in netflix queue,dogfight drama romance in netflix queue
6030,Girls! Girls! Girls!,Comedy Musical,1962.0,,girls girls girls comedy musical
6031,Imitation of Life,Drama Romance,1959.0,motherhood race,imitation of life drama romance motherhood race
6033,Mystery Date,Comedy,1991.0,,mystery date comedy
6035,Pépé le Moko,Crime Drama Romance,1937.0,,p p le moko crime drama romance
6036,Secret Admirer,Comedy Romance,1985.0,,secret admirer comedy romance
6039,"Woman in Red, The",Comedy Romance,1984.0,,woman in red the comedy romance
6040,Darkness Falls,Horror Thriller,2003.0,,darkness falls horror thriller
6041,Amen.,Drama,2002.0,in netflix queue,amen drama in netflix queue
6042,Blind Spot: Hitler's Secretary (Im toten Winkel - Hitlers Sekretärin),Documentary,2002.0,,blind spot hitler s secretary im toten winkel hitlers sekret rin documentary
6044,Blind Date,Horror Thriller,1984.0,,blind date horror thriller
6049,Ethan Frome,Drama,1993.0,,ethan frome drama
6051,"Harder They Come, The",Action Crime Drama,1973.0,,harder they come the action crime drama
6055,Sugar Hill,Drama,1994.0,,sugar hill drama
6057,Biker Boyz,Action Crime Drama,2003.0,,biker boyz action crime drama
6058,Final Destination 2,Horror Thriller,2003.0,sequel violent,final destination 2 horror thriller sequel violent
6059,"Recruit, The",Action Thriller,2003.0,,recruit the action thriller
6060,"Guru, The",Comedy Romance,2002.0,,guru the comedy romance
6062,Lost in La Mancha,Documentary,2002.0,,lost in la mancha documentary
6063,May,Drama Horror,2002.0,doll,may drama horror doll
6064,"Harder They Fall, The",Drama Film-Noir,1956.0,,harder they fall the drama film noir
6067,Ordinary Decent Criminal,Comedy Crime,2000.0,,ordinary decent criminal comedy crime
6070,Tokyo Decadence (Topâzu),Drama,1992.0,,tokyo decadence top zu drama
6078,Firefox,Action Sci-Fi Thriller,1982.0,,firefox action sci fi thriller
6086,"I, the Jury",Crime Drama Thriller,1982.0,,i the jury crime drama thriller
6090,Kiss Me Goodbye,Comedy,1982.0,ghosts,kiss me goodbye comedy ghosts
6093,"Last Unicorn, The",Animation Children Fantasy,1982.0,,last unicorn the animation children fantasy
6095,Dragon Lord (a.k.a. Dragon Strike) (Long Xiao Ye),Action,1982.0,,dragon lord a k a dragon strike long xiao ye action
6100,"Midsummer Night's Sex Comedy, A",Comedy Romance,1982.0,,midsummer night s sex comedy a comedy romance
6101,Missing,Drama Mystery Thriller,1982.0,chile politics south america,missing drama mystery thriller chile politics south america
6104,Monty Python Live at the Hollywood Bowl,Comedy,1982.0,spoof,monty python live at the hollywood bowl comedy spoof
6107,"Night of the Shooting Stars (Notte di San Lorenzo, La)",Drama War,1982.0,world war ii,night of the shooting stars notte di san lorenzo la drama war world war ii
6111,Paradise,Adventure Romance,1982.0,,paradise adventure romance
6116,"Pirate Movie, The",Adventure Comedy Musical,1982.0,,pirate movie the adventure comedy musical
6119,Santa Claus Is a Stinker (Le Père Noël est une ordure),Comedy,1982.0,,santa claus is a stinker le p re no l est une ordure comedy
6122,Richard Pryor Live on the Sunset Strip,Comedy Documentary,1982.0,,richard pryor live on the sunset strip comedy documentary
6123,Sunless (Sans Soleil),Documentary,1983.0,,sunless sans soleil documentary
6124,Savannah Smiles,Comedy,1982.0,,savannah smiles comedy
6125,"Secret Policeman's Other Ball, The",Comedy Documentary Musical,1982.0,,secret policeman s other ball the comedy documentary musical
6140,Tenebre,Horror Mystery Thriller,1982.0,,tenebre horror mystery thriller
6141,They Call Me Bruce? (a.k.a. A Fistful of Chopsticks),Comedy,1982.0,,they call me bruce a k a a fistful of chopsticks comedy
6143,Trail of the Pink Panther,Comedy Crime,1982.0,,trail of the pink panther comedy crime
6145,Venom,Horror Thriller,1982.0,,venom horror thriller
6148,White Dog,Drama Horror Thriller,1982.0,,white dog drama horror thriller
6153,Zapped!,Comedy Sci-Fi,1982.0,,zapped comedy sci fi
6155,How to Lose a Guy in 10 Days,Comedy Romance,2003.0,,how to lose a guy in 10 days comedy romance
6156,Shanghai Knights,Action Adventure Comedy,2003.0,england,shanghai knights action adventure comedy england
6157,Daredevil,Action Crime,2003.0,bad ben affleck,daredevil action crime bad ben affleck
6158,"Jungle Book 2, The",Animation Children,2003.0,,jungle book 2 the animation children
6159,All the Real Girls,Drama Romance,2003.0,adolescence,all the real girls drama romance adolescence
6162,Gerry,Adventure Drama,2002.0,,gerry adventure drama
6163,He Loves Me... He Loves Me Not (À la folie... pas du tout),Romance Thriller,2002.0,obsession,he loves me he loves me not la folie pas du tout romance thriller obsession
6166,Dennis the Menace,Comedy,1993.0,,dennis the menace comedy
6169,"Black Stallion Returns, The",Adventure Children,1983.0,,black stallion returns the adventure children
6170,"Black Stallion, The",Adventure Children Drama,1979.0,horses,black stallion the adventure children drama horses
6178,"Patch of Blue, A",Drama Romance,1965.0,blind blindness race,patch of blue a drama romance blind blindness race
6181,"Red Badge of Courage, The",Drama War,1951.0,civil war stephen crane,red badge of courage the drama war civil war stephen crane
6182,"Thrill of It All, The",Comedy,1963.0,,thrill of it all the comedy
6183,Pillow Talk,Comedy Musical Romance,1959.0,day and hudson sexuality,pillow talk comedy musical romance day and hudson sexuality
6184,"Man Who Fell to Earth, The",Drama Sci-Fi,1976.0,,man who fell to earth the drama sci fi
6185,Dark Blue,Action Crime Drama Thriller,2003.0,,dark blue action crime drama thriller
6186,Gods and Generals,Action Drama War,2003.0,,gods and generals action drama war
6187,"Life of David Gale, The",Crime Drama Thriller,2003.0,,life of david gale the crime drama thriller
6188,Old School,Comedy,2003.0,comedy will ferrell,old school comedy comedy will ferrell
6192,Open Hearts (Elsker dig for evigt),Romance,2002.0,,open hearts elsker dig for evigt romance
6193,Poolhall Junkies,Comedy Drama Thriller,2002.0,,poolhall junkies comedy drama thriller
6195,Stone Reader,Documentary,2002.0,books stones of summer,stone reader documentary books stones of summer
6196,Cradle 2 the Grave,Action Crime Drama Thriller,2003.0,,cradle 2 the grave action crime drama thriller
6197,Spider,Drama Mystery,2002.0,mental illness,spider drama mystery mental illness
6201,Lady Jane,Drama Romance,1986.0,england,lady jane drama romance england
6202,Late Marriage (Hatuna Meuheret),Comedy Drama Romance,2001.0,,late marriage hatuna meuheret comedy drama romance
6203,Life Stinks,Comedy,1991.0,,life stinks comedy
6204,"Meteor Man, The",Comedy,1993.0,,meteor man the comedy
6210,Volcano High (Whasango),Action Comedy,2001.0,,volcano high whasango action comedy
6212,Bringing Down the House,Comedy,2003.0,,bringing down the house comedy
6213,Tears of the Sun,Action Drama Thriller,2003.0,,tears of the sun action drama thriller
6214,Irreversible (Irréversible),Crime Drama Mystery Thriller,2002.0,dark disturbing,irreversible irr versible crime drama mystery thriller dark disturbing
6215,Laurel Canyon,Drama,2002.0,,laurel canyon drama
6216,Nowhere in Africa (Nirgendwo in Afrika),Drama,2001.0,world war ii,nowhere in africa nirgendwo in afrika drama world war ii
6217,"Safety of Objects, The",Drama,2001.0,,safety of objects the drama
6218,Bend It Like Beckham,Comedy Drama Romance,2002.0,soccer,bend it like beckham comedy drama romance soccer
6219,"Hunted, The",Action Drama Thriller,2003.0,,hunted the action drama thriller
6220,Willard,Drama Horror Thriller,2003.0,,willard drama horror thriller
6222,Prozac Nation,Drama,2001.0,,prozac nation drama
6223,Spun,Comedy Crime Drama,2001.0,,spun comedy crime drama
6225,King of Kings,Drama,1961.0,,king of kings drama
6228,"Talk of the Town, The",Comedy Romance Thriller,1942.0,in netflix queue,talk of the town the comedy romance thriller in netflix queue
6232,Born Free,Adventure Children Drama,1966.0,animal movie lions,born free adventure children drama animal movie lions
6234,Equus,Drama Mystery,1977.0,,equus drama mystery
6235,Europa Europa (Hitlerjunge Salomon),Drama War,1990.0,holocaust world war ii,europa europa hitlerjunge salomon drama war holocaust world war ii
6237,"Glenn Miller Story, The",Drama,1953.0,,glenn miller story the drama
6238,Green Card,Comedy Drama Romance,1990.0,immigrants,green card comedy drama romance immigrants
6239,Journey to the Center of the Earth,Adventure Children Sci-Fi,1959.0,,journey to the center of the earth adventure children sci fi
6241,Pauline at the Beach (Pauline à la Plage),Comedy Drama Romance,1983.0,,pauline at the beach pauline la plage comedy drama romance
6242,Ringu (Ring),Horror Mystery Thriller,1998.0,television,ringu ring horror mystery thriller television
6244,Salaam Bombay!,Drama,1988.0,in netflix queue,salaam bombay drama in netflix queue
6245,Sweet Charity,Comedy Drama Musical Romance,1969.0,prostitution,sweet charity comedy drama musical romance prostitution
6246,Talent for the Game,Drama,1991.0,,talent for the game drama
6249,Boat Trip,Comedy,2003.0,,boat trip comedy
6250,Dreamcatcher,Drama Horror Sci-Fi Thriller,2003.0,,dreamcatcher drama horror sci fi thriller
6251,Piglet's Big Movie,Animation Children,2003.0,,piglet s big movie animation children
6252,View from the Top,Comedy Romance,2003.0,,view from the top comedy romance
6254,"Awful Truth, The",Comedy Romance,1937.0,screwball,awful truth the comedy romance screwball
6263,Basic,Drama Thriller War,2003.0,,basic drama thriller war
6264,"Core, The",Action Drama Sci-Fi Thriller,2003.0,,core the action drama sci fi thriller
6265,Head of State,Comedy,2003.0,,head of state comedy
6266,What a Girl Wants,Comedy Drama Romance,2003.0,,what a girl wants comedy drama romance
6267,Assassination Tango,Drama Thriller,2002.0,,assassination tango drama thriller
6268,Raising Victor Vargas,Comedy Drama Romance,2002.0,adolescence,raising victor vargas comedy drama romance adolescence
6269,Stevie,Documentary,2002.0,big brothers,stevie documentary big brothers
6270,Akira Kurosawa's Dreams (Dreams),Drama Fantasy,1990.0,,akira kurosawa s dreams dreams drama fantasy
6271,Day for Night (La Nuit Américaine),Comedy Drama Romance,1973.0,,day for night la nuit am ricaine comedy drama romance
6273,In a Lonely Place,Drama Film-Noir Mystery Romance,1950.0,l.a.,in a lonely place drama film noir mystery romance l a
6279,"Good Thief, The",Crime Drama,2002.0,,good thief the crime drama
6280,"Man Apart, A",Action Crime Drama Thriller,2003.0,,man apart a action crime drama thriller
6281,Phone Booth,Drama Thriller,2002.0,crime,phone booth drama thriller crime
6283,Cowboy Bebop: The Movie (Cowboy Bebop: Tengoku no Tobira),Action Animation Sci-Fi Thriller,2001.0,amazing artwork anime sci-fi,cowboy bebop the movie cowboy bebop tengoku no tobira action animation sci fi thriller amazing artwork anime sci fi
6285,Levity,Drama,2003.0,,levity drama
6286,"Man Without a Past, The (Mies vailla menneisyyttä)",Comedy Crime Drama,2002.0,amnesia,man without a past the mies vailla menneisyytt comedy crime drama amnesia
6287,Anger Management,Comedy,2003.0,,anger management comedy
6288,Better Luck Tomorrow,Crime Drama,2002.0,gangs,better luck tomorrow crime drama gangs
6289,Ghosts of the Abyss,Documentary IMAX,2003.0,titanic,ghosts of the abyss documentary imax titanic
6290,House of 1000 Corpses,Horror,2003.0,rob zombie,house of 1000 corpses horror rob zombie
6291,Lilya 4-Ever (Lilja 4-ever),Crime Drama,2002.0,prostitution depressing melancholy sad,lilya 4 ever lilja 4 ever crime drama prostitution depressing melancholy sad
6294,Bulletproof Monk,Action Adventure Sci-Fi,2003.0,,bulletproof monk action adventure sci fi
6295,Chasing Papi (a.k.a. Papi Chulo),Comedy,2003.0,,chasing papi a k a papi chulo comedy
6296,"Mighty Wind, A",Comedy Musical,2003.0,mockumentary,mighty wind a comedy musical mockumentary
6297,Holes,Adventure Children Comedy Mystery,2003.0,children,holes adventure children comedy mystery children
6298,Malibu's Most Wanted,Comedy Crime,2003.0,,malibu s most wanted comedy crime
6299,"Winged Migration (Peuple migrateur, Le)",Documentary,2001.0,birds,winged migration peuple migrateur le documentary birds
6300,Flickering Lights (Blinkende lygter),Action Comedy Crime,2000.0,,flickering lights blinkende lygter action comedy crime
6301,Straw Dogs,Drama Thriller,1971.0,,straw dogs drama thriller
6302,Beginning of the End,Sci-Fi,1957.0,,beginning of the end sci fi
6303,"Andromeda Strain, The",Mystery Sci-Fi,1971.0,,andromeda strain the mystery sci fi
6305,Fahrenheit 451,Drama Sci-Fi,1966.0,ray bradbury,fahrenheit 451 drama sci fi ray bradbury
6306,I Am Trying to Break Your Heart,Documentary,2002.0,,i am trying to break your heart documentary
6308,Legal Eagles,Comedy Crime Romance,1986.0,lawyers,legal eagles comedy crime romance lawyers
6310,Memories of Me,Comedy Drama,1988.0,,memories of me comedy drama
6313,Sibling Rivalry,Comedy,1990.0,,sibling rivalry comedy
6314,Undercover Blues,Comedy Crime,1993.0,,undercover blues comedy crime
6315,Wildcats,Comedy,1986.0,,wildcats comedy
6316,"Wiz, The",Adventure Children Comedy Fantasy Musical,1978.0,,wiz the adventure children comedy fantasy musical
6319,"My Father the Hero (Mon père, ce héros.)",Comedy Drama,1991.0,,my father the hero mon p re ce h ros comedy drama
6320,Scenes from a Mall,Comedy,1991.0,,scenes from a mall comedy
6322,Confidence,Crime Thriller,2003.0,,confidence crime thriller
6323,Identity,Crime Horror Mystery Thriller,2003.0,john cusack,identity crime horror mystery thriller john cusack
6324,It Runs in the Family,Comedy Drama,2003.0,,it runs in the family comedy drama
6327,"Decade Under the Influence, A",Documentary,2003.0,1970s movies,decade under the influence a documentary 1970s movies
6329,Manic,Drama,2001.0,,manic drama
6330,People I Know,Crime Drama,2002.0,,people i know crime drama
6331,Spellbound,Documentary,2002.0,spelling bee,spellbound documentary spelling bee
6332,"Lizzie McGuire Movie, The",Children Comedy Romance,2003.0,,lizzie mcguire movie the children comedy romance
6333,X2: X-Men United,Action Adventure Sci-Fi Thriller,2003.0,jean grey magneto rogue superhero wolverine,x2 x men united action adventure sci fi thriller jean grey magneto rogue superhero wolverine
6334,Blue Car,Drama,2002.0,teachers,blue car drama teachers
6335,"Dancer Upstairs, The",Crime Drama Thriller,2002.0,,dancer upstairs the crime drama thriller
6336,Marooned in Iraq (Gomgashtei dar Aragh),Drama,2002.0,,marooned in iraq gomgashtei dar aragh drama
6337,Owning Mahowny,Crime Drama Thriller,2003.0,gambling,owning mahowny crime drama thriller gambling
6338,Daddy Day Care,Children Comedy,2003.0,,daddy day care children comedy
6339,"Man on the Train (Homme du train, L')",Comedy Drama,2002.0,trains,man on the train homme du train l comedy drama trains
6341,"Shape of Things, The",Drama,2003.0,art,shape of things the drama art
6342,"Trip, The",Comedy Drama Romance,2002.0,,trip the comedy drama romance
6344,101 Reykjavik (101 Reykjavík),Comedy Drama Romance,2000.0,,101 reykjavik 101 reykjav k comedy drama romance
6345,"Chorus Line, A",Comedy Drama Musical,1985.0,,chorus line a comedy drama musical
6347,Beat Street,Drama Musical,1984.0,,beat street drama musical
6348,Breakin' 2: Electric Boogaloo,Musical,1984.0,,breakin 2 electric boogaloo musical
6349,Breakin',Drama Musical,1984.0,,breakin drama musical
6350,Laputa: Castle in the Sky (Tenkû no shiro Rapyuta),Action Adventure Animation Children Fantasy Sci-Fi,1986.0,anime,laputa castle in the sky tenk no shiro rapyuta action adventure animation children fantasy sci fi anime
6357,High Society,Comedy Musical Romance,1956.0,,high society comedy musical romance
6358,Kiss Me Kate,Comedy Musical Romance,1953.0,,kiss me kate comedy musical romance
6365,"Matrix Reloaded, The",Action Adventure Sci-Fi Thriller IMAX,2003.0,,matrix reloaded the action adventure sci fi thriller imax
6367,Down with Love,Comedy Romance,2003.0,ewan mcgregor renee zellweger retro,down with love comedy romance ewan mcgregor renee zellweger retro
6368,Cinemania,Documentary,2002.0,movies,cinemania documentary movies
6370,"Spanish Apartment, The (L'auberge espagnole)",Comedy Drama Romance,2002.0,,spanish apartment the l auberge espagnole comedy drama romance
6371,Pokémon Heroes,Animation Children,2003.0,,pok mon heroes animation children
6373,Bruce Almighty,Comedy Drama Fantasy Romance,2003.0,religion classic,bruce almighty comedy drama fantasy romance religion classic
6374,"In-Laws, The",Comedy,2003.0,,in laws the comedy
6375,Gigantic (A Tale of Two Johns),Documentary,2002.0,in netflix queue they might be giants,gigantic a tale of two johns documentary in netflix queue they might be giants
6376,Respiro,Comedy Drama,2002.0,,respiro comedy drama
6377,Finding Nemo,Adventure Animation Children Comedy,2003.0,disney fish heartwarming,finding nemo adventure animation children comedy disney fish heartwarming
6378,"Italian Job, The",Action Crime,2003.0,heist,italian job the action crime heist
6379,Wrong Turn,Horror Thriller,2003.0,,wrong turn horror thriller
6380,Capturing the Friedmans,Documentary,2003.0,child abuse,capturing the friedmans documentary child abuse
6382,Together (Han ni Zai Yiki),Drama,2002.0,,together han ni zai yiki drama
6383,"2 Fast 2 Furious (Fast and the Furious 2, The)",Action Crime Thriller,2003.0,,2 fast 2 furious fast and the furious 2 the action crime thriller
6385,Whale Rider,Drama,2002.0,girl power,whale rider drama girl power
6386,Nevada Smith,Western,1966.0,,nevada smith western
6387,Once a Thief (Zong heng si hai),Action Comedy Crime Thriller,1991.0,,once a thief zong heng si hai action comedy crime thriller
6390,Silk Stockings,Musical,1957.0,ninotchka remake,silk stockings musical ninotchka remake
6395,"Crazies, The (a.k.a. Code Name: Trixie)",Action Drama Horror Sci-Fi Thriller,1973.0,,crazies the a k a code name trixie action drama horror sci fi thriller
6400,Murder on a Sunday Morning (Un coupable idéal),Documentary,2001.0,documentary crime,murder on a sunday morning un coupable id al documentary documentary crime
6402,Siam Sunset,Comedy,1999.0,,siam sunset comedy
6405,Treasure Island,Adventure Children,1950.0,,treasure island adventure children
6407,"Walk, Don't Run",Comedy Romance,1966.0,olympics tokyo,walk don t run comedy romance olympics tokyo
6408,Animals are Beautiful People,Comedy Documentary,1974.0,,animals are beautiful people comedy documentary
6410,Car Wash,Comedy,1976.0,,car wash comedy
6412,Destry Rides Again,Comedy Western,1939.0,,destry rides again comedy western
6415,Intervista,Comedy Drama,1987.0,,intervista comedy drama
6417,Live Wire,Action,1992.0,,live wire action
6422,Shenandoah,Drama War Western,1965.0,civil war,shenandoah drama war western civil war
6424,Oscar,Comedy Crime Mystery Romance,1991.0,,oscar comedy crime mystery romance
6425,"6th Man, The (Sixth Man, The)",Comedy,1997.0,,6th man the sixth man the comedy
6427,"Railway Children, The",Children Drama,1970.0,,railway children the children drama
6428,Two Mules for Sister Sara,Comedy War Western,1970.0,,two mules for sister sara comedy war western
6429,Winchester '73,Western,1950.0,,winchester 73 western
6433,"Man with the Movie Camera, The (Chelovek s kino-apparatom)",Documentary,1929.0,,man with the movie camera the chelovek s kino apparatom documentary
6434,"Objective, Burma!",War,1945.0,,objective burma war
6436,This Boy's Life,Drama,1993.0,,this boy s life drama
6440,Barton Fink,Drama Thriller,1991.0,movie business,barton fink drama thriller movie business
6442,Belle époque,Comedy Romance,1992.0,,belle poque comedy romance
6448,"Flight of the Phoenix, The",Action Adventure Drama,1965.0,,flight of the phoenix the action adventure drama
6449,From the Terrace,Drama,1960.0,,from the terrace drama
6452,"Long, Hot Summer, The",Drama,1958.0,in netflix queue,long hot summer the drama in netflix queue
6453,Man of Aran,Documentary,1934.0,,man of aran documentary
6454,Music Box,Drama,1989.0,nazis,music box drama nazis
6460,"Trial, The (Procès, Le)",Drama,1962.0,,trial the proc s le drama
6461,"Unforgiven, The",Drama Western,1960.0,,unforgiven the drama western
6464,Good Burger,Children Comedy,1997.0,,good burger children comedy
6465,Jubilee,Drama,1977.0,,jubilee drama
6466,Mississippi Masala,Drama Romance,1991.0,in netflix queue,mississippi masala drama romance in netflix queue
6476,Shattered,Mystery Thriller,1991.0,,shattered mystery thriller
6477,"Song of Bernadette, The",Drama,1943.0,,song of bernadette the drama
6480,Thoroughly Modern Millie,Comedy Musical,1967.0,,thoroughly modern millie comedy musical
6482,Dumb and Dumberer: When Harry Met Lloyd,Comedy,2003.0,,dumb and dumberer when harry met lloyd comedy
6483,From Justin to Kelly,Musical Romance,2003.0,,from justin to kelly musical romance
6484,Hollywood Homicide,Action Crime Drama,2003.0,,hollywood homicide action crime drama
6493,Alex and Emma,Comedy Drama Romance,2003.0,,alex and emma comedy drama romance
6502,28 Days Later,Action Horror Sci-Fi,2002.0,zombies zombies,28 days later action horror sci fi zombies zombies
6503,Charlie's Angels: Full Throttle,Action Adventure Comedy Crime Thriller,2003.0,,charlie s angels full throttle action adventure comedy crime thriller
6506,Fulltime Killer (Chuen jik sat sau),Action Thriller,2001.0,,fulltime killer chuen jik sat sau action thriller
6509,Ali: Fear Eats the Soul (Angst essen Seele auf),Drama Romance,1974.0,,ali fear eats the soul angst essen seele auf drama romance
6510,"Bodies, Rest & Motion",Drama Romance,1993.0,,bodies rest motion drama romance
6514,Ring of Terror,Horror,1962.0,,ring of terror horror
6515,You Only Live Once,Crime Film-Noir,1937.0,fugitive,you only live once crime film noir fugitive
6516,Anastasia,Drama,1956.0,in netflix queue,anastasia drama in netflix queue
6517,"Babe, The",Drama,1992.0,,babe the drama
6523,Mr. Baseball,Comedy Romance,1992.0,,mr baseball comedy romance
6527,Scaramouche,Adventure Romance,1952.0,,scaramouche adventure romance
6528,Start the Revolution Without Me,Comedy,1970.0,,start the revolution without me comedy
6530,"Tenant, The (Locataire, Le)",Drama Horror Mystery Thriller,1976.0,,tenant the locataire le drama horror mystery thriller
6533,"What's Up, Doc?",Comedy,1972.0,,what s up doc comedy
6534,Hulk,Action Adventure Sci-Fi,2003.0,dogs eric bana mad scientist marvel,hulk action adventure sci fi dogs eric bana mad scientist marvel
6535,"Legally Blonde 2: Red, White & Blonde",Comedy,2003.0,politics,legally blonde 2 red white blonde comedy politics
6536,Sinbad: Legend of the Seven Seas,Adventure Animation Children Fantasy,2003.0,swashbuckler,sinbad legend of the seven seas adventure animation children fantasy swashbuckler
6537,Terminator 3: Rise of the Machines,Action Adventure Sci-Fi,2003.0,,terminator 3 rise of the machines action adventure sci fi
6538,Swimming Pool,Drama Mystery Thriller,2003.0,,swimming pool drama mystery thriller
6539,Pirates of the Caribbean: The Curse of the Black Pearl,Action Adventure Comedy Fantasy,2003.0,swashbuckler,pirates of the caribbean the curse of the black pearl action adventure comedy fantasy swashbuckler
6541,"League of Extraordinary Gentlemen, The (a.k.a. LXG)",Action Fantasy Sci-Fi,2003.0,captain nemo comic book gothic peta wilson sean connery superhero,league of extraordinary gentlemen the a k a lxg action fantasy sci fi captain nemo comic book gothic peta wilson sean connery superhero
6542,"Cuckoo, The (Kukushka)",Comedy Drama War,2002.0,,cuckoo the kukushka comedy drama war
6545,I Capture the Castle,Drama Romance,2003.0,dodie smith,i capture the castle drama romance dodie smith
6547,Northfork,Drama Fantasy,2003.0,flood,northfork drama fantasy flood
6548,Bad Boys II,Action Comedy Crime Thriller,2003.0,,bad boys ii action comedy crime thriller
6549,How to Deal,Comedy Drama Romance,2003.0,,how to deal comedy drama romance
6550,Johnny English,Action Comedy Thriller,2003.0,,johnny english action comedy thriller
6551,"Anarchist Cookbook, The",Comedy Romance,2002.0,,anarchist cookbook the comedy romance
6552,Dirty Pretty Things,Crime Drama Thriller,2002.0,immigration,dirty pretty things crime drama thriller immigration
6553,"Embalmer, The (Imbalsamatore, L')",Drama,2002.0,,embalmer the imbalsamatore l drama
6554,Garage Days,Comedy Musical,2002.0,,garage days comedy musical
6557,Born to Be Wild,Adventure Children Comedy Drama,1995.0,,born to be wild adventure children comedy drama
6558,Curly Sue,Comedy Drama,1991.0,,curly sue comedy drama
6559,Little Giants,Children Comedy,1994.0,,little giants children comedy
6560,Loose Cannons,Action Comedy,1990.0,,loose cannons action comedy
6561,"Mouse That Roared, The",Comedy War,1959.0,,mouse that roared the comedy war
6563,Masked & Anonymous,Comedy Drama,2003.0,,masked anonymous comedy drama
6564,Lara Croft Tomb Raider: The Cradle of Life,Action Adventure Comedy Romance Thriller,2003.0,adventure angelina jolie heroine in tight suit,lara croft tomb raider the cradle of life action adventure comedy romance thriller adventure angelina jolie heroine in tight suit
6565,Seabiscuit,Drama,2003.0,horses,seabiscuit drama horses
6566,Spy Kids 3-D: Game Over,Action Adventure Children,2003.0,,spy kids 3 d game over action adventure children
6567,Buffalo Soldiers,Comedy Crime Drama War,2001.0,,buffalo soldiers comedy crime drama war
6568,Camp,Comedy Musical,2003.0,,camp comedy musical
6571,"Mondays in the Sun (Lunes al sol, Los)",Drama,2002.0,,mondays in the sun lunes al sol los drama
6572,Scorched,Comedy Crime,2003.0,,scorched comedy crime
6573,Avanti!,Comedy Drama,1972.0,,avanti comedy drama
6574,Eve of Destruction,Action Sci-Fi Thriller,1991.0,,eve of destruction action sci fi thriller
6577,Kickboxer 2: The Road Back,Action Drama,1991.0,,kickboxer 2 the road back action drama
6578,"Kiss Me, Stupid",Comedy,1964.0,,kiss me stupid comedy
6579,"One, Two, Three",Comedy,1961.0,japan,one two three comedy japan
6581,"Private Life of Sherlock Holmes, The",Comedy Drama Mystery,1970.0,,private life of sherlock holmes the comedy drama mystery
6582,Remo Williams: The Adventure Begins,Action Comedy Crime Thriller,1985.0,,remo williams the adventure begins action comedy crime thriller
6583,"Blood of Heroes, The (Salute of the Jugger, The)",Action Sci-Fi,1989.0,,blood of heroes the salute of the jugger the action sci fi
6584,"What's Up, Tiger Lily?",Adventure Comedy Crime Thriller,1966.0,,what s up tiger lily adventure comedy crime thriller
6586,American Wedding (American Pie 3),Comedy,2003.0,,american wedding american pie 3 comedy
6587,Gigli,Comedy Crime Romance,2003.0,,gigli comedy crime romance
6588,And Now... Ladies and Gentlemen...,Romance Thriller,2002.0,,and now ladies and gentlemen romance thriller
6591,"Magdalene Sisters, The",Drama,2002.0,religion,magdalene sisters the drama religion
6592,"Secret Lives of Dentists, The",Drama,2002.0,marriage,secret lives of dentists the drama marriage
6593,Freaky Friday,Children Comedy Fantasy,2003.0,,freaky friday children comedy fantasy
6595,S.W.A.T.,Action Thriller,2003.0,,s w a t action thriller
6596,"Divorce, Le",Comedy Drama Romance,2003.0,,divorce le comedy drama romance
6597,"Princess Blade, The (Shura Yukihime)",Action Sci-Fi,2001.0,,princess blade the shura yukihime action sci fi
6598,Step Into Liquid,Documentary,2002.0,,step into liquid documentary
6603,"Double Life, A",Crime Drama Film-Noir,1947.0,othello,double life a crime drama film noir othello
6604,Hawks and Sparrows (Uccellacci e Uccellini),Comedy,1966.0,,hawks and sparrows uccellacci e uccellini comedy
6609,"Gospel According to St. Matthew, The (Vangelo secondo Matteo, Il)",Drama,1964.0,bible,gospel according to st matthew the vangelo secondo matteo il drama bible
6611,Umberto D.,Drama,1952.0,,umberto d drama
6612,Brother's Keeper,Documentary,1992.0,,brother s keeper documentary
6614,I Love You to Death,Comedy Crime,1990.0,,i love you to death comedy crime
6615,Freddy vs. Jason,Action Horror Thriller,2003.0,,freddy vs jason action horror thriller
6616,Grind,Action Comedy,2003.0,,grind action comedy
6617,Open Range,Western,2003.0,,open range western
6618,Shaolin Soccer (Siu lam juk kau),Action Comedy,2001.0,,shaolin soccer siu lam juk kau action comedy
6619,Uptown Girls,Comedy,2003.0,,uptown girls comedy
6620,American Splendor,Comedy Drama,2003.0,cancer,american splendor comedy drama cancer
6624,Agent Cody Banks,Action Adventure Children Fantasy,2003.0,,agent cody banks action adventure children fantasy
6625,Camp Nowhere,Adventure Children Comedy,1994.0,,camp nowhere adventure children comedy
6628,Hot Dog... The Movie,Comedy,1984.0,,hot dog the movie comedy
6629,House of Wax,Crime Horror Mystery Thriller,1953.0,,house of wax crime horror mystery thriller
6631,Man's Best Friend,Horror Sci-Fi Thriller,1993.0,,man s best friend horror sci fi thriller
6636,"Sure Thing, The",Comedy Romance,1985.0,road trip,sure thing the comedy romance road trip
6638,Valley Girl,Comedy Romance,1983.0,,valley girl comedy romance
6639,Wait Until Dark,Drama Thriller,1967.0,blindness,wait until dark drama thriller blindness
6643,Tokyo Story (Tôkyô monogatari),Drama,1953.0,,tokyo story t ky monogatari drama
6644,"Green Ray, The (Rayon vert, Le)",Drama Romance,1986.0,,green ray the rayon vert le drama romance
6645,THX 1138,Action Adventure Drama Sci-Fi,1971.0,,thx 1138 action adventure drama sci fi
6650,Kind Hearts and Coronets,Comedy Drama,1949.0,family multiple roles murder,kind hearts and coronets comedy drama family multiple roles murder
6654,Atragon (Kaitei Gunkan),Adventure Sci-Fi,1963.0,,atragon kaitei gunkan adventure sci fi
6656,Attack of the Puppet People,Horror Sci-Fi,1958.0,,attack of the puppet people horror sci fi
6658,10,Comedy Romance,1979.0,,10 comedy romance
6659,Tremors,Comedy Horror Sci-Fi,1990.0,,tremors comedy horror sci fi
6660,"Red Shoes, The",Drama Fantasy Musical Romance,1948.0,ballet,red shoes the drama fantasy musical romance ballet
6662,"Pink Panther, The",Comedy Crime,1963.0,clousseau,pink panther the comedy crime clousseau
6663,"Pink Panther Strikes Again, The",Comedy Crime,1976.0,,pink panther strikes again the comedy crime
6664,Commando,Action Adventure,1985.0,,commando action adventure
6665,Dracula,Horror Romance,1979.0,,dracula horror romance
6666,"Discreet Charm of the Bourgeoisie, The (Charme discret de la bourgeoisie, Le)",Comedy Drama Fantasy,1972.0,,discreet charm of the bourgeoisie the charme discret de la bourgeoisie le comedy drama fantasy
6667,Waco: The Rules of Engagement,Documentary,1997.0,fbi,waco the rules of engagement documentary fbi
6668,"Road Home, The (Wo de fu qin mu qin)",Drama Romance,1999.0,in netflix queue,road home the wo de fu qin mu qin drama romance in netflix queue
6669,Ikiru,Drama,1952.0,terminal illness meditative philosophical poignant purposefulness,ikiru drama terminal illness meditative philosophical poignant purposefulness
6670,Comic Book Villains,Comedy,2002.0,,comic book villains comedy
6671,"Angel at My Table, An",Drama,1990.0,,angel at my table an drama
6678,"Handmaid's Tale, The",Drama Sci-Fi,1990.0,,handmaid s tale the drama sci fi
6679,Revolution OS,Documentary,2001.0,,revolution os documentary
6684,Death in Venice (Morte a Venezia),Drama Romance,1971.0,,death in venice morte a venezia drama romance
6686,"Medallion, The",Action Comedy Crime Fantasy,2003.0,,medallion the action comedy crime fantasy
6687,My Boss's Daughter,Comedy Romance,2003.0,,my boss s daughter comedy romance
6688,Autumn Spring (Babí léto),Comedy Drama,2001.0,,autumn spring bab l to comedy drama
6689,"Battle of Shaker Heights, The",Comedy Drama Romance,2003.0,,battle of shaker heights the comedy drama romance
6691,Dust,Drama Western,2001.0,,dust drama western
6692,Stoked: The Rise and Fall of Gator,Documentary,2002.0,,stoked the rise and fall of gator documentary
6695,Jeepers Creepers 2,Horror Thriller,2003.0,,jeepers creepers 2 horror thriller
6696,Bollywood/Hollywood,Comedy Drama Musical Romance,2002.0,,bollywood hollywood comedy drama musical romance
6699,Once Upon a Time in the Midlands,Drama,2002.0,,once upon a time in the midlands drama
6702,Dickie Roberts: Former Child Star,Comedy,2003.0,,dickie roberts former child star comedy
6705,Party Monster,Comedy Crime Drama Thriller,2003.0,,party monster comedy crime drama thriller
6706,Taking Sides,Drama,2001.0,,taking sides drama
6707,Cabin Fever,Horror Thriller,2002.0,,cabin fever horror thriller
6708,Matchstick Men,Comedy Crime Drama,2003.0,con men fatherhood,matchstick men comedy crime drama con men fatherhood
6709,Once Upon a Time in Mexico,Action Adventure Crime Thriller,2003.0,,once upon a time in mexico action adventure crime thriller
6710,Dummy,Comedy Drama Romance,2002.0,vertriloquism,dummy comedy drama romance vertriloquism
6711,Lost in Translation,Comedy Drama Romance,2003.0,atmospheric japan,lost in translation comedy drama romance atmospheric japan
6713,Millennium Actress (Sennen joyû),Animation Drama Romance,2001.0,in netflix queue,millennium actress sennen joy animation drama romance in netflix queue
6715,Children of the Night,Horror,1991.0,,children of the night horror
6718,Gotcha!,Comedy,1985.0,,gotcha comedy
6720,Kuffs,Action Comedy Crime,1992.0,,kuffs action comedy crime
6721,Once Upon a Time in China (Wong Fei Hung),Action Adventure Drama,1991.0,,once upon a time in china wong fei hung action adventure drama
6722,Once Upon a Time in China II (Wong Fei-hung Ji Yi: Naam yi dong ji keung),Action Romance,1992.0,,once upon a time in china ii wong fei hung ji yi naam yi dong ji keung action romance
6723,Once Upon a Time in China III (Wong Fei-hung tsi sam: Siwong tsangba),Action,1993.0,,once upon a time in china iii wong fei hung tsi sam siwong tsangba action
6724,Paper Moon,Comedy Crime Drama,1973.0,in netflix queue,paper moon comedy crime drama in netflix queue
6731,Day of the Dead,Horror Sci-Fi Thriller,1985.0,,day of the dead horror sci fi thriller
6732,"Hello, Dolly!",Comedy Musical Romance,1969.0,matchmaker,hello dolly comedy musical romance matchmaker
6734,Memoirs of an Invisible Man,Comedy Romance Sci-Fi Thriller,1992.0,,memoirs of an invisible man comedy romance sci fi thriller
6744,Once Bitten,Comedy Horror,1985.0,vampire,once bitten comedy horror vampire
6746,Squirm,Horror Romance,1976.0,,squirm horror romance
6748,"Brood, The",Horror,1979.0,,brood the horror
6750,Anything Else,Comedy Drama Romance,2003.0,,anything else comedy drama romance
6751,Cold Creek Manor,Drama Thriller,2003.0,,cold creek manor drama thriller
6752,"Fighting Temptations, The",Drama,2003.0,,fighting temptations the drama
6753,Secondhand Lions,Children Comedy Drama,2003.0,animal movie,secondhand lions children comedy drama animal movie
6754,Underworld,Action Fantasy Horror,2003.0,,underworld action fantasy horror
6755,Bubba Ho-tep,Comedy Horror,2002.0,,bubba ho tep comedy horror
6760,In This World,Adventure Drama,2002.0,,in this world adventure drama
6763,Duplex,Comedy Crime,2003.0,,duplex comedy crime
6764,"Rundown, The",Action Adventure Comedy,2003.0,,rundown the action adventure comedy
6765,Under the Tuscan Sun,Comedy Drama Romance,2003.0,,under the tuscan sun comedy drama romance
6768,Luther,Drama,2003.0,religion,luther drama religion
6769,Mambo Italiano,Comedy,2003.0,,mambo italiano comedy
6770,My Life Without Me,Drama Romance,2003.0,adultery terminal illness,my life without me drama romance adultery terminal illness
6772,To Be and to Have (Être et avoir),Documentary,2002.0,,to be and to have tre et avoir documentary
6773,"Triplets of Belleville, The (Les triplettes de Belleville)",Animation Comedy Fantasy,2003.0,biking,triplets of belleville the les triplettes de belleville animation comedy fantasy biking
6774,Videodrome,Fantasy Horror Sci-Fi Thriller,1983.0,,videodrome fantasy horror sci fi thriller
6775,Life and Debt,Documentary,2001.0,,life and debt documentary
6776,Lagaan: Once Upon a Time in India,Comedy Drama Musical Romance,2001.0,india,lagaan once upon a time in india comedy drama musical romance india
6777,Judgment at Nuremberg,Drama,1961.0,,judgment at nuremberg drama
6780,"Brief History of Time, A",Documentary,1991.0,,brief history of time a documentary
6782,Leningrad Cowboys Go America,Comedy Musical,1989.0,,leningrad cowboys go america comedy musical
6783,"Rules of the Game, The (La règle du jeu)",Comedy Drama,1939.0,,rules of the game the la r gle du jeu comedy drama
6785,Seven Brides for Seven Brothers,Comedy Musical Romance Western,1954.0,lonesome polecat,seven brides for seven brothers comedy musical romance western lonesome polecat
6786,Kiss of the Spider Woman,Drama,1985.0,in netflix queue,kiss of the spider woman drama in netflix queue
6787,All the President's Men,Drama Thriller,1976.0,journalism watergate deep throat,all the president s men drama thriller journalism watergate deep throat
6788,Angie,Comedy Drama Romance,1994.0,pregnancy,angie comedy drama romance pregnancy
6789,"Apartment, The (Appartement, L')",Drama Mystery Romance,1996.0,,apartment the appartement l drama mystery romance
6790,Avalon,Drama Fantasy Sci-Fi,2001.0,,avalon drama fantasy sci fi
6791,Babette's Feast (Babettes gæstebud),Drama,1987.0,food,babette s feast babettes g stebud drama food
6793,Beethoven,Children Comedy Drama,1992.0,,beethoven children comedy drama
6794,Beethoven's 2nd,Children Comedy,1993.0,,beethoven s 2nd children comedy
6796,Boyz N the Hood,Crime Drama,1991.0,,boyz n the hood crime drama
6797,Bugsy,Crime Drama,1991.0,,bugsy crime drama
6798,Bugsy Malone,Children Comedy Crime Musical,1976.0,,bugsy malone children comedy crime musical
6800,Cobra,Action Crime,1986.0,,cobra action crime
6803,Phenomena (a.k.a. Creepers),Horror Mystery Thriller,1985.0,,phenomena a k a creepers horror mystery thriller
6804,Crimewave,Comedy Crime,1985.0,,crimewave comedy crime
6807,Monty Python's The Meaning of Life,Comedy,1983.0,british comedy,monty python s the meaning of life comedy british comedy
6808,Where Eagles Dare,Action Adventure War,1968.0,,where eagles dare action adventure war
6809,Tightrope,Thriller,1984.0,,tightrope thriller
6810,Sleeping with the Enemy,Drama Thriller,1991.0,domestic violence,sleeping with the enemy drama thriller domestic violence
6811,PCU,Comedy,1994.0,,pcu comedy
6812,"Rookie, The",Action Comedy Thriller,1990.0,,rookie the action comedy thriller
6814,City Heat,Action Comedy,1984.0,,city heat action comedy
6816,Three O'Clock High,Comedy,1987.0,,three o clock high comedy
6817,"White Hunter, Black Heart",Adventure Drama,1990.0,,white hunter black heart adventure drama
6818,Come and See (Idi i smotri),Drama War,1985.0,atmospheric bleak disturbing gritty harsh,come and see idi i smotri drama war atmospheric bleak disturbing gritty harsh
6820,Ginger Snaps,Drama Horror Thriller,2000.0,werewolf,ginger snaps drama horror thriller werewolf
6821,More American Graffiti,Comedy,1979.0,,more american graffiti comedy
6827,It's Pat,Comedy,1994.0,,it s pat comedy
6832,Regarding Henry,Drama,1991.0,amnesia,regarding henry drama amnesia
6835,Alien Contamination,Action Horror Sci-Fi,1980.0,,alien contamination action horror sci fi
6836,"Amazing Transparent Man, The",Sci-Fi,1960.0,,amazing transparent man the sci fi
6837,Love Affair,Comedy Drama Romance,1939.0,,love affair comedy drama romance
6849,Scrooge,Drama Fantasy Musical,1970.0,christmas,scrooge drama fantasy musical christmas
6850,Leap of Faith,Comedy Drama,1992.0,,leap of faith comedy drama
6851,"Gas, Food, Lodging",Drama Romance,1992.0,,gas food lodging drama romance
6852,In Cold Blood,Crime Drama,1967.0,black and white capote crime death penalty murder,in cold blood crime drama black and white capote crime death penalty murder
6853,Campus Man,Comedy,1987.0,,campus man comedy
6856,Yankee Doodle Dandy,Drama Musical,1942.0,biopic,yankee doodle dandy drama musical biopic
6857,Ninja Scroll (Jûbei ninpûchô),Action Adventure Animation Fantasy,1995.0,,ninja scroll j bei ninp ch action adventure animation fantasy
6858,Knife in the Water (Nóz w wodzie),Drama,1962.0,,knife in the water n z w wodzie drama
6860,Mobsters,Crime Drama,1991.0,,mobsters crime drama
6862,Out of Time,Crime Drama Thriller,2003.0,,out of time crime drama thriller
6863,School of Rock,Comedy Musical,2003.0,school,school of rock comedy musical school
6867,"Station Agent, The",Comedy Drama,2003.0,trains,station agent the comedy drama trains
6868,Wonderland,Crime Drama Mystery Thriller,2003.0,,wonderland crime drama mystery thriller
6869,Bus 174 (Ônibus 174),Crime Documentary,2002.0,,bus 174 nibus 174 crime documentary
6870,Mystic River,Crime Drama Mystery,2003.0,child abuse kidnapping,mystic river crime drama mystery child abuse kidnapping
6872,"House of the Dead, The",Action Horror,2003.0,,house of the dead the action horror
6873,Intolerable Cruelty,Comedy Romance,2003.0,,intolerable cruelty comedy romance
6874,Kill Bill: Vol. 1,Action Crime Thriller,2003.0,martial arts revenge,kill bill vol 1 action crime thriller martial arts revenge
6879,Runaway Jury,Drama Thriller,2003.0,,runaway jury drama thriller
6880,"Texas Chainsaw Massacre, The",Horror,2003.0,,texas chainsaw massacre the horror
6881,Pieces of April,Comedy Drama,2003.0,thanksgiving,pieces of april comedy drama thanksgiving
6882,Returner (Ritaanaa),Action Adventure Sci-Fi,2002.0,,returner ritaanaa action adventure sci fi
6883,Sylvia,Drama Romance,2003.0,,sylvia drama romance
6884,Veronica Guerin,Crime Drama Thriller,2003.0,,veronica guerin crime drama thriller
6885,In the Cut,Crime Drama Mystery Romance Thriller,2003.0,,in the cut crime drama mystery romance thriller
6886,Beyond Borders,Drama Romance War,2003.0,,beyond borders drama romance war
6887,Radio,Drama,2003.0,,radio drama
6888,Scary Movie 3,Comedy Horror,2003.0,,scary movie 3 comedy horror
6889,Brother Bear,Adventure Animation Children,2003.0,,brother bear adventure animation children
6890,Elephant,Drama,2003.0,adolescence violence in america,elephant drama adolescence violence in america
6893,"Italian Job, The",Action Comedy Crime,1969.0,,italian job the action comedy crime
6898,Sweet Sixteen,Drama,2002.0,,sweet sixteen drama
6899,Alien from L.A.,Sci-Fi,1988.0,,alien from l a sci fi
6902,Interstate 60,Adventure Comedy Drama Fantasy Mystery Sci-Fi Thriller,2002.0,,interstate 60 adventure comedy drama fantasy mystery sci fi thriller
6909,"Eye, The (Gin gwai) (Jian gui)",Thriller,2002.0,transplants,eye the gin gwai jian gui thriller transplants
6911,"Jolson Story, The",Musical,1946.0,,jolson story the musical
6912,You'll Never Get Rich,Comedy Musical Romance,1941.0,rita hayworth can dance!,you ll never get rich comedy musical romance rita hayworth can dance
6918,"Unvanquished, The (Aparajito)",Drama,1957.0,india,unvanquished the aparajito drama india
6920,"Cercle Rouge, Le (Red Circle, The)",Crime Thriller,1970.0,,cercle rouge le red circle the crime thriller
6927,"Human Stain, The",Drama Romance Thriller,2003.0,,human stain the drama romance thriller
6932,Shattered Glass,Crime Drama,2003.0,journalism,shattered glass crime drama journalism
6934,"Matrix Revolutions, The",Action Adventure Sci-Fi Thriller IMAX,2003.0,,matrix revolutions the action adventure sci fi thriller imax
6935,"Revolution Will Not Be Televised, The (a.k.a. Chavez: Inside the Coup)",Documentary,2003.0,,revolution will not be televised the a k a chavez inside the coup documentary
6936,Elf,Children Comedy Fantasy,2003.0,christmas,elf children comedy fantasy christmas
6938,Billabong Odyssey,Documentary,2003.0,big wave surfing,billabong odyssey documentary big wave surfing
6939,Gloomy Sunday (Ein Lied von Liebe und Tod),Drama Romance,1999.0,,gloomy sunday ein lied von liebe und tod drama romance
6942,Love Actually,Comedy Drama Romance,2003.0,,love actually comedy drama romance
6944,Father of the Bride,Comedy,1991.0,remake wedding,father of the bride comedy remake wedding
6945,My Architect: A Son's Journey,Documentary,2003.0,,my architect a son s journey documentary
6946,Looney Tunes: Back in Action,Action Animation Children Fantasy,2003.0,,looney tunes back in action action animation children fantasy
6947,Master and Commander: The Far Side of the World,Adventure Drama War,2003.0,,master and commander the far side of the world adventure drama war
6948,Tupac: Resurrection,Documentary,2003.0,music business rap,tupac resurrection documentary music business rap
6949,"Big Empty, The",Comedy Mystery Sci-Fi,2003.0,,big empty the comedy mystery sci fi
6950,"Missing, The",Adventure Thriller Western,2003.0,,missing the adventure thriller western
6951,"Cat in the Hat, The",Children Comedy,2003.0,,cat in the hat the children comedy
6952,Gothika,Horror Thriller,2003.0,,gothika horror thriller
6953,21 Grams,Crime Drama Mystery Romance Thriller,2003.0,depressing,21 grams crime drama mystery romance thriller depressing
6954,"Barbarian Invasions, The (Les invasions barbares)",Comedy Crime Drama Mystery Romance,2003.0,,barbarian invasions the les invasions barbares comedy crime drama mystery romance
6957,Bad Santa,Comedy Crime,2003.0,,bad santa comedy crime
6958,"Haunted Mansion, The",Children Comedy Fantasy Horror,2003.0,,haunted mansion the children comedy fantasy horror
6959,Timeline,Action Adventure Sci-Fi,2003.0,,timeline action adventure sci fi
6961,Damage (Fatale),Drama,1992.0,,damage fatale drama
6962,OT: Our Town,Documentary,2002.0,,ot our town documentary
6963,Devil's Playground,Documentary,2002.0,amish,devil s playground documentary amish
6965,Journeys with George,Documentary,2002.0,,journeys with george documentary
6966,Darkman,Action Crime Fantasy Sci-Fi Thriller,1990.0,,darkman action crime fantasy sci fi thriller
6967,Dead of Night,Horror Mystery,1945.0,,dead of night horror mystery
6969,"Dernier Combat, Le (Last Battle, The)",Drama Sci-Fi,1983.0,,dernier combat le last battle the drama sci fi
6970,Desk Set,Comedy Romance,1957.0,hepburn and tracy,desk set comedy romance hepburn and tracy
6971,Europa (Zentropa),Drama Thriller,1991.0,,europa zentropa drama thriller
6973,Final Analysis,Drama Romance Thriller,1992.0,,final analysis drama romance thriller
6974,"Freshman, The",Comedy Crime,1990.0,,freshman the comedy crime
6975,Funny Games,Drama Horror Thriller,1997.0,,funny games drama horror thriller
6978,Slacker,Comedy Drama,1991.0,,slacker comedy drama
6979,WarGames,Drama Sci-Fi Thriller,1983.0,cold war,wargames drama sci fi thriller cold war
6981,"Ordet (Word, The)",Drama,1955.0,religion,ordet word the drama religion
6982,Forbidden Games (Jeux interdits),Drama War,1952.0,,forbidden games jeux interdits drama war
6983,Jane Eyre,Drama Romance,1944.0,,jane eyre drama romance
6984,"Tale of Two Cities, A",Drama,1935.0,dickens,tale of two cities a drama dickens
6985,"Passion of Joan of Arc, The (Passion de Jeanne d'Arc, La)",Drama,1928.0,saint,passion of joan of arc the passion de jeanne d arc la drama saint
6986,Ben-Hur: A Tale of the Christ,Adventure Drama Romance,1925.0,,ben hur a tale of the christ adventure drama romance
6987,"Cabinet of Dr. Caligari, The (Cabinet des Dr. Caligari., Das)",Crime Fantasy Horror,1920.0,,cabinet of dr caligari the cabinet des dr caligari das crime fantasy horror
6989,Gorky Park,Crime Drama Thriller,1983.0,,gorky park crime drama thriller
6990,The Great Train Robbery,Action Adventure Comedy Crime Drama,1978.0,,the great train robbery action adventure comedy crime drama
6992,Guarding Tess,Comedy Drama,1994.0,,guarding tess comedy drama
6993,Hannah and Her Sisters,Comedy Drama Romance,1986.0,family,hannah and her sisters comedy drama romance family
6994,"Hard Way, The",Action Comedy,1991.0,,hard way the action comedy
6996,Highlander II: The Quickening,Action Sci-Fi,1991.0,,highlander ii the quickening action sci fi
6997,Hoffa,Crime Drama,1992.0,,hoffa crime drama
6998,House of Cards,Drama,1993.0,,house of cards drama
6999,Housesitter,Comedy Romance,1992.0,,housesitter comedy romance
7000,Hudson Hawk,Action Adventure Comedy,1991.0,,hudson hawk action adventure comedy
7001,Invasion of the Body Snatchers,Horror Mystery Sci-Fi Thriller,1978.0,,invasion of the body snatchers horror mystery sci fi thriller
7004,Kindergarten Cop,Action Comedy Crime Thriller,1990.0,,kindergarten cop action comedy crime thriller
7005,King Ralph,Comedy,1991.0,,king ralph comedy
7007,"Last Boy Scout, The",Action Comedy Crime Drama Thriller,1991.0,,last boy scout the action comedy crime drama thriller
7008,Last Tango in Paris (Ultimo tango a Parigi),Drama Romance,1972.0,,last tango in paris ultimo tango a parigi drama romance
7009,Lorenzo's Oil,Drama,1992.0,,lorenzo s oil drama
7010,"Lover, The (Amant, L')",Drama Romance,1992.0,,lover the amant l drama romance
7012,Mr. Destiny,Comedy Fantasy,1990.0,,mr destiny comedy fantasy
7013,"Night of the Hunter, The",Drama Film-Noir Thriller,1955.0,good and evil,night of the hunter the drama film noir thriller good and evil
7015,Only the Lonely,Comedy Romance,1991.0,,only the lonely comedy romance
7016,Over the Top,Action Drama,1987.0,,over the top action drama
7017,Passenger 57,Action Thriller,1992.0,,passenger 57 action thriller
7018,Presumed Innocent,Crime Drama Thriller,1990.0,court scott turow,presumed innocent crime drama thriller court scott turow
7019,Project X,Comedy Drama,1987.0,,project x comedy drama
7020,Proof,Comedy Drama Romance,1991.0,notable nudity,proof comedy drama romance notable nudity
7022,Battle Royale (Batoru rowaiaru),Action Drama Horror Thriller,2000.0,based on a book bloody brutal controversial dystopia goretastic satire social commentary survival violence,battle royale batoru rowaiaru action drama horror thriller based on a book bloody brutal controversial dystopia goretastic satire social commentary survival violence
7023,"Wedding Banquet, The (Xi yan)",Comedy Drama Romance,1993.0,in netflix queue,wedding banquet the xi yan comedy drama romance in netflix queue
7024,"Salo, or The 120 Days of Sodom (Salò o le 120 giornate di Sodoma)",Drama,1976.0,bleak confrontational disturbing harsh haunting inhumane thought-provoking,salo or the 120 days of sodom sal o le 120 giornate di sodoma drama bleak confrontational disturbing harsh haunting inhumane thought provoking
7025,"Midnight Clear, A",Drama War,1992.0,in netflix queue,midnight clear a drama war in netflix queue
7026,Summer School,Comedy,1987.0,,summer school comedy
7027,Silverado,Action Western,1985.0,,silverado action western
7028,Quick Change,Comedy Crime,1990.0,,quick change comedy crime
7030,Radio Flyer,Drama,1992.0,,radio flyer drama
7031,"Real McCoy, The",Action Crime Drama Thriller,1993.0,,real mccoy the action crime drama thriller
7032,Revenge,Drama Romance Thriller,1990.0,,revenge drama romance thriller
7033,"Secret of My Succe$s, The (a.k.a. The Secret of My Success)",Comedy Romance,1987.0,,secret of my succe s the a k a the secret of my success comedy romance
7034,Show Me Love (Fucking Åmål),Drama Romance,1998.0,,show me love fucking m l drama romance
7036,Teen Wolf,Comedy Fantasy,1985.0,,teen wolf comedy fantasy
7037,High Heels (Tacones lejanos),Comedy Drama,1991.0,,high heels tacones lejanos comedy drama
7038,Things You Can Tell Just by Looking at Her,Drama Romance,2000.0,,things you can tell just by looking at her drama romance
7040,To Live and Die in L.A.,Action Crime Drama Thriller,1985.0,,to live and die in l a action crime drama thriller
7041,Trapped in Paradise,Comedy Crime,1994.0,,trapped in paradise comedy crime
7044,Wild at Heart,Crime Drama Mystery Romance Thriller,1990.0,,wild at heart crime drama mystery romance thriller
7045,"Witches, The",Children Fantasy,1990.0,,witches the children fantasy
7046,"Witches of Eastwick, The",Comedy Fantasy Horror Thriller,1987.0,,witches of eastwick the comedy fantasy horror thriller
7047,Year of the Dragon,Action Crime Drama,1985.0,,year of the dragon action crime drama
7048,Nothing to Lose,Action Adventure Comedy Crime,1997.0,,nothing to lose action adventure comedy crime
7049,Flying Down to Rio,Comedy Musical Romance,1933.0,astaire and rogers,flying down to rio comedy musical romance astaire and rogers
7050,Follow the Fleet,Comedy Musical Romance,1936.0,astaire and rogers,follow the fleet comedy musical romance astaire and rogers
7051,"What's New, Pussycat",Comedy,1965.0,,what s new pussycat comedy
7052,Mary of Scotland,Drama,1936.0,,mary of scotland drama
7053,Roberta,Comedy Musical Romance,1935.0,astaire and rogers,roberta comedy musical romance astaire and rogers
7054,Little Women,Drama,1949.0,,little women drama
7055,Swing Time,Comedy Musical Romance,1936.0,astaire and rogers,swing time comedy musical romance astaire and rogers
7056,"Public Enemy, The",Action Crime Drama,1931.0,,public enemy the action crime drama
7057,"Midsummer Night's Dream, A",Comedy Fantasy Romance,1935.0,,midsummer night s dream a comedy fantasy romance
7058,Life with Father,Comedy,1947.0,,life with father comedy
7059,National Velvet,Children Drama,1944.0,horses,national velvet children drama horses
7060,Jesus Christ Superstar,Drama Musical,1973.0,,jesus christ superstar drama musical
7061,Dark Victory,Drama Romance,1939.0,terminal illness,dark victory drama romance terminal illness
7062,Birdman of Alcatraz,Drama,1962.0,birds prison,birdman of alcatraz drama birds prison
7063,"Aguirre: The Wrath of God (Aguirre, der Zorn Gottes)",Adventure Drama,1972.0,,aguirre the wrath of god aguirre der zorn gottes adventure drama
7064,Beauty and the Beast (La belle et la bête),Drama Fantasy,1946.0,,beauty and the beast la belle et la b te drama fantasy
7065,"Birth of a Nation, The",Drama War,1915.0,,birth of a nation the drama war
7067,Juliet of the Spirits (Giulietta degli spiriti),Comedy Drama Fantasy Romance,1965.0,,juliet of the spirits giulietta degli spiriti comedy drama fantasy romance
7069,"Macbeth (a.k.a. Tragedy of Macbeth, The)",Drama,1971.0,in netflix queue shakespeare,macbeth a k a tragedy of macbeth the drama in netflix queue shakespeare
7070,Red River,Action Adventure Western,1948.0,cattle drive,red river action adventure western cattle drive
7071,"Woman Under the Influence, A",Drama,1974.0,in netflix queue,woman under the influence a drama in netflix queue
7072,Stagecoach,Action Drama Romance Western,1939.0,,stagecoach action drama romance western
7073,"Shot in the Dark, A",Comedy Crime Mystery,1964.0,clousseau,shot in the dark a comedy crime mystery clousseau
7074,"Navigator, The",Comedy,1924.0,,navigator the comedy
7075,"Court Jester, The",Adventure Comedy Musical,1956.0,,court jester the adventure comedy musical
7076,Bullitt,Action Crime Drama Thriller,1968.0,,bullitt action crime drama thriller
7078,Jezebel,Drama,1938.0,bette davis oscar (best actress),jezebel drama bette davis oscar best actress
7079,"Hunchback of Notre Dame, The",Drama,1939.0,disability,hunchback of notre dame the drama disability
7080,42nd Street,Drama Musical Romance,1933.0,,42nd street drama musical romance
7082,That Touch of Mink,Comedy Romance,1962.0,,that touch of mink comedy romance
7083,Sweet Dreams,Drama,1985.0,,sweet dreams drama
7084,"Play It Again, Sam",Comedy Romance,1972.0,,play it again sam comedy romance
7085,Send Me No Flowers,Comedy Romance,1964.0,,send me no flowers comedy romance
7086,Pygmalion,Comedy Drama,1938.0,george bernard shaw,pygmalion comedy drama george bernard shaw
7087,"Passage to India, A",Adventure Drama,1984.0,e.m. forster,passage to india a adventure drama e m forster
7088,Black Orpheus (Orfeu Negro),Drama Romance,1959.0,in netflix queue,black orpheus orfeu negro drama romance in netflix queue
7089,Amarcord,Comedy Drama,1973.0,,amarcord comedy drama
7090,Hero (Ying xiong),Action Adventure Drama,2002.0,martial arts,hero ying xiong action adventure drama martial arts
7091,Horse Feathers,Comedy,1932.0,marx brothers,horse feathers comedy marx brothers
7092,Anna Karenina,Drama Romance,1935.0,,anna karenina drama romance
7093,"Front Page, The",Comedy,1974.0,,front page the comedy
7096,Rivers and Tides,Documentary,2001.0,,rivers and tides documentary
7099,Nausicaä of the Valley of the Wind (Kaze no tani no Naushika),Adventure Animation Drama Fantasy Sci-Fi,1984.0,,nausica of the valley of the wind kaze no tani no naushika adventure animation drama fantasy sci fi
7101,Doc Hollywood,Comedy Romance,1991.0,,doc hollywood comedy romance
7102,Dragnet,Comedy Crime Drama,1987.0,,dragnet comedy crime drama
7103,Madhouse,Comedy,1990.0,,madhouse comedy
7104,1941,Comedy War,1979.0,,1941 comedy war
7107,Foul Play,Comedy Thriller,1978.0,,foul play comedy thriller
7108,Crime Story (Zhong an zu),Action Crime Drama,1993.0,,crime story zhong an zu action crime drama
7109,Beyond the Clouds (Al di là delle nuvole),Drama Romance,1996.0,,beyond the clouds al di l delle nuvole drama romance
7114,"Collector, The",Drama Horror Thriller,1965.0,,collector the drama horror thriller
7115,Deep Red (Profondo rosso),Horror Mystery Thriller,1975.0,,deep red profondo rosso horror mystery thriller
7116,Diabolique (Les diaboliques),Horror Mystery Thriller,1955.0,,diabolique les diaboliques horror mystery thriller
7117,Leprechaun,Comedy Horror,1993.0,,leprechaun comedy horror
7118,Wings of Honneamise (Ôritsu uchûgun Oneamisu no tsubasa),Animation Drama Sci-Fi War,1987.0,,wings of honneamise ritsu uch gun oneamisu no tsubasa animation drama sci fi war
7121,Adam's Rib,Comedy Romance,1949.0,hepburn and tracy,adam s rib comedy romance hepburn and tracy
7122,King of Hearts,Comedy Drama War,1966.0,,king of hearts comedy drama war
7123,Naked Lunch,Drama Fantasy Mystery Sci-Fi,1991.0,,naked lunch drama fantasy mystery sci fi
7124,Grass,Documentary,1999.0,,grass documentary
7125,Spring Forward,Drama,1999.0,,spring forward drama
7127,Run,Action Drama Thriller,1991.0,,run action drama thriller
7131,"Summer Place, A",Drama,1959.0,,summer place a drama
7132,"Night at the Opera, A",Comedy Musical Romance,1935.0,marx brothers opera,night at the opera a comedy musical romance marx brothers opera
7134,"Element of Crime, The (Forbrydelsens Element)",Drama Thriller,1984.0,,element of crime the forbrydelsens element drama thriller
7137,"Cooler, The",Comedy Drama Romance,2003.0,,cooler the comedy drama romance
7139,In America,Drama Romance,2002.0,immigrants,in america drama romance immigrants
7141,My Flesh and Blood,Documentary,2003.0,in netflix queue,my flesh and blood documentary in netflix queue
7142,Honey,Drama Romance,2003.0,,honey drama romance
7143,"Last Samurai, The",Action Adventure Drama War,2003.0,,last samurai the action adventure drama war
7147,Big Fish,Drama Fantasy Romance,2003.0,dreamlike sentimental surreal tim burton,big fish drama fantasy romance dreamlike sentimental surreal tim burton
7149,Something's Gotta Give,Comedy Drama Romance,2003.0,,something s gotta give comedy drama romance
7150,Stuck on You,Comedy,2003.0,,stuck on you comedy
7151,Girl with a Pearl Earring,Drama Romance,2003.0,,girl with a pearl earring drama romance
7153,"Lord of the Rings: The Return of the King, The",Action Adventure Drama Fantasy,2003.0,adventure ensemble cast fantasy fantasy world great soundtrack lord of the rings scenic stylized tolkien tolkein,lord of the rings the return of the king the action adventure drama fantasy adventure ensemble cast fantasy fantasy world great soundtrack lord of the rings scenic stylized tolkien tolkein
7154,Mona Lisa Smile,Drama Romance,2003.0,,mona lisa smile drama romance
7155,Calendar Girls,Comedy,2003.0,,calendar girls comedy
7156,"Fog of War: Eleven Lessons from the Life of Robert S. McNamara, The",Documentary War,2003.0,vietnam,fog of war eleven lessons from the life of robert s mcnamara the documentary war vietnam
7158,House of Sand and Fog,Drama,2003.0,real estate,house of sand and fog drama real estate
7160,Monster,Crime Drama,2003.0,serial killer,monster crime drama serial killer
7161,Cheaper by the Dozen,Children Comedy,2003.0,,cheaper by the dozen children comedy
7162,Cold Mountain,Drama Romance War,2003.0,civil war,cold mountain drama romance war civil war
7163,Paycheck,Action Sci-Fi Thriller,2003.0,,paycheck action sci fi thriller
7164,Peter Pan,Action Adventure Children Fantasy,2003.0,,peter pan action adventure children fantasy
7165,"Company, The",Drama Musical,2003.0,,company the drama musical
7167,Japanese Story,Drama,2003.0,,japanese story drama
7169,Chasing Liberty,Comedy Romance,2004.0,,chasing liberty comedy romance
7171,Aileen: Life and Death of a Serial Killer,Documentary,2003.0,,aileen life and death of a serial killer documentary
7173,Along Came Polly,Comedy Romance,2004.0,,along came polly comedy romance
7175,Torque,Action Crime,2004.0,,torque action crime
7176,Crimson Gold (Talaye sorgh),Drama,2003.0,,crimson gold talaye sorgh drama
7177,Osama,Drama,2003.0,,osama drama
7178,"Great Gatsby, The",Drama,1974.0,,great gatsby the drama
7179,Wuthering Heights,Drama Romance,1992.0,,wuthering heights drama romance
7181,Ship of Fools,Drama,1965.0,,ship of fools drama
7184,This Property is Condemned,Drama Romance,1966.0,,this property is condemned drama romance
7190,Jane Eyre,Drama,1970.0,charlotte bronte,jane eyre drama charlotte bronte
7191,Blame It on the Bellboy,Comedy,1992.0,,blame it on the bellboy comedy
7192,Only the Strong,Action,1993.0,,only the strong action
7193,"Adventures of Ford Fairlane, The",Action Comedy,1990.0,,adventures of ford fairlane the action comedy
7202,Beyond Re-Animator,Horror,2003.0,,beyond re animator horror
7205,"Wind and the Lion, The",Adventure,1975.0,,wind and the lion the adventure
7206,Mon Oncle (My Uncle),Comedy,1958.0,,mon oncle my uncle comedy
7208,Dr. Jekyll and Mr. Hyde,Drama Horror,1941.0,,dr jekyll and mr hyde drama horror
7209,"M. Hulot’s Holiday (Mr. Hulot's Holiday) (Vacances de Monsieur Hulot, Les)",Comedy,1953.0,,m hulot s holiday mr hulot s holiday vacances de monsieur hulot les comedy
7211,People Will Talk,Comedy Romance,1951.0,,people will talk comedy romance
7212,I Was a Male War Bride,Comedy Romance,1949.0,cross dressing men in drag,i was a male war bride comedy romance cross dressing men in drag
7215,To Have and Have Not,Adventure Drama Romance Thriller War,1944.0,,to have and have not adventure drama romance thriller war
7216,High Sierra,Crime Drama Film-Noir Thriller,1941.0,,high sierra crime drama film noir thriller
7217,Dark Passage,Crime Drama Film-Noir Romance Thriller,1947.0,amnesia,dark passage crime drama film noir romance thriller amnesia
7218,"Ox-Bow Incident, The",Drama Western,1943.0,in netflix queue,ox bow incident the drama western in netflix queue
7219,They Drive by Night,Drama,1940.0,truckers,they drive by night drama truckers
7222,Reefer Madness (a.k.a. Tell Your Children),Comedy Drama,1938.0,,reefer madness a k a tell your children comedy drama
7223,D.O.A.,Drama Film-Noir Mystery,1950.0,,d o a drama film noir mystery
7225,Pumping Iron,Documentary,1977.0,,pumping iron documentary
7228,Cool World,Animation Comedy Fantasy,1992.0,,cool world animation comedy fantasy
7234,"Strada, La",Drama,1954.0,circus,strada la drama circus
7235,Ichi the Killer (Koroshiya 1),Action Comedy Crime Drama Horror Thriller,2001.0,,ichi the killer koroshiya 1 action comedy crime drama horror thriller
7236,"Boy and His Dog, A",Sci-Fi,1975.0,,boy and his dog a sci fi
7238,Ashes and Diamonds (Popiól i diament),Drama War,1958.0,,ashes and diamonds popi l i diament drama war
7243,Intolerance: Love's Struggle Throughout the Ages,Drama,1916.0,,intolerance love s struggle throughout the ages drama
7245,Tormented,Horror Thriller,1960.0,,tormented horror thriller
7247,Chitty Chitty Bang Bang,Adventure Children Comedy Fantasy Musical,1968.0,,chitty chitty bang bang adventure children comedy fantasy musical
7248,"Suriyothai (a.k.a. Legend of Suriyothai, The)",Action Adventure Drama War,2001.0,,suriyothai a k a legend of suriyothai the action adventure drama war
7251,Where the Day Takes You,Drama,1992.0,,where the day takes you drama
7254,The Butterfly Effect,Drama Sci-Fi Thriller,2004.0,alternate reality sci-fi science fiction time travel,the butterfly effect drama sci fi thriller alternate reality sci fi science fiction time travel
7255,Win a Date with Tad Hamilton!,Comedy Romance,2004.0,,win a date with tad hamilton comedy romance
7256,Touching the Void,Adventure Documentary,2003.0,mountain climbing,touching the void adventure documentary mountain climbing
7257,"Big Bounce, The",Comedy Crime Thriller,2004.0,,big bounce the comedy crime thriller
7258,"Perfect Score, The",Comedy Crime,2004.0,,perfect score the comedy crime
7259,You Got Served,Drama Musical,2004.0,,you got served drama musical
7260,Latter Days,Comedy Drama Romance,2003.0,,latter days comedy drama romance
7261,Barbershop 2: Back in Business,Comedy,2004.0,,barbershop 2 back in business comedy
7262,Catch That Kid,Action Adventure Children Comedy Crime,2004.0,,catch that kid action adventure children comedy crime
7263,Miracle,Drama,2004.0,,miracle drama
7264,An Amazing Couple,Comedy Romance,2002.0,,an amazing couple comedy romance
7265,"Dreamers, The",Drama,2003.0,,dreamers the drama
7266,"Lost Skeleton of Cadavra, The",Comedy Horror Sci-Fi,2002.0,,lost skeleton of cadavra the comedy horror sci fi
7282,"Hip Hop Witch, Da",Comedy Horror Thriller,2000.0,,hip hop witch da comedy horror thriller
7285,Thirteen,Drama,2003.0,adolescence,thirteen drama adolescence
7292,Best Defense,Comedy War,1984.0,,best defense comedy war
7293,50 First Dates,Comedy Romance,2004.0,,50 first dates comedy romance
7294,Welcome to Mooseport,Comedy,2004.0,,welcome to mooseport comedy
7297,Kitchen Stories (Salmer fra kjøkkenet),Comedy Drama,2003.0,,kitchen stories salmer fra kj kkenet comedy drama
7299,Monsieur Ibrahim (Monsieur Ibrahim et les fleurs du Coran),Drama,2003.0,,monsieur ibrahim monsieur ibrahim et les fleurs du coran drama
7301,Diary of a Country Priest (Journal d'un curé de campagne),Drama,1951.0,priest religion,diary of a country priest journal d un cur de campagne drama priest religion
7302,"Thief of Bagdad, The",Action Adventure Fantasy,1924.0,,thief of bagdad the action adventure fantasy
7303,The Diary of Anne Frank,Drama War,1959.0,,the diary of anne frank drama war
7304,Allegro non troppo,Animation Comedy Fantasy Musical,1977.0,,allegro non troppo animation comedy fantasy musical
7305,Black Widow,Crime Drama Mystery Thriller,1987.0,,black widow crime drama mystery thriller
7306,"Herod's Law (Ley de Herodes, La)",Comedy Crime Mystery,2000.0,,herod s law ley de herodes la comedy crime mystery
7307,Flesh & Blood,Action Adventure Drama War,1985.0,,flesh blood action adventure drama war
7308,King Solomon's Mines,Adventure Comedy,1985.0,,king solomon s mines adventure comedy
7310,Raw Deal,Action,1986.0,,raw deal action
7311,"Goodbye, Mr. Chips",Drama Romance,1939.0,,goodbye mr chips drama romance
7312,"Follow Me, Boys!",Comedy Drama,1966.0,,follow me boys comedy drama
7315,Against the Ropes,Comedy Drama,2004.0,,against the ropes comedy drama
7316,Confessions of a Teenage Drama Queen,Comedy,2004.0,,confessions of a teenage drama queen comedy
7317,EuroTrip,Adventure Comedy,2004.0,,eurotrip adventure comedy
7318,"Passion of the Christ, The",Drama,2004.0,religion,passion of the christ the drama religion
7319,Club Dread,Comedy Horror,2004.0,,club dread comedy horror
7320,Dirty Dancing: Havana Nights,Romance,2004.0,,dirty dancing havana nights romance
7321,Twisted,Thriller,2004.0,,twisted thriller
7323,"Good bye, Lenin!",Comedy Drama,2003.0,cold war,good bye lenin comedy drama cold war
7324,Hidalgo,Adventure Drama,2004.0,,hidalgo adventure drama
7325,Starsky & Hutch,Action Comedy Crime Thriller,2004.0,,starsky hutch action comedy crime thriller
7326,"Reckoning, The",Crime Drama,2004.0,,reckoning the crime drama
7327,Persona,Drama,1966.0,,persona drama
7328,"Passion of Anna, The (Passion, En)",Drama,1969.0,,passion of anna the passion en drama
7333,"Corbeau, Le (Raven, The)",Crime Drama Thriller,1943.0,,corbeau le raven the crime drama thriller
7335,Pickup on South Street,Film-Noir,1953.0,,pickup on south street film noir
7336,"Damned, The (La Caduta degli dei)",Drama War,1969.0,,damned the la caduta degli dei drama war
7340,Just One of the Guys,Comedy,1985.0,,just one of the guys comedy
7344,"Wrong Arm of the Law, The",Comedy Crime,1963.0,,wrong arm of the law the comedy crime
7345,Agent Cody Banks 2: Destination London,Action Adventure Children Comedy,2004.0,,agent cody banks 2 destination london action adventure children comedy
7346,"Girl Next Door, The",Comedy Romance,2004.0,,girl next door the comedy romance
7347,Secret Window,Mystery Thriller,2004.0,,secret window mystery thriller
7348,Spartan,Thriller,2004.0,,spartan thriller
7349,Broken Wings (Knafayim Shvurot),Drama,2002.0,,broken wings knafayim shvurot drama
7352,Wilbur Wants to Kill Himself,Comedy Drama Romance,2002.0,,wilbur wants to kill himself comedy drama romance
7354,Mad Dog and Glory,Comedy Drama Romance,1993.0,,mad dog and glory comedy drama romance
7357,Peyton Place,Drama Romance,1957.0,,peyton place drama romance
7360,Dawn of the Dead,Action Drama Horror Thriller,2004.0,,dawn of the dead action drama horror thriller
7361,Eternal Sunshine of the Spotless Mind,Drama Romance Sci-Fi,2004.0,alternate reality memory thought-provoking jim carrey memory cult film imagination jim carrey love surreal arthouse artistic atmospheric beautiful bittersweet colourful comedy dreamlike emotional feel-good happpiness humane insightful intelligent lovely melancholy mind-bending philosophy quirky quirky romantic romantic surreal surrealism thought-provoking,eternal sunshine of the spotless mind drama romance sci fi alternate reality memory thought provoking jim carrey memory cult film imagination jim carrey love surreal arthouse artistic atmospheric beautiful bittersweet colourful comedy dreamlike emotional feel good happpiness humane insightful intelligent lovely melancholy mind bending philosophy quirky quirky romantic romantic surreal surrealism thought provoking
7362,Taking Lives,Crime Drama Thriller,2004.0,,taking lives crime drama thriller
7364,Intermission,Comedy Crime Drama,2003.0,,intermission comedy crime drama
7366,Jersey Girl,Comedy Drama Romance,2004.0,,jersey girl comedy drama romance
7367,"Ladykillers, The",Comedy Crime,2004.0,,ladykillers the comedy crime
7368,Never Die Alone,Crime Drama Thriller,2004.0,,never die alone crime drama thriller
7369,Scooby-Doo 2: Monsters Unleashed,Action Adventure Children Comedy Mystery,2004.0,,scooby doo 2 monsters unleashed action adventure children comedy mystery
7371,Dogville,Drama Mystery Thriller,2003.0,grace,dogville drama mystery thriller grace
7372,Ned Kelly,Drama,2003.0,,ned kelly drama
7373,Hellboy,Action Adventure Fantasy Horror,2004.0,,hellboy action adventure fantasy horror
7375,"Prince & Me, The",Comedy Romance,2004.0,,prince me the comedy romance
7376,Walking Tall,Action,2004.0,,walking tall action
7377,"United States of Leland, The",Crime Drama,2003.0,,united states of leland the crime drama
7379,The Alamo,Drama War Western,2004.0,,the alamo drama war western
7380,Ella Enchanted,Comedy Fantasy Romance,2004.0,,ella enchanted comedy fantasy romance
7381,"Whole Ten Yards, The",Action Comedy Crime,2004.0,,whole ten yards the action comedy crime
7382,I'm Not Scared (Io non ho paura),Drama Mystery Thriller,2003.0,adolescence crime for katie,i m not scared io non ho paura drama mystery thriller adolescence crime for katie
7386,"Ten Commandments, The",Adventure Drama,1956.0,,ten commandments the adventure drama
7387,Dawn of the Dead,Action Drama Horror,1978.0,,dawn of the dead action drama horror
7390,Prey for Rock & Roll,Drama Musical,2003.0,,prey for rock roll drama musical
7394,Those Magnificent Men in Their Flying Machines,Action Adventure Comedy,1965.0,,those magnificent men in their flying machines action adventure comedy
7395,Cheaper by the Dozen,Comedy Drama,1950.0,,cheaper by the dozen comedy drama
7396,Scenes From a Marriage (Scener ur ett äktenskap),Drama,1973.0,,scenes from a marriage scener ur ett ktenskap drama
7411,Munchies,Comedy Horror,1987.0,,munchies comedy horror
7414,Going in Style,Comedy Drama,1979.0,,going in style comedy drama
7419,After Hours,Comedy Thriller,1985.0,,after hours comedy thriller
7438,Kill Bill: Vol. 2,Action Drama Thriller,2004.0,revenge,kill bill vol 2 action drama thriller revenge
7439,"Punisher, The",Action Crime Thriller,2004.0,comic book,punisher the action crime thriller comic book
7440,Paper Clips,Documentary,2004.0,holocaust,paper clips documentary holocaust
7443,This So-Called Disaster,Documentary,2003.0,,this so called disaster documentary
7444,13 Going on 30,Comedy Fantasy Romance,2004.0,mark ruffalo,13 going on 30 comedy fantasy romance mark ruffalo
7445,Man on Fire,Action Crime Drama Mystery Thriller,2004.0,,man on fire action crime drama mystery thriller
7448,Envy,Comedy,2004.0,,envy comedy
7449,Godsend,Drama Horror Thriller,2004.0,,godsend drama horror thriller
7450,Laws of Attraction,Comedy Romance,2004.0,,laws of attraction comedy romance
7451,Mean Girls,Comedy,2004.0,clever high school lesbian subtext high school,mean girls comedy clever high school lesbian subtext high school
7454,Van Helsing,Action Adventure Fantasy Horror,2004.0,,van helsing action adventure fantasy horror
7455,"Mudge Boy, The",Drama,2003.0,,mudge boy the drama
7457,Breakin' All the Rules,Comedy Romance,2004.0,,breakin all the rules comedy romance
7458,Troy,Action Adventure Drama War,2004.0,,troy action adventure drama war
7459,Carandiru,Crime Drama,2003.0,,carandiru crime drama
7460,Coffee and Cigarettes,Comedy Drama,2003.0,,coffee and cigarettes comedy drama
7477,Eye See You (D-Tox),Horror Thriller,2002.0,,eye see you d tox horror thriller
7479,Watch on the Rhine,Drama,1943.0,world war ii,watch on the rhine drama world war ii
7481,Enemy Mine,Adventure Drama Sci-Fi,1985.0,,enemy mine adventure drama sci fi
7482,Enter the Dragon,Action Crime,1973.0,,enter the dragon action crime
7486,Happy Together (a.k.a. Buenos Aires Affair) (Chun gwong cha sit),Drama Romance,1997.0,,happy together a k a buenos aires affair chun gwong cha sit drama romance
7487,Henry & June,Drama,1990.0,,henry june drama
7492,Martin,Drama Horror,1977.0,,martin drama horror
7493,"Three Faces of Eve, The",Drama,1957.0,multiple personalities,three faces of eve the drama multiple personalities
7541,100 Girls,Comedy Romance,2000.0,,100 girls comedy romance
7560,Fail-Safe,Drama Thriller War,1964.0,,fail safe drama thriller war
7561,Paperhouse,Fantasy Horror Thriller,1988.0,,paperhouse fantasy horror thriller
7562,Dobermann,Action Crime,1997.0,,dobermann action crime
7564,Kwaidan (Kaidan),Horror,1964.0,,kwaidan kaidan horror
7566,28 Up,Documentary,1985.0,,28 up documentary
7569,You Only Live Twice,Action Adventure Sci-Fi Thriller,1967.0,,you only live twice action adventure sci fi thriller
7570,Octopussy,Action Adventure Thriller,1983.0,,octopussy action adventure thriller
7572,Wit,Drama,2001.0,cancer,wit drama cancer
7573,Never Say Never Again,Action Adventure Thriller,1983.0,,never say never again action adventure thriller
7579,Pride and Prejudice,Comedy Drama Romance,1940.0,,pride and prejudice comedy drama romance
7581,"Fountainhead, The",Drama,1949.0,,fountainhead the drama
7584,Woman of the Year,Comedy Romance,1942.0,hepburn and tracy marriage,woman of the year comedy romance hepburn and tracy marriage
7587,"Samouraï, Le (Godson, The)",Crime Drama Thriller,1967.0,,samoura le godson the crime drama thriller
7614,Oklahoma!,Musical Romance Western,1955.0,rogers and hammerstein,oklahoma musical romance western rogers and hammerstein
7615,Desert Hearts,Drama,1985.0,,desert hearts drama
7616,Body Double,Mystery Thriller,1984.0,,body double mystery thriller
7618,Chaplin,Drama,1992.0,biopic in netflix queue,chaplin drama biopic in netflix queue
7619,"Miracle Worker, The",Drama,1962.0,blindness deaf,miracle worker the drama blindness deaf
7620,Monster in a Box,Comedy Drama,1992.0,,monster in a box comedy drama
7624,School Ties,Drama,1992.0,,school ties drama
7636,Raising Cain,Horror Thriller,1992.0,,raising cain horror thriller
7646,Rose Red,Horror Mystery Thriller,2002.0,stephen king,rose red horror mystery thriller stephen king
7647,Noises Off...,Comedy,1992.0,,noises off comedy
7649,Babylon 5: In the Beginning,Adventure Sci-Fi,1998.0,space station,babylon 5 in the beginning adventure sci fi space station
7650,"Witchfinder General (Conquerer Worm, The)",Horror,1968.0,,witchfinder general conquerer worm the horror
7657,Versus,Action Comedy Fantasy Horror,2000.0,,versus action comedy fantasy horror
7669,Pride and Prejudice,Drama Romance,1995.0,,pride and prejudice drama romance
7698,"China Syndrome, The",Drama Thriller,1979.0,,china syndrome the drama thriller
7700,"Wages of Fear, The (Salaire de la peur, Le)",Action Adventure Drama Thriller,1953.0,in netflix queue,wages of fear the salaire de la peur le action adventure drama thriller in netflix queue
7701,Look Who's Talking Too,Comedy Romance,1990.0,,look who s talking too comedy romance
7702,"Bells of St. Mary's, The",Drama,1945.0,,bells of st mary s the drama
7704,"Delta Force, The",Action,1986.0,,delta force the action
7705,Pat and Mike,Comedy Romance,1952.0,hepburn and tracy sports,pat and mike comedy romance hepburn and tracy sports
7706,Animal Crackers,Comedy Musical,1930.0,,animal crackers comedy musical
7707,"He Said, She Said",Comedy Drama Romance,1991.0,,he said she said comedy drama romance
7708,Bedazzled,Comedy Fantasy,1967.0,,bedazzled comedy fantasy
7713,Cat People,Drama Horror Romance Thriller,1942.0,sexuality,cat people drama horror romance thriller sexuality
7714,Camelot,Drama Musical Romance,1967.0,king arthur,camelot drama musical romance king arthur
7716,"Lonely Guy, The",Comedy,1984.0,,lonely guy the comedy
7720,"Four Musketeers, The",Action Adventure Comedy Romance,1974.0,,four musketeers the action adventure comedy romance
7727,Protocol,Comedy,1984.0,,protocol comedy
7728,"Postman Always Rings Twice, The",Crime Drama Film-Noir Thriller,1946.0,adultery,postman always rings twice the crime drama film noir thriller adultery
7730,Matinee,Comedy Drama,1993.0,,matinee comedy drama
7742,Baxter,Drama Horror,1989.0,,baxter drama horror
7743,Explorers,Adventure Children Sci-Fi,1985.0,,explorers adventure children sci fi
7745,"Scent of Green Papaya, The (Mùi du du xhan - L'odeur de la papaye verte)",Drama,1993.0,,scent of green papaya the m i du du xhan l odeur de la papaye verte drama
7748,Pierrot le fou,Crime Drama,1965.0,in netflix queue,pierrot le fou crime drama in netflix queue
7749,Weekend (a.k.a. Le Week-end) (Week End),Drama,1967.0,,weekend a k a le week end week end drama
7753,Tuesdays with Morrie,Drama,1999.0,,tuesdays with morrie drama
7756,Alexander Nevsky (Aleksandr Nevskiy),Action Drama War,1938.0,,alexander nevsky aleksandr nevskiy action drama war
7757,Jason and the Argonauts,Action Adventure Fantasy,1963.0,,jason and the argonauts action adventure fantasy
7762,"Tinker, Tailor, Soldier, Spy",Drama Thriller,1979.0,,tinker tailor soldier spy drama thriller
7766,Throne of Blood (Kumonosu jô),Action Drama Thriller War,1957.0,macbeth,throne of blood kumonosu j action drama thriller war macbeth
7767,"Best of Youth, The (La meglio gioventù)",Drama,2003.0,,best of youth the la meglio giovent drama
7772,Undercurrent,Film-Noir Thriller,1946.0,,undercurrent film noir thriller
7773,"Bang, Bang, You're Dead",Drama,2002.0,,bang bang you re dead drama
7781,Twister,Comedy,1990.0,,twister comedy
7782,Sniper,Action Drama,1993.0,,sniper action drama
7786,Genghis Blues,Documentary,1999.0,,genghis blues documentary
7789,"11'09""01 - September 11",Drama,2002.0,terrorism,11 09 01 september 11 drama terrorism
7792,"Parallax View, The",Thriller,1974.0,in netflix queue,parallax view the thriller in netflix queue
7802,"Warriors, The",Action Adventure Crime Thriller,1979.0,,warriors the action adventure crime thriller
7810,Babylon 5: A Call to Arms,Adventure Sci-Fi,1999.0,,babylon 5 a call to arms adventure sci fi
7811,Babylon 5: The River of Souls,Drama Sci-Fi,1998.0,,babylon 5 the river of souls drama sci fi
7812,Babylon 5: Thirdspace,Drama Sci-Fi,1998.0,,babylon 5 thirdspace drama sci fi
7815,True Stories,Comedy Musical,1986.0,,true stories comedy musical
7820,"Virgin Spring, The (Jungfrukällan)",Crime Drama,1960.0,,virgin spring the jungfruk llan crime drama
7822,Mogambo,Adventure Drama Romance,1953.0,,mogambo adventure drama romance
7826,"Secret Life of Walter Mitty, The",Comedy Romance Thriller,1947.0,,secret life of walter mitty the comedy romance thriller
7831,Another Thin Man,Comedy Crime Drama Mystery Romance,1939.0,nick and nora charles,another thin man comedy crime drama mystery romance nick and nora charles
7832,"Thin Man Goes Home, The",Comedy Crime Mystery,1945.0,nick and nora charles,thin man goes home the comedy crime mystery nick and nora charles
7833,Shadow of the Thin Man,Comedy Crime Mystery,1941.0,nick and nora charles,shadow of the thin man comedy crime mystery nick and nora charles
7834,After the Thin Man,Comedy Crime Mystery Romance,1936.0,nick and nora charles,after the thin man comedy crime mystery romance nick and nora charles
7835,Song of the Thin Man,Comedy Crime Drama Musical Mystery Romance,1947.0,nick and nora charles,song of the thin man comedy crime drama musical mystery romance nick and nora charles
7839,Love Crazy,Comedy,1941.0,,love crazy comedy
7840,Gunga Din,Adventure Comedy War,1939.0,,gunga din adventure comedy war
7841,Children of Dune,Fantasy Sci-Fi,2003.0,,children of dune fantasy sci fi
7842,Dune,Drama Fantasy Sci-Fi,2000.0,,dune drama fantasy sci fi
7843,Lammbock,Comedy,2001.0,,lammbock comedy
7844,"Legend, The (Legend of Fong Sai-Yuk, The) (Fong Sai Yuk)",Action Comedy,1993.0,,legend the legend of fong sai yuk the fong sai yuk action comedy
7845,Tremors II: Aftershocks,Comedy Horror Sci-Fi,1996.0,,tremors ii aftershocks comedy horror sci fi
7846,Tremors 3: Back to Perfection,Comedy Horror Sci-Fi,2001.0,,tremors 3 back to perfection comedy horror sci fi
7879,Notorious C.H.O.,Comedy,2002.0,,notorious c h o comedy
7882,The Plague of the Zombies,Horror,1966.0,,the plague of the zombies horror
7883,I Walked with a Zombie,Drama Horror,1943.0,,i walked with a zombie drama horror
7884,Highway 61,Comedy,1991.0,,highway 61 comedy
7888,How to Succeed in Business Without Really Trying,Comedy Musical,1967.0,,how to succeed in business without really trying comedy musical
7889,Pat Garrett and Billy the Kid,Western,1973.0,,pat garrett and billy the kid western
7891,"Last Man on Earth, The (Ultimo uomo della Terra, L')",Drama Horror Sci-Fi,1964.0,,last man on earth the ultimo uomo della terra l drama horror sci fi
7894,"Duck, You Sucker",Action Western,1971.0,,duck you sucker action western
7895,Bring Me the Head of Alfredo Garcia,Crime Drama Thriller,1974.0,,bring me the head of alfredo garcia crime drama thriller
7896,Ride the High Country,Adventure Drama Western,1962.0,,ride the high country adventure drama western
7899,Master of the Flying Guillotine (Du bi quan wang da po xue di zi),Action,1975.0,,master of the flying guillotine du bi quan wang da po xue di zi action
7900,Frankenstein Must Be Destroyed,Drama Horror Sci-Fi,1969.0,,frankenstein must be destroyed drama horror sci fi
7916,Gidget,Comedy,1959.0,,gidget comedy
7920,Desperate Living,Comedy Crime,1977.0,,desperate living comedy crime
7924,Stray Dog (Nora inu),Drama Film-Noir Thriller,1949.0,in netflix queue,stray dog nora inu drama film noir thriller in netflix queue
7925,"Hidden Fortress, The (Kakushi-toride no san-akunin)",Action Adventure,1958.0,,hidden fortress the kakushi toride no san akunin action adventure
7926,High and Low (Tengoku to jigoku),Crime Drama Film-Noir Thriller,1963.0,in netflix queue,high and low tengoku to jigoku crime drama film noir thriller in netflix queue
7930,"People Under the Stairs, The",Horror Mystery Thriller,1991.0,,people under the stairs the horror mystery thriller
7932,Dark Days,Documentary,2000.0,amtrak homeless independent new york sundance award winner train,dark days documentary amtrak homeless independent new york sundance award winner train
7934,Zelig,Comedy,1983.0,psychology,zelig comedy psychology
7936,Shame (Skammen),Drama War,1968.0,austere,shame skammen drama war austere
7937,"Silence, The (Tystnaden)",Drama,1963.0,,silence the tystnaden drama
7938,Winter Light (Nattvardsgästerna),Drama,1963.0,,winter light nattvardsg sterna drama
7939,Through a Glass Darkly (Såsom i en spegel),Drama,1961.0,,through a glass darkly s som i en spegel drama
7940,The Magician,Drama,1958.0,,the magician drama
7943,"Killers, The",Crime Film-Noir,1946.0,,killers the crime film noir
7944,"Night of the Iguana, The",Drama Thriller,1964.0,,night of the iguana the drama thriller
7951,Nightbreed,Fantasy Horror,1990.0,,nightbreed fantasy horror
7976,Ken Park,Drama,2002.0,,ken park drama
7979,Monterey Pop,Documentary Musical,1968.0,,monterey pop documentary musical
7980,"Bridge Too Far, A",Action Drama War,1977.0,,bridge too far a action drama war
7981,Infernal Affairs (Mou gaan dou),Crime Drama Thriller,2002.0,police,infernal affairs mou gaan dou crime drama thriller police
7982,"Tale of Two Sisters, A (Janghwa, Hongryeon)",Drama Horror Mystery Thriller,2003.0,,tale of two sisters a janghwa hongryeon drama horror mystery thriller
7983,Broadway Danny Rose,Comedy,1984.0,show business,broadway danny rose comedy show business
7984,From Beyond,Horror Sci-Fi,1986.0,,from beyond horror sci fi
7986,Robot Jox,Sci-Fi,1990.0,,robot jox sci fi
7987,Dolls,Horror,1987.0,,dolls horror
7988,Space Truckers,Comedy Sci-Fi,1996.0,,space truckers comedy sci fi
7991,Death Race 2000,Action Sci-Fi,1975.0,,death race 2000 action sci fi
7993,"Bucket Of Blood, A",Comedy Horror,1959.0,,bucket of blood a comedy horror
8008,Brigadoon,Fantasy Musical Romance,1954.0,,brigadoon fantasy musical romance
8010,"Power of One, The",Drama,1992.0,,power of one the drama
8011,"Weather Underground, The",Documentary,2002.0,politics,weather underground the documentary politics
8012,Kikujiro (Kikujirô no natsu),Comedy Drama,1999.0,,kikujiro kikujir no natsu comedy drama
8014,"Spring, Summer, Fall, Winter... and Spring (Bom yeoreum gaeul gyeoul geurigo bom)",Drama,2003.0,in netflix queue,spring summer fall winter and spring bom yeoreum gaeul gyeoul geurigo bom drama in netflix queue
8015,"Phantom Tollbooth, The",Adventure Animation Children Fantasy,1970.0,,phantom tollbooth the adventure animation children fantasy
8016,"Getaway, The",Action Crime Drama Thriller,1972.0,,getaway the action crime drama thriller
8019,Dark Water (Honogurai mizu no soko kara),Drama Horror Mystery Thriller,2002.0,remade,dark water honogurai mizu no soko kara drama horror mystery thriller remade
8024,"Thing Called Love, The",Comedy Drama Romance,1993.0,,thing called love the comedy drama romance
8025,The Thief,Drama,1997.0,,the thief drama
8033,How to Steal a Million,Comedy Crime Romance,1966.0,in netflix queue,how to steal a million comedy crime romance in netflix queue
8035,"Stendhal Syndrome, The (Sindrome di Stendhal, La)",Crime Horror Thriller,1996.0,,stendhal syndrome the sindrome di stendhal la crime horror thriller
8042,Mean Streets,Crime Drama,1973.0,,mean streets crime drama
8043,Jack the Bear,Comedy Drama,1993.0,,jack the bear comedy drama
8044,I Am a Fugitive from a Chain Gang,Crime Drama Film-Noir,1932.0,,i am a fugitive from a chain gang crime drama film noir
8045,Hamburger Hill,Action Drama War,1987.0,,hamburger hill action drama war
8057,Sweet Bird of Youth,Drama,1962.0,,sweet bird of youth drama
8092,Frankenstein Unbound,Drama Horror Sci-Fi,1990.0,,frankenstein unbound drama horror sci fi
8093,Shiri (Swiri),Action Drama Romance Thriller,1999.0,,shiri swiri action drama romance thriller
8094,Bad Day at Black Rock,Drama Thriller Western,1955.0,in netflix queue,bad day at black rock drama thriller western in netflix queue
8117,In China They Eat Dogs (I Kina spiser de hunde),Action Comedy,1999.0,,in china they eat dogs i kina spiser de hunde action comedy
8118,Delta Force 2 (Delta Force 2: The Colombian Connection),Action Adventure Thriller War,1990.0,,delta force 2 delta force 2 the colombian connection action adventure thriller war
8119,Crossroads,Drama,1986.0,,crossroads drama
8121,"Seducing Doctor Lewis (Grande séduction, La)",Comedy,2003.0,,seducing doctor lewis grande s duction la comedy
8125,Sunrise: A Song of Two Humans,Drama Romance,1927.0,,sunrise a song of two humans drama romance
8126,Shock Corridor,Drama,1963.0,,shock corridor drama
8128,Au revoir les enfants,Drama,1987.0,,au revoir les enfants drama
8131,Pursuit of Happiness,Comedy Romance,2001.0,,pursuit of happiness comedy romance
8132,Gladiator,Action Drama,1992.0,,gladiator action drama
8136,Indestructible Man,Crime Horror Sci-Fi,1956.0,,indestructible man crime horror sci fi
8137,"Wasp Woman, The",Horror Sci-Fi,1959.0,,wasp woman the horror sci fi
8138,Attack of the Giant Leeches,Horror Sci-Fi,1959.0,,attack of the giant leeches horror sci fi
8142,Dead or Alive: Hanzaisha,Action Crime,1999.0,,dead or alive hanzaisha action crime
8143,Lola Montès,Drama,1955.0,,lola mont s drama
8147,Charly,Drama Sci-Fi,1968.0,,charly drama sci fi
8153,Lust for Life,Drama,1956.0,van gogh,lust for life drama van gogh
8154,"Dolce Vita, La",Drama,1960.0,,dolce vita la drama
8157,Jin Roh: The Wolf Brigade (Jin-Rô),Animation Fantasy Thriller,1998.0,,jin roh the wolf brigade jin r animation fantasy thriller
8158,Rush,Crime Drama,1991.0,,rush crime drama
8167,Captain Blood,Action Adventure Romance,1935.0,swashbuckler,captain blood action adventure romance swashbuckler
8169,*batteries not included,Children Comedy Fantasy Sci-Fi,1987.0,,batteries not included children comedy fantasy sci fi
8183,Educating Rita,Comedy Drama,1983.0,in netflix queue,educating rita comedy drama in netflix queue
8188,Sansho the Bailiff (Sanshô dayû),Drama,1954.0,not available from netflix,sansho the bailiff sansh day drama not available from netflix
8189,Zazie dans le métro,Comedy,1960.0,,zazie dans le m tro comedy
8190,"Americanization of Emily, The",Comedy Drama War,1964.0,in netflix queue,americanization of emily the comedy drama war in netflix queue
8191,Anne of the Thousand Days,Drama,1969.0,anne boleyn,anne of the thousand days drama anne boleyn
8195,"Avventura, L' (Adventure, The)",Drama Mystery Romance,1960.0,,avventura l adventure the drama mystery romance
8196,Beyond the Valley of the Dolls,Comedy Horror,1970.0,,beyond the valley of the dolls comedy horror
8197,Hiroshima Mon Amour,Drama Romance War,1959.0,in netflix queue,hiroshima mon amour drama romance war in netflix queue
8199,Ugetsu (Ugetsu monogatari),Drama Thriller,1953.0,,ugetsu ugetsu monogatari drama thriller
8207,"Day of the Jackal, The",Crime Thriller,1973.0,assassination,day of the jackal the crime thriller assassination
8225,Night of the Living Dead,Horror,1990.0,,night of the living dead horror
8228,"Maltese Falcon, The (a.k.a. Dangerous Female)",Mystery,1931.0,heist,maltese falcon the a k a dangerous female mystery heist
8232,I Love You Again,Comedy Drama,1940.0,,i love you again comedy drama
8235,Safety Last!,Action Comedy Romance,1923.0,clock,safety last action comedy romance clock
8236,While the City Sleeps,Drama Film-Noir,1956.0,,while the city sleeps drama film noir
8238,Little Murders,Comedy Crime,1971.0,,little murders comedy crime
8239,Viridiana,Comedy Drama,1961.0,,viridiana comedy drama
8241,Masterminds,Action Comedy Thriller,1997.0,,masterminds action comedy thriller
8253,Lupin III: The Castle Of Cagliostro (Rupan sansei: Kariosutoro no shiro),Action Adventure Animation Comedy Crime Mystery,1979.0,,lupin iii the castle of cagliostro rupan sansei kariosutoro no shiro action adventure animation comedy crime mystery
8254,Arizona Dream,Comedy Drama Fantasy Romance,1993.0,,arizona dream comedy drama fantasy romance
8261,3 Women (Three Women),Drama,1977.0,,3 women three women drama
8264,Grey Gardens,Documentary,1975.0,,grey gardens documentary
8266,Purple Rain,Drama Musical,1984.0,prince,purple rain drama musical prince
8268,Point of No Return,Action Thriller,1993.0,,point of no return action thriller
8270,"Hairdresser's Husband, The (Le mari de la coiffeuse)",Comedy Drama Romance,1990.0,,hairdresser s husband the le mari de la coiffeuse comedy drama romance
8275,College,Comedy,1927.0,in netflix queue,college comedy in netflix queue
8290,Mitchell,Action Crime,1975.0,,mitchell action crime
8293,Used People,Comedy Drama,1992.0,,used people comedy drama
8302,"Front Page, The",Comedy Drama Romance,1931.0,,front page the comedy drama romance
8327,Dolls,Drama Romance,2002.0,,dolls drama romance
8331,"Man Who Came to Dinner, The",Comedy,1942.0,,man who came to dinner the comedy
8335,Make Way for Tomorrow,Drama,1937.0,heartbreaking,make way for tomorrow drama heartbreaking
8336,"Major and the Minor, The",Comedy Romance,1942.0,,major and the minor the comedy romance
8337,"Caine Mutiny, The",Drama War,1954.0,military,caine mutiny the drama war military
8338,Black Narcissus,Drama,1947.0,convent religion,black narcissus drama convent religion
8340,Escape from Alcatraz,Drama Thriller,1979.0,,escape from alcatraz drama thriller
8341,Oliver Twist,Adventure Crime Drama,1948.0,dickens,oliver twist adventure crime drama dickens
8360,Shrek 2,Adventure Animation Children Comedy Musical Romance,2004.0,ogres,shrek 2 adventure animation children comedy musical romance ogres
8361,"Day After Tomorrow, The",Action Adventure Drama Sci-Fi Thriller,2004.0,,day after tomorrow the action adventure drama sci fi thriller
8362,Raising Helen,Comedy Drama Romance,2004.0,,raising helen comedy drama romance
8363,Soul Plane,Comedy,2004.0,,soul plane comedy
8364,Baadasssss! (How to Get the Man's Foot Outta Your Ass),Drama,2003.0,,baadasssss how to get the man s foot outta your ass drama
8366,Saved!,Comedy Drama,2004.0,pregnancy religion,saved comedy drama pregnancy religion
8368,Harry Potter and the Prisoner of Azkaban,Adventure Fantasy IMAX,2004.0,magic wizards,harry potter and the prisoner of azkaban adventure fantasy imax magic wizards
8369,Mindhunters,Action Crime Horror Mystery Thriller,2004.0,,mindhunters action crime horror mystery thriller
8370,"Blind Swordsman: Zatoichi, The (Zatôichi)",Action Comedy Crime Drama,2003.0,,blind swordsman zatoichi the zat ichi action comedy crime drama
8371,"Chronicles of Riddick, The",Action Sci-Fi Thriller,2004.0,,chronicles of riddick the action sci fi thriller
8372,Garfield: The Movie,Animation Children Comedy,2004.0,,garfield the movie animation children comedy
8373,"Stepford Wives, The",Comedy Fantasy Thriller,2004.0,,stepford wives the comedy fantasy thriller
8375,"Hunting of the President, The",Documentary,2004.0,politics,hunting of the president the documentary politics
8376,Napoleon Dynamite,Comedy,2004.0,high school,napoleon dynamite comedy high school
8378,"Doctor, The",Drama,1991.0,,doctor the drama
8379,"Dresser, The",Drama,1983.0,in netflix queue,dresser the drama in netflix queue
8380,Father Hood,Comedy,1993.0,,father hood comedy
8382,Hello Again,Comedy,1987.0,death,hello again comedy death
8383,Hope Springs,Comedy Romance,2003.0,,hope springs comedy romance
8385,Lover Come Back,Comedy Romance,1961.0,,lover come back comedy romance
8387,Police Academy: Mission to Moscow,Comedy Crime,1994.0,,police academy mission to moscow comedy crime
8391,Big Wednesday,Comedy Drama,1978.0,,big wednesday comedy drama
8402,Book of Love,Comedy Romance,1990.0,,book of love comedy romance
8405,Hour of the Wolf (Vargtimmen),Drama Horror,1968.0,,hour of the wolf vargtimmen drama horror
8410,Suddenly,Crime Drama Film-Noir,1954.0,,suddenly crime drama film noir
8424,"Divorcee, The",Drama Romance,1930.0,divorce,divorcee the drama romance divorce
8425,Meet the Applegates,Comedy,1991.0,,meet the applegates comedy
8426,Robot Carnival (Roboto kânibauru),Animation Comedy Drama Fantasy Sci-Fi,1987.0,,robot carnival roboto k nibauru animation comedy drama fantasy sci fi
8427,Americathon,Comedy Sci-Fi,1979.0,,americathon comedy sci fi
8446,Sands of Iwo Jima,Action Drama Romance War,1949.0,world war ii,sands of iwo jima action drama romance war world war ii
8447,This Island Earth,Sci-Fi,1955.0,,this island earth sci fi
8450,Anthony Adverse,Adventure Romance,1936.0,,anthony adverse adventure romance
8451,Blackboard Jungle,Drama,1955.0,,blackboard jungle drama
8454,Luna Papa,Comedy Drama Fantasy,1999.0,,luna papa comedy drama fantasy
8456,Investigation of a Citizen Above Suspicion (Indagine su un cittadino al di sopra di ogni sospetto),Crime Drama Thriller,1970.0,,investigation of a citizen above suspicion indagine su un cittadino al di sopra di ogni sospetto crime drama thriller
8458,To Each His Own,Drama,1946.0,,to each his own drama
8459,"Heiress, The",Drama Romance,1949.0,,heiress the drama romance
8461,Dragon Seed,Drama War,1944.0,,dragon seed drama war
8462,Executive Suite,Drama,1954.0,,executive suite drama
8463,Johnny Belinda,Drama,1948.0,deafness,johnny belinda drama deafness
8464,Super Size Me,Comedy Documentary Drama,2004.0,food mcdonalds,super size me comedy documentary drama food mcdonalds
8465,Johnny Eager,Crime Drama Film-Noir Romance,1942.0,,johnny eager crime drama film noir romance
8477,"Jetée, La",Romance Sci-Fi,1962.0,post-apocalyptic,jet e la romance sci fi post apocalyptic
8481,Northwest Passage,Action Adventure Drama Romance Thriller Western,1940.0,,northwest passage action adventure drama romance thriller western
8482,"Picture of Dorian Gray, The",Drama Fantasy Horror,1945.0,,picture of dorian gray the drama fantasy horror
8484,"Human Condition I, The (Ningen no joken I)",Drama War,1959.0,,human condition i the ningen no joken i drama war
8487,Please Don't Eat the Daisies,Children Comedy Musical,1960.0,,please don t eat the daisies children comedy musical
8491,White Heat,Crime Drama Film-Noir,1949.0,,white heat crime drama film noir
8492,"Christmas Carol, A (Scrooge)",Drama Fantasy,1951.0,,christmas carol a scrooge drama fantasy
8493,Memphis Belle,Action Drama War,1990.0,,memphis belle action drama war
8494,"Cincinnati Kid, The",Drama,1965.0,,cincinnati kid the drama
8495,Animal Factory,Crime Drama,2000.0,,animal factory crime drama
8500,Godzilla vs. Mechagodzilla (Gojira tai Mekagojira),Action Horror Sci-Fi,1974.0,,godzilla vs mechagodzilla gojira tai mekagojira action horror sci fi
8501,"Hitcher, The",Action Thriller,1986.0,,hitcher the action thriller
8502,Show Boat,Drama Musical Romance,1951.0,,show boat drama musical romance
8506,Fear X,Mystery Thriller,2003.0,,fear x mystery thriller
8507,Freaks,Crime Drama Horror,1932.0,circus,freaks crime drama horror circus
8511,"Immigrant, The",Comedy,1917.0,,immigrant the comedy
8512,Silent Movie,Comedy,1976.0,,silent movie comedy
8518,Anna Christie,Drama,1930.0,,anna christie drama
8521,Dr. Jekyll and Mr. Hyde,Drama Horror,1931.0,,dr jekyll and mr hyde drama horror
8526,Around the World in 80 Days,Adventure Children Comedy,2004.0,,around the world in 80 days adventure children comedy
8528,Dodgeball: A True Underdog Story,Comedy,2004.0,,dodgeball a true underdog story comedy
8529,"Terminal, The",Comedy Drama Romance,2004.0,,terminal the comedy drama romance
8530,Dear Frankie,Drama Romance,2004.0,ireland,dear frankie drama romance ireland
8531,White Chicks,Action Comedy Crime,2004.0,,white chicks action comedy crime
8532,"Door in the Floor, The",Drama,2004.0,,door in the floor the drama
8533,"Notebook, The",Drama Romance,2004.0,memory loss romance sad,notebook the drama romance memory loss romance sad
8534,Two Brothers (Deux frères),Adventure Children Drama,2004.0,,two brothers deux fr res adventure children drama
8535,De-Lovely,Drama Musical,2004.0,,de lovely drama musical
8542,"Day at the Races, A",Comedy Musical,1937.0,,day at the races a comedy musical
8571,Bob & Carol & Ted & Alice,Comedy Drama,1969.0,,bob carol ted alice comedy drama
8574,"Claymation Christmas Celebration, A",Animation Children Comedy Musical,1987.0,,claymation christmas celebration a animation children comedy musical
8575,"Happenstance (Battement d'ailes du papillon, Le)",Comedy Drama,2001.0,,happenstance battement d ailes du papillon le comedy drama
8577,Comandante,Documentary,2003.0,,comandante documentary
8578,Undead,Action Comedy Horror Sci-Fi,2003.0,,undead action comedy horror sci fi
8580,Into the Woods,Adventure Comedy Fantasy Musical,1991.0,fairy tales in netflix queue,into the woods adventure comedy fantasy musical fairy tales in netflix queue
8581,Pirates of Silicon Valley,Documentary Drama,1999.0,,pirates of silicon valley documentary drama
8582,Manufacturing Consent: Noam Chomsky and the Media,Documentary War,1992.0,,manufacturing consent noam chomsky and the media documentary war
8587,Mayor of the Sunset Strip,Documentary,2003.0,,mayor of the sunset strip documentary
8588,Killing Me Softly,Drama Mystery Romance Thriller,2002.0,,killing me softly drama mystery romance thriller
8591,"Philadelphia Experiment, The",Adventure Drama Sci-Fi,1984.0,,philadelphia experiment the adventure drama sci fi
8593,Juice,Action Crime Drama Thriller,1992.0,,juice action crime drama thriller
8596,Revenge of the Pink Panther,Comedy Crime,1978.0,,revenge of the pink panther comedy crime
8600,Angels with Dirty Faces,Crime Drama Film-Noir Thriller,1938.0,,angels with dirty faces crime drama film noir thriller
8601,Zero de conduite (Zero for Conduct) (Zéro de conduite: Jeunes diables au collège),Comedy Drama,1933.0,,zero de conduite zero for conduct z ro de conduite jeunes diables au coll ge comedy drama
8604,Taxi,Action Comedy,1998.0,,taxi action comedy
8605,Taxi 3,Action Comedy,2003.0,,taxi 3 action comedy
8607,Tokyo Godfathers,Adventure Animation Drama,2003.0,in netflix queue,tokyo godfathers adventure animation drama in netflix queue
8609,Our Hospitality,Comedy,1923.0,in netflix queue,our hospitality comedy in netflix queue
8610,All of Me,Comedy Fantasy,1984.0,,all of me comedy fantasy
8611,"Farmer's Daughter, The",Comedy,1947.0,,farmer s daughter the comedy
8614,Overboard,Comedy Romance,1987.0,,overboard comedy romance
8617,Butterfield 8,Drama,1960.0,,butterfield 8 drama
8620,"Exterminating Angel, The (Ángel exterminador, El)",Comedy Drama Fantasy Mystery,1962.0,,exterminating angel the ngel exterminador el comedy drama fantasy mystery
8622,Fahrenheit 9/11,Documentary,2004.0,politics terrorism,fahrenheit 9 11 documentary politics terrorism
8623,Roxanne,Comedy Romance,1987.0,,roxanne comedy romance
8626,Dr. Terror's House of Horrors,Horror Sci-Fi,1965.0,,dr terror s house of horrors horror sci fi
8632,Secret Society,Comedy,2002.0,,secret society comedy
8633,"Last Starfighter, The",Action Adventure Comedy Sci-Fi,1984.0,,last starfighter the action adventure comedy sci fi
8636,Spider-Man 2,Action Adventure Sci-Fi IMAX,2004.0,doc ock,spider man 2 action adventure sci fi imax doc ock
8638,Before Sunset,Drama Romance,2004.0,generation x,before sunset drama romance generation x
8640,King Arthur,Action Adventure Drama War,2004.0,,king arthur action adventure drama war
8641,Anchorman: The Legend of Ron Burgundy,Comedy,2004.0,hilarious steve carell will ferrell stupid awesome comedy will ferrell,anchorman the legend of ron burgundy comedy hilarious steve carell will ferrell stupid awesome comedy will ferrell
8643,"Cinderella Story, A",Comedy Romance,2004.0,,cinderella story a comedy romance
8644,"I, Robot",Action Adventure Sci-Fi Thriller,2004.0,,i robot action adventure sci fi thriller
8645,"Maria Full of Grace (Maria, Llena eres de gracia)",Crime Drama,2004.0,drugs immigrants,maria full of grace maria llena eres de gracia crime drama drugs immigrants
8650,Long Day's Journey Into Night,Drama,1962.0,,long day s journey into night drama
8656,"Short Film About Killing, A (Krótki film o zabijaniu)",Crime Drama,1988.0,,short film about killing a kr tki film o zabijaniu crime drama
8665,"Bourne Supremacy, The",Action Crime Thriller,2004.0,,bourne supremacy the action crime thriller
8666,Catwoman,Action Crime Fantasy,2004.0,,catwoman action crime fantasy
8667,A Home at the End of the World,Drama Romance,2004.0,,a home at the end of the world drama romance
8670,"Testament of Dr. Mabuse, The (Das Testament des Dr. Mabuse)",Crime Horror Mystery Thriller,1933.0,,testament of dr mabuse the das testament des dr mabuse crime horror mystery thriller
8677,Flash Gordon Conquers the Universe,Action Sci-Fi,1940.0,,flash gordon conquers the universe action sci fi
8684,"Man Escaped, A (Un  condamné à mort s'est échappé ou Le vent souffle où il veut)",Adventure Drama,1956.0,,man escaped a un condamn mort s est chapp ou le vent souffle o il veut adventure drama
8685,"Miracle of Marcelino, The (Marcelino pan y vino)",Comedy Drama,1955.0,,miracle of marcelino the marcelino pan y vino comedy drama
8690,Slaughterhouse-Five,Comedy Drama Sci-Fi War,1972.0,,slaughterhouse five comedy drama sci fi war
8695,"Bachelor and the Bobby-Soxer, The",Comedy,1947.0,court,bachelor and the bobby soxer the comedy court
8711,Mr. Blandings Builds His Dream House,Comedy,1948.0,,mr blandings builds his dream house comedy
8712,My Favorite Wife,Comedy Romance,1940.0,,my favorite wife comedy romance
8713,"New Adventures of Pippi Longstocking, The",Adventure Children Fantasy Musical,1988.0,,new adventures of pippi longstocking the adventure children fantasy musical
8714,Night and Day,Drama Musical,1946.0,cole porter,night and day drama musical cole porter
8718,"Snake Pit, The",Drama,1948.0,,snake pit the drama
8720,"Super, The",Comedy,1991.0,,super the comedy
8724,"Leopard, The (Gattopardo, Il)",Drama War,1963.0,,leopard the gattopardo il drama war
8727,"Day of the Locust, The",Drama,1975.0,,day of the locust the drama
8730,To End All Wars,Action Drama War,2001.0,,to end all wars action drama war
8738,"Woman Is a Woman, A (femme est une femme, Une)",Comedy Drama Musical Romance,1961.0,,woman is a woman a femme est une femme une comedy drama musical romance
8743,Biggles,Adventure Fantasy Sci-Fi,1986.0,,biggles adventure fantasy sci fi
8748,"Yesterday, Today and Tomorrow (Ieri, oggi, domani)",Comedy,1963.0,,yesterday today and tomorrow ieri oggi domani comedy
8753,Unprecedented: The 2000 Presidential Election,Documentary,2002.0,,unprecedented the 2000 presidential election documentary
8754,"Prime of Miss Jean Brodie, The",Drama,1969.0,oscar (best actress),prime of miss jean brodie the drama oscar best actress
8755,My Voyage to Italy (Il mio viaggio in Italia),Documentary,1999.0,,my voyage to italy il mio viaggio in italia documentary
8765,This Gun for Hire,Crime Film-Noir Thriller,1942.0,in netflix queue,this gun for hire crime film noir thriller in netflix queue
8771,Sherlock Holmes: Terror by Night,Crime Mystery Thriller,1946.0,,sherlock holmes terror by night crime mystery thriller
8772,"Spy Who Came in from the Cold, The",Drama Thriller,1965.0,,spy who came in from the cold the drama thriller
8773,Sherlock Holmes and the Secret Weapon,Crime Mystery Thriller,1942.0,,sherlock holmes and the secret weapon crime mystery thriller
8774,Sherlock Holmes: The Woman in Green,Mystery,1945.0,,sherlock holmes the woman in green mystery
8778,Sherlock Holmes: Dressed to Kill,Crime Mystery,1946.0,,sherlock holmes dressed to kill crime mystery
8781,"Manchurian Candidate, The",Thriller,2004.0,,manchurian candidate the thriller
8782,Thunderbirds,Action Adventure Fantasy Sci-Fi,2004.0,,thunderbirds action adventure fantasy sci fi
8783,"Village, The",Drama Mystery Thriller,2004.0,atmospheric good soundtrack m. night shyamalan,village the drama mystery thriller atmospheric good soundtrack m night shyamalan
8784,Garden State,Comedy Drama Romance,2004.0,psychology,garden state comedy drama romance psychology
8795,Musa the Warrior (Musa),Action Adventure Drama War,2001.0,,musa the warrior musa action adventure drama war
8796,"Funny Thing Happened on the Way to the Forum, A",Comedy Musical,1966.0,rome,funny thing happened on the way to the forum a comedy musical rome
8798,Collateral,Action Crime Drama Thriller,2004.0,,collateral action crime drama thriller
8799,Little Black Book,Comedy Romance,2004.0,,little black book comedy romance
8800,Code 46,Romance Sci-Fi,2003.0,,code 46 romance sci fi
8804,"Story of Women (Affaire de femmes, Une)",Drama,1988.0,,story of women affaire de femmes une drama
8807,Harold and Kumar Go to White Castle,Adventure Comedy,2004.0,,harold and kumar go to white castle adventure comedy
8808,"Princess Diaries 2: Royal Engagement, The",Comedy Romance,2004.0,,princess diaries 2 royal engagement the comedy romance
8809,Danny Deckchair,Comedy Romance,2003.0,australia,danny deckchair comedy romance australia
8810,AVP: Alien vs. Predator,Action Horror Sci-Fi Thriller,2004.0,,avp alien vs predator action horror sci fi thriller
8813,We Don't Live Here Anymore,Drama,2004.0,,we don t live here anymore drama
8814,Without a Paddle,Comedy,2004.0,,without a paddle comedy
8815,Exorcist: The Beginning,Horror Thriller,2004.0,,exorcist the beginning horror thriller
8827,"Bill Cosby, Himself",Comedy Documentary,1983.0,stand up,bill cosby himself comedy documentary stand up
8830,Anacondas: The Hunt for the Blood Orchid,Adventure Drama Horror Sci-Fi Thriller,2004.0,,anacondas the hunt for the blood orchid adventure drama horror sci fi thriller
8831,Suspect Zero,Crime Thriller,2004.0,,suspect zero crime thriller
8832,Warriors of Heaven and Earth (Tian di ying xiong),Action Adventure Drama,2003.0,,warriors of heaven and earth tian di ying xiong action adventure drama
8833,Vanity Fair,Drama Romance,2004.0,,vanity fair drama romance
8835,Paparazzi,Drama Thriller,2004.0,,paparazzi drama thriller
8836,Wicker Park,Drama Romance Thriller,2004.0,,wicker park drama romance thriller
8838,Alice Doesn't Live Here Anymore,Drama Romance,1974.0,in netflix queue,alice doesn t live here anymore drama romance in netflix queue
8840,Who's That Knocking at My Door?,Drama,1967.0,,who s that knocking at my door drama
8844,Camera Buff (Amator),Drama,1979.0,,camera buff amator drama
8848,"Vitelloni, I (a.k.a. The Young and the Passionate)",Drama,1953.0,,vitelloni i a k a the young and the passionate drama
8860,Cellular,Action Crime Drama Mystery Thriller,2004.0,,cellular action crime drama mystery thriller
8861,Resident Evil: Apocalypse,Action Horror Sci-Fi Thriller,2004.0,,resident evil apocalypse action horror sci fi thriller
8864,Mr. 3000,Comedy Drama,2004.0,,mr 3000 comedy drama
8865,Sky Captain and the World of Tomorrow,Action Adventure Sci-Fi,2004.0,,sky captain and the world of tomorrow action adventure sci fi
8866,Wimbledon,Comedy Romance,2004.0,,wimbledon comedy romance
8869,First Daughter,Comedy Romance,2004.0,,first daughter comedy romance
8870,"Forgotten, The",Drama Mystery Sci-Fi Thriller,2004.0,,forgotten the drama mystery sci fi thriller
8873,"Motorcycle Diaries, The (Diarios de motocicleta)",Adventure Drama,2004.0,,motorcycle diaries the diarios de motocicleta adventure drama
8874,Shaun of the Dead,Comedy Horror,2004.0,zombies,shaun of the dead comedy horror zombies
8875,"Come Back, Little Sheba",Drama,1952.0,alcoholism marriage,come back little sheba drama alcoholism marriage
8879,Murder on the Orient Express,Crime Mystery Thriller,1974.0,agatha christie oscar (best supporting actress) train,murder on the orient express crime mystery thriller agatha christie oscar best supporting actress train
8880,Mask,Drama,1985.0,disability,mask drama disability
8894,Orca: The Killer Whale,Action Drama Horror Thriller,1977.0,,orca the killer whale action drama horror thriller
8905,1492: Conquest of Paradise,Adventure Drama,1992.0,,1492 conquest of paradise adventure drama
8906,Cannibal Holocaust,Horror,1980.0,,cannibal holocaust horror
8907,Shark Tale,Animation Children Comedy,2004.0,,shark tale animation children comedy
8908,Ladder 49,Action Drama Thriller,2004.0,,ladder 49 action drama thriller
8910,I Heart Huckabees,Comedy,2004.0,,i heart huckabees comedy
8911,Raise Your Voice,Romance,2004.0,,raise your voice romance
8912,Taxi,Action Comedy,2004.0,,taxi action comedy
8914,Primer,Drama Sci-Fi,2004.0,time travel,primer drama sci fi time travel
8915,Stage Beauty,Drama,2004.0,,stage beauty drama
8916,Shall We Dance?,Comedy Romance,2004.0,,shall we dance comedy romance
8917,Team America: World Police,Action Adventure Animation Comedy,2004.0,,team america world police action adventure animation comedy
8918,Eulogy,Comedy Crime Drama,2004.0,,eulogy comedy crime drama
8919,P.S.,Comedy Drama Fantasy Romance,2004.0,,p s comedy drama fantasy romance
8920,"Country Girl, The",Drama,1954.0,oscar (best actress),country girl the drama oscar best actress
8921,"Rose Tattoo, The",Drama Romance,1955.0,,rose tattoo the drama romance
8928,"Fearless Vampire Killers, The",Comedy Horror,1967.0,,fearless vampire killers the comedy horror
8933,"Decline of the American Empire, The (Déclin de l'empire américain, Le)",Comedy Drama,1986.0,,decline of the american empire the d clin de l empire am ricain le comedy drama
8934,Bebe's Kids,Animation Children Comedy,1992.0,,bebe s kids animation children comedy
8937,Friday Night Lights,Action Drama,2004.0,,friday night lights action drama
8938,Tarnation,Documentary,2003.0,parenthood psychology,tarnation documentary parenthood psychology
8939,"Final Cut, The",Sci-Fi Thriller,2004.0,,final cut the sci fi thriller
8943,Being Julia,Comedy Drama,2004.0,stage,being julia comedy drama stage
8946,Surviving Christmas,Comedy,2004.0,,surviving christmas comedy
8947,"Grudge, The",Horror Mystery Thriller,2004.0,,grudge the horror mystery thriller
8948,Alfie,Comedy Drama Romance,2004.0,,alfie comedy drama romance
8949,Sideways,Comedy Drama Romance,2004.0,wine,sideways comedy drama romance wine
8950,The Machinist,Drama Mystery Thriller,2004.0,christian bale creepy powerful ending psychology schizophrenia twist ending psychology,the machinist drama mystery thriller christian bale creepy powerful ending psychology schizophrenia twist ending psychology
8951,Vera Drake,Drama,2004.0,abortion,vera drake drama abortion
8952,Falling Angels,Drama,2003.0,,falling angels drama
8954,Lightning in a Bottle,Documentary,2004.0,,lightning in a bottle documentary
8955,Undertow,Crime Drama Thriller,2004.0,,undertow crime drama thriller
8957,Saw,Horror Mystery Thriller,2004.0,brutal clever disturbing great ending mindfuck surprise ending suspense,saw horror mystery thriller brutal clever disturbing great ending mindfuck surprise ending suspense
8958,Ray,Drama,2004.0,biopic,ray drama biopic
8959,Birth,Drama Mystery,2004.0,,birth drama mystery
8961,"Incredibles, The",Action Adventure Animation Children Comedy,2004.0,disney superhero animation samuel l. jackson,incredibles the action adventure animation children comedy disney superhero animation samuel l jackson
8964,Callas Forever,Drama,2002.0,,callas forever drama
8965,"Polar Express, The",Adventure Animation Children Fantasy IMAX,2004.0,,polar express the adventure animation children fantasy imax
8966,Kinsey,Drama,2004.0,,kinsey drama
8967,Seed of Chucky (Child's Play 5),Comedy Horror,2004.0,,seed of chucky child s play 5 comedy horror
8968,After the Sunset,Action Adventure Comedy Crime Thriller,2004.0,,after the sunset action adventure comedy crime thriller
8969,Bridget Jones: The Edge of Reason,Comedy Drama Romance,2004.0,,bridget jones the edge of reason comedy drama romance
8970,Finding Neverland,Drama,2004.0,peter pan,finding neverland drama peter pan
8972,National Treasure,Action Adventure Drama Mystery Thriller,2004.0,,national treasure action adventure drama mystery thriller
8973,Bad Education (La mala educación),Drama Thriller,2004.0,,bad education la mala educaci n drama thriller
8974,"SpongeBob SquarePants Movie, The",Adventure Animation Children Comedy,2004.0,,spongebob squarepants movie the adventure animation children comedy
8977,Alexander,Action Adventure Drama War,2004.0,,alexander action adventure drama war
8978,Christmas with the Kranks,Children Comedy,2004.0,,christmas with the kranks children comedy
8979,Guerrilla: The Taking of Patty Hearst,Documentary,2004.0,hearst,guerrilla the taking of patty hearst documentary hearst
8981,Closer,Drama Romance,2004.0,,closer drama romance
8982,I Am David,Drama,2003.0,,i am david drama
8983,House of Flying Daggers (Shi mian mai fu),Action Drama Romance,2004.0,martial arts,house of flying daggers shi mian mai fu action drama romance martial arts
8984,Ocean's Twelve,Action Comedy Crime Thriller,2004.0,,ocean s twelve action comedy crime thriller
8985,Blade: Trinity,Action Fantasy Horror Thriller,2004.0,,blade trinity action fantasy horror thriller
8987,Bush's Brain,Documentary,2004.0,,bush s brain documentary
8989,Damn Yankees!,Comedy Musical,1958.0,,damn yankees comedy musical
8998,That's Entertainment,Documentary,1974.0,in netflix queue,that s entertainment documentary in netflix queue
9004,D.A.R.Y.L.,Adventure Children Sci-Fi,1985.0,,d a r y l adventure children sci fi
9005,Fire in the Sky,Drama Mystery Sci-Fi,1993.0,,fire in the sky drama mystery sci fi
9008,"Invisible Man Returns, The",Horror Sci-Fi,1940.0,,invisible man returns the horror sci fi
9010,Love Me If You Dare (Jeux d'enfants),Drama Romance,2003.0,cruel characters,love me if you dare jeux d enfants drama romance cruel characters
9018,Control Room,Documentary War,2004.0,journalism,control room documentary war journalism
25746,"Hunchback of Notre Dame, The",Drama Horror,1923.0,,hunchback of notre dame the drama horror
25750,Sherlock Jr.,Comedy Fantasy Romance,1924.0,,sherlock jr comedy fantasy romance
25752,"Freshman, The",Comedy,1925.0,,freshman the comedy
25753,Greed,Drama,1924.0,gold,greed drama gold
25757,"Jazz Singer, The",Drama Musical Romance,1927.0,,jazz singer the drama musical romance
25769,"Steamboat Bill, Jr.",Comedy Romance,1928.0,,steamboat bill jr comedy romance
25771,"Andalusian Dog, An (Chien andalou, Un)",Fantasy,1929.0,mindfuck surreal surrealism,andalusian dog an chien andalou un fantasy mindfuck surreal surrealism
25773,Little Caesar,Crime Drama,1931.0,,little caesar crime drama
25782,Boudu Saved From Drowning (Boudu sauvé des eaux),Comedy,1932.0,,boudu saved from drowning boudu sauv des eaux comedy
25788,Scarface,Crime Drama,1932.0,,scarface crime drama
25795,Dinner at Eight,Comedy Drama Romance,1933.0,,dinner at eight comedy drama romance
25797,Gold Diggers of 1933,Musical,1933.0,,gold diggers of 1933 musical
25805,"Atalante, L'",Comedy Drama Romance,1934.0,,atalante l comedy drama romance
25825,Fury,Drama Film-Noir,1936.0,revenge,fury drama film noir revenge
25826,Libeled Lady,Comedy Romance,1936.0,,libeled lady comedy romance
25827,Mr. Deeds Goes to Town,Comedy Romance,1936.0,,mr deeds goes to town comedy romance
25833,Camille,Drama Romance,1936.0,,camille drama romance
25834,Captains Courageous,Adventure Drama,1937.0,,captains courageous adventure drama
25841,Stage Door,Drama,1937.0,show business,stage door drama show business
25850,Holiday,Comedy Drama Romance,1938.0,,holiday comedy drama romance
25855,"Roaring Twenties, The",Crime Drama Thriller,1939.0,in netflix queue,roaring twenties the crime drama thriller in netflix queue
25856,Wuthering Heights,Drama Romance,1939.0,,wuthering heights drama romance
25865,"Letter, The",Drama Film-Noir,1940.0,in netflix queue,letter the drama film noir in netflix queue
25870,Here Comes Mr. Jordan,Comedy Fantasy Romance,1941.0,,here comes mr jordan comedy fantasy romance
25886,Random Harvest,Drama Romance,1942.0,made me cry,random harvest drama romance made me cry
25887,Tales of Manhattan,Comedy Drama,1942.0,,tales of manhattan comedy drama
25898,Day of Wrath (Vredens dag),Drama,1943.0,,day of wrath vredens dag drama
25905,"Miracle of Morgan's Creek, The",Comedy Romance,1944.0,,miracle of morgan s creek the comedy romance
25906,Mr. Skeffington,Drama Romance,1944.0,,mr skeffington drama romance
25923,Great Expectations,Drama,1946.0,,great expectations drama
25927,"Stranger, The",Drama Film-Noir Thriller,1946.0,,stranger the drama film noir thriller
25937,Easter Parade,Musical Romance,1948.0,,easter parade musical romance
25940,"Lady from Shanghai, The",Drama Film-Noir Mystery,1947.0,mirrors,lady from shanghai the drama film noir mystery mirrors
25946,"Three Musketeers, The",Action Adventure Drama Romance,1948.0,,three musketeers the action adventure drama romance
25947,Unfaithfully Yours,Comedy,1948.0,,unfaithfully yours comedy
25952,"Letter to Three Wives, A",Comedy Drama,1949.0,in netflix queue,letter to three wives a comedy drama in netflix queue
25959,Annie Get Your Gun,Comedy Musical Romance Western,1950.0,,annie get your gun comedy musical romance western
25962,King Solomon's Mines,Action Adventure Romance,1950.0,,king solomon s mines action adventure romance
25963,"Young and the Damned, The (Olvidados, Los)",Crime Drama,1950.0,,young and the damned the olvidados los crime drama
25996,"Star Is Born, A",Drama Musical,1954.0,,star is born a drama musical
25999,The Wild One,Drama,1953.0,,the wild one drama
26002,Confidential Report,Crime Drama Mystery Thriller,1955.0,,confidential report crime drama mystery thriller
26003,Night and Fog (Nuit et brouillard),Crime Documentary War,1955.0,,night and fog nuit et brouillard crime documentary war
26038,Teacher's Pet,Comedy Romance,1958.0,,teacher s pet comedy romance
26048,"Human Condition II, The (Ningen no joken II)",Drama War,1959.0,,human condition ii the ningen no joken ii drama war
26052,Pickpocket,Crime Drama,1959.0,,pickpocket crime drama
26059,When a Woman Ascends the Stairs (Onna ga kaidan wo agaru toki),Drama,1960.0,,when a woman ascends the stairs onna ga kaidan wo agaru toki drama
26073,"Human Condition III, The (Ningen no joken III)",Drama War,1961.0,,human condition iii the ningen no joken iii drama war
26078,Advise and Consent,Drama,1962.0,,advise and consent drama
26082,Harakiri (Seppuku),Drama,1962.0,,harakiri seppuku drama
26084,"Music Man, The",Children Comedy Musical Romance,1962.0,,music man the children comedy musical romance
26085,Mutiny on the Bounty,Adventure Drama Romance,1962.0,not available from netflix,mutiny on the bounty adventure drama romance not available from netflix
26095,"Carabineers, The (Carabiniers, Les)",Comedy Drama War,1963.0,,carabineers the carabiniers les comedy drama war
26116,"Hush... Hush, Sweet Charlotte",Horror Thriller,1964.0,,hush hush sweet charlotte horror thriller
26122,Onibaba,Drama Horror War,1964.0,,onibaba drama horror war
26124,Robinson Crusoe on Mars,Sci-Fi,1964.0,,robinson crusoe on mars sci fi
26131,"Battle of Algiers, The (La battaglia di Algeri)",Drama War,1966.0,in netflix queue,battle of algiers the la battaglia di algeri drama war in netflix queue
26133,"Charlie Brown Christmas, A",Animation Children Comedy,1965.0,,charlie brown christmas a animation children comedy
26142,Major Dundee,Adventure War Western,1965.0,,major dundee adventure war western
26147,"Thousand Clowns, A",Comedy Drama Romance,1965.0,,thousand clowns a comedy drama romance
26150,Andrei Rublev (Andrey Rublyov),Drama War,1969.0,,andrei rublev andrey rublyov drama war
26151,Au Hasard Balthazar,Crime Drama,1966.0,donkey,au hasard balthazar crime drama donkey
26152,Batman,Action Adventure Comedy,1966.0,,batman action adventure comedy
26158,Closely Watched Trains (Ostre sledované vlaky),Comedy Drama War,1966.0,,closely watched trains ostre sledovan vlaky comedy drama war
26159,Tokyo Drifter (Tôkyô nagaremono),Action Crime Drama,1966.0,,tokyo drifter t ky nagaremono action crime drama
26169,Branded to Kill (Koroshi no rakuin),Action Crime Drama,1967.0,,branded to kill koroshi no rakuin action crime drama
26171,Play Time (a.k.a. Playtime),Comedy,1967.0,,play time a k a playtime comedy
26172,Point Blank,Action Crime Drama Thriller,1967.0,,point blank action crime drama thriller
26176,Titicut Follies,Documentary Drama,1967.0,,titicut follies documentary drama
26183,Asterix and Cleopatra (Astérix et Cléopâtre),Action Adventure Animation Children Comedy,1968.0,,asterix and cleopatra ast rix et cl op tre action adventure animation children comedy
26184,"Diamond Arm, The (Brilliantovaya ruka)",Action Adventure Comedy Crime Thriller,1968.0,,diamond arm the brilliantovaya ruka action adventure comedy crime thriller
26195,Sympathy for the Devil,Documentary Musical,1968.0,,sympathy for the devil documentary musical
26198,"Yours, Mine and Ours",Children Comedy,1968.0,,yours mine and ours children comedy
26225,"Claire's Knee (Genou de Claire, Le)",Comedy Romance,1970.0,,claire s knee genou de claire le comedy romance
26231,Performance,Crime Drama Thriller,1970.0,,performance crime drama thriller
26236,"White Sun of the Desert, The (Beloe solntse pustyni)",Action Adventure Comedy Drama Romance War,1970.0,,white sun of the desert the beloe solntse pustyni action adventure comedy drama romance war
26237,Zabriskie Point,Drama Romance,1970.0,,zabriskie point drama romance
26242,Duel,Action Mystery Thriller,1971.0,in netflix queue,duel action mystery thriller in netflix queue
26249,They Call Me Trinity,Comedy Western,1971.0,,they call me trinity comedy western
26258,"Topo, El",Fantasy Western,1970.0,,topo el fantasy western
26265,Dr. Phibes Rises Again,Adventure Comedy Horror Romance,1972.0,,dr phibes rises again adventure comedy horror romance
26283,Charley Varrick,Crime Drama Thriller,1973.0,,charley varrick crime drama thriller
26285,Dark Star,Comedy Sci-Fi Thriller,1974.0,,dark star comedy sci fi thriller
26303,Sisters,Horror Thriller,1973.0,,sisters horror thriller
26308,Turkish Delight (Turks fruit),Drama Romance,1973.0,,turkish delight turks fruit drama romance
26313,California Split,Comedy Drama,1974.0,,california split comedy drama
26317,Emmanuelle,Drama Romance,1974.0,,emmanuelle drama romance
26322,Gone in 60 Seconds,Action Crime Drama,1974.0,,gone in 60 seconds action crime drama
26326,"Holy Mountain, The (Montaña sagrada, La)",Drama,1973.0,,holy mountain the monta a sagrada la drama
26340,"Twelve Tasks of Asterix, The (Les douze travaux d'Astérix)",Action Adventure Animation Children Comedy Fantasy,1976.0,,twelve tasks of asterix the les douze travaux d ast rix action adventure animation children comedy fantasy
26344,French Connection II,Action Crime Drama Thriller,1975.0,,french connection ii action crime drama thriller
26347,"Irony of Fate, or Enjoy Your Bath! (Ironiya sudby, ili S legkim parom!)",Comedy Drama Romance,1975.0,,irony of fate or enjoy your bath ironiya sudby ili s legkim parom comedy drama romance
26350,"Passenger, The (Professione: reporter)",Drama,1975.0,,passenger the professione reporter drama
26357,Trilogy of Terror,Horror Thriller,1975.0,,trilogy of terror horror thriller
26359,1900 (Novecento),Drama War,1976.0,,1900 novecento drama war
26365,Futureworld,Sci-Fi Thriller,1976.0,,futureworld sci fi thriller
26366,Harlan County U.S.A.,Documentary,1976.0,,harlan county u s a documentary
26375,Silver Streak,Action Comedy Crime,1976.0,,silver streak action comedy crime
26386,High Anxiety,Comedy Thriller,1977.0,,high anxiety comedy thriller
26391,"New York, New York",Drama Musical Romance,1977.0,,new york new york drama musical romance
26394,"Turning Point, The",Drama Romance,1977.0,,turning point the drama romance
26399,Five Deadly Venoms,Action,1978.0,,five deadly venoms action
26401,Last Hurrah for Chivalry (Hao xia),Action Drama,1979.0,,last hurrah for chivalry hao xia action drama
26409,"Clonus Horror, The",Horror Sci-Fi,1979.0,,clonus horror the horror sci fi
26413,Snake in the Eagle's Shadow (Se ying diu sau),Action Comedy,1978.0,,snake in the eagle s shadow se ying diu sau action comedy
26422,Hair,Comedy Drama Musical,1979.0,,hair comedy drama musical
26429,Love at First Bite,Comedy Horror Romance,1979.0,,love at first bite comedy horror romance
26444,"Hitch Hikers Guide to the Galaxy, The",Adventure Comedy Sci-Fi,1981.0,,hitch hikers guide to the galaxy the adventure comedy sci fi
26453,Smiley's People,Drama Mystery,1982.0,,smiley s people drama mystery
26464,Blue Thunder,Action Crime Drama,1983.0,,blue thunder action crime drama
26467,"Day After, The",Drama Sci-Fi,1983.0,,day after the drama sci fi
26471,Eddie Murphy Delirious,Comedy Documentary,1983.0,,eddie murphy delirious comedy documentary
26472,"Norte, El",Adventure Drama,1984.0,,norte el adventure drama
26492,Twilight Zone: The Movie,Fantasy Horror Sci-Fi Thriller,1983.0,,twilight zone the movie fantasy horror sci fi thriller
26498,Boy Meets Girl,Drama,1984.0,,boy meets girl drama
26504,Cloak & Dagger,Action Adventure Children Crime Mystery Thriller,1984.0,,cloak dagger action adventure children crime mystery thriller
26510,"Ewok Adventure, The (a.k.a. Caravan of Courage: An Ewok Adventure)",Adventure Children Fantasy Sci-Fi,1984.0,,ewok adventure the a k a caravan of courage an ewok adventure adventure children fantasy sci fi
26523,"Silent Night, Deadly Night",Horror Thriller,1984.0,,silent night deadly night horror thriller
26524,"Times of Harvey Milk, The",Documentary,1984.0,,times of harvey milk the documentary
26527,What Have I Done to Deserve This? (¿Qué he hecho yo para merecer esto!!),Comedy Drama,1984.0,,what have i done to deserve this qu he hecho yo para merecer esto comedy drama
26528,Anne of Green Gables,Children Drama,1985.0,,anne of green gables children drama
26539,Death of a Salesman,Drama,1985.0,,death of a salesman drama
26542,Ewoks: The Battle for Endor,Adventure Children Fantasy Sci-Fi,1985.0,,ewoks the battle for endor adventure children fantasy sci fi
26547,Police Story (Ging chaat goo si),Action Comedy Crime Thriller,1985.0,,police story ging chaat goo si action comedy crime thriller
26554,"Quiet Earth, The",Drama Mystery Sci-Fi,1985.0,,quiet earth the drama mystery sci fi
26555,Spies Like Us,Comedy,1985.0,,spies like us comedy
26562,White Nights,Drama,1985.0,,white nights drama
26564,'Round Midnight,Drama Musical,1986.0,,round midnight drama musical
26567,Club Paradise,Comedy,1986.0,,club paradise comedy
26578,"Sacrifice, The (Offret - Sacraficatio)",Drama,1986.0,,sacrifice the offret sacraficatio drama
26585,"Better Tomorrow, A (Ying hung boon sik)",Crime Drama Thriller,1986.0,,better tomorrow a ying hung boon sik crime drama thriller
26587,"Decalogue, The (Dekalog)",Crime Drama Romance,1989.0,,decalogue the dekalog crime drama romance
26590,G.I. Joe: The Movie,Action Adventure Animation Children Fantasy Sci-Fi,1987.0,,g i joe the movie action adventure animation children fantasy sci fi
26593,Hell Comes to Frogtown,Action Comedy Sci-Fi,1988.0,,hell comes to frogtown action comedy sci fi
26599,"Law of Desire (Ley del deseo, La)",Comedy Drama Romance,1987.0,,law of desire ley del deseo la comedy drama romance
26603,Prince of Darkness,Fantasy Horror Sci-Fi Thriller,1987.0,,prince of darkness fantasy horror sci fi thriller
26606,"Chinese Ghost Story, A (Sinnui yauwan)",Action Fantasy Horror Romance,1987.0,,chinese ghost story a sinnui yauwan action fantasy horror romance
26612,"Better Tomorrow II, A (Ying hung boon sik II)",Crime Drama Thriller,1987.0,,better tomorrow ii a ying hung boon sik ii crime drama thriller
26614,"Bourne Identity, The",Action Adventure Drama Mystery Thriller,1988.0,,bourne identity the action adventure drama mystery thriller
26622,Dominick and Eugene,Drama,1988.0,,dominick and eugene drama
26629,Killer Klowns from Outer Space,Comedy Horror Sci-Fi,1988.0,,killer klowns from outer space comedy horror sci fi
26630,Moonwalker,Musical,1988.0,,moonwalker musical
26631,Alice (Neco z Alenky),Animation Fantasy Mystery,1988.0,,alice neco z alenky animation fantasy mystery
26645,Life Is a Long Quiet River (La vie est un long fleuve tranquille),Comedy,1988.0,,life is a long quiet river la vie est un long fleuve tranquille comedy
26649,Lonesome Dove,Adventure Drama Western,1989.0,,lonesome dove adventure drama western
26662,Kiki's Delivery Service (Majo no takkyûbin),Adventure Animation Children Drama Fantasy,1989.0,anime,kiki s delivery service majo no takky bin adventure animation children drama fantasy anime
26676,Almost an Angel,Comedy,1990.0,,almost an angel comedy
26680,Cry-Baby,Comedy Musical Romance,1990.0,,cry baby comedy musical romance
26681,Bullet in the Head,Action Drama War,1990.0,,bullet in the head action drama war
26686,Ghost Dad,Comedy Fantasy,1990.0,,ghost dad comedy fantasy
26693,It,Drama Fantasy Horror Mystery Thriller,1990.0,,it drama fantasy horror mystery thriller
26694,Ju Dou,Drama,1990.0,,ju dou drama
26695,"Krays, The",Drama,1990.0,,krays the drama
26696,Lionheart,Action,1990.0,,lionheart action
26700,Nuns on the Run,Comedy Crime,1990.0,,nuns on the run comedy crime
26701,Patlabor: The Movie (Kidô keisatsu patorebâ: The Movie),Action Animation Crime Drama Film-Noir Mystery Sci-Fi Thriller,1989.0,,patlabor the movie kid keisatsu patoreb the movie action animation crime drama film noir mystery sci fi thriller
26704,State of Grace,Crime Drama Thriller,1990.0,,state of grace crime drama thriller
26712,35 Up,Documentary,1991.0,,35 up documentary
26713,Days of Being Wild (A Fei jingjyuhn),Drama Romance,1990.0,,days of being wild a fei jingjyuhn drama romance
26717,Begotten,Drama Horror,1990.0,boring psychedelic symbolic,begotten drama horror boring psychedelic symbolic
26726,Dutch,Comedy,1991.0,,dutch comedy
26729,Hearts of Darkness: A Filmmakers Apocalypse,Documentary,1991.0,,hearts of darkness a filmmakers apocalypse documentary
26732,Johnny Stecchino,Comedy,1991.0,,johnny stecchino comedy
26736,Riki-Oh: The Story of Ricky (Lik Wong),Action Crime Thriller,1991.0,,riki oh the story of ricky lik wong action crime thriller
26741,Mannequin 2: On the Move,Comedy Fantasy Romance,1991.0,,mannequin 2 on the move comedy fantasy romance
26743,Only Yesterday (Omohide poro poro),Animation Drama,1991.0,,only yesterday omohide poro poro animation drama
26745,Other People's Money,Comedy Drama Romance,1991.0,,other people s money comedy drama romance
26750,Quigley Down Under,Adventure Drama Western,1990.0,,quigley down under adventure drama western
26761,Prime Suspect 2,Crime Drama Mystery Romance Thriller,1992.0,,prime suspect 2 crime drama mystery romance thriller
26764,Captain America,Action Fantasy Sci-Fi Thriller War,1990.0,,captain america action fantasy sci fi thriller war
26765,City Hunter (Sing si lip yan),Action Comedy Romance,1993.0,,city hunter sing si lip yan action comedy romance
26776,Porco Rosso (Crimson Pig) (Kurenai no buta),Adventure Animation Comedy Fantasy Romance,1992.0,in netflix queue,porco rosso crimson pig kurenai no buta adventure animation comedy fantasy romance in netflix queue
26777,"Stolen Children (Ladro di bambini, Il)",Drama,1992.0,,stolen children ladro di bambini il drama
26778,Ladybugs,Comedy,1992.0,,ladybugs comedy
26782,"Mambo Kings, The",Drama Musical,1992.0,,mambo kings the drama musical
26791,Shining Through,Drama Romance Thriller War,1992.0,,shining through drama romance thriller war
26792,Sidekicks,Action Adventure Children Comedy,1992.0,,sidekicks action adventure children comedy
26796,"Heart in Winter, A (Un coeur en hiver)",Drama Romance,1992.0,,heart in winter a un coeur en hiver drama romance
26797,Visions of Light: The Art of Cinematography,Documentary,1992.0,,visions of light the art of cinematography documentary
26810,Bad Boy Bubby,Drama,1993.0,,bad boy bubby drama
26812,Barbarians at the Gate,Drama,1993.0,,barbarians at the gate drama
26819,Fortress,Action Sci-Fi,1992.0,,fortress action sci fi
26828,Mr. Nanny,Action Children Comedy,1993.0,,mr nanny action children comedy
26838,"Snapper, The",Comedy Drama,1993.0,,snapper the comedy drama
26840,Sonatine (Sonachine),Action Comedy Crime Drama,1993.0,,sonatine sonachine action comedy crime drama
26849,"Stand, The",Adventure Drama Fantasy Horror Sci-Fi,1994.0,,stand the adventure drama fantasy horror sci fi
26854,"Darkman II: Return of Durant, The",Action Crime Horror,1995.0,,darkman ii return of durant the action crime horror
26861,Freaked,Comedy Sci-Fi,1993.0,,freaked comedy sci fi
26865,Fist of Legend (Jing wu ying xiong),Action Drama,1994.0,,fist of legend jing wu ying xiong action drama
26870,Major League II,Comedy,1994.0,,major league ii comedy
26871,My Father the Hero,Comedy Romance,1994.0,,my father the hero comedy romance
26875,"Pure Formality, A (Pura formalità, Una)",Crime Film-Noir Mystery Thriller,1994.0,,pure formality a pura formalit una crime film noir mystery thriller
26887,"Langoliers, The",Drama Fantasy Horror Mystery Sci-Fi Thriller,1995.0,,langoliers the drama fantasy horror mystery sci fi thriller
26900,"Last Wedding, The (Kivenpyörittäjän kylä)",Comedy Drama,1995.0,,last wedding the kivenpy ritt j n kyl comedy drama
26901,Last of the Dogmen,Adventure Western,1995.0,,last of the dogmen adventure western
26903,Whisper of the Heart (Mimi wo sumaseba),Animation Drama Romance,1995.0,,whisper of the heart mimi wo sumaseba animation drama romance
26913,Street Fighter II: The Animated Movie (Sutorîto Faitâ II gekijô-ban),Action Animation,1994.0,,street fighter ii the animated movie sutor to fait ii gekij ban action animation
26928,"Summer's Tale, A (Conte d'été)",Comedy Drama Romance,1996.0,,summer s tale a conte d t comedy drama romance
26940,"Late Shift, The",Comedy,1996.0,,late shift the comedy
26947,Pusher,Crime Thriller,1996.0,,pusher crime thriller
26958,Emma,Romance,1996.0,,emma romance
26965,"Boxer, The",Drama Thriller,1997.0,,boxer the drama thriller
26974,Gummo,Drama,1997.0,,gummo drama
26985,Nirvana,Action Sci-Fi,1997.0,,nirvana action sci fi
26999,"Lion King II: Simba's Pride, The",Adventure Animation Children Musical Romance,1998.0,,lion king ii simba s pride the adventure animation children musical romance
27002,From the Earth to the Moon,Action Documentary Drama Thriller,1998.0,,from the earth to the moon action documentary drama thriller
27003,Beowulf,Action Horror Sci-Fi,1999.0,,beowulf action horror sci fi
27006,RKO 281,Drama,1999.0,,rko 281 drama
27008,From Dusk Till Dawn 2: Texas Blood Money,Comedy Crime Horror,1999.0,,from dusk till dawn 2 texas blood money comedy crime horror
27020,Gia,Drama Romance,1998.0,drugs lesbian,gia drama romance drugs lesbian
27022,Thursday,Action Crime Thriller,1998.0,,thursday action crime thriller
27032,Who Am I? (Wo shi shei),Action Adventure Comedy Sci-Fi Thriller,1998.0,,who am i wo shi shei action adventure comedy sci fi thriller
27036,Merlin,Action Adventure Drama Fantasy Romance,1998.0,,merlin action adventure drama fantasy romance
27074,Brave New World,Sci-Fi,1998.0,,brave new world sci fi
27075,Addams Family Reunion,Children Comedy Fantasy,1998.0,,addams family reunion children comedy fantasy
27105,Purgatory,Fantasy Western,1999.0,,purgatory fantasy western
27124,Bleeder,Drama Thriller,1999.0,,bleeder drama thriller
27134,Dark Portals: The Chronicles of Vidocq  (Vidocq),Action Crime Fantasy,2001.0,,dark portals the chronicles of vidocq vidocq action crime fantasy
27140,Candyman 3: Day of the Dead,Horror,1999.0,,candyman 3 day of the dead horror
27155,"Batman/Superman Movie, The",Action Adventure Animation Children Fantasy Sci-Fi,1998.0,,batman superman movie the action adventure animation children fantasy sci fi
27156,"Neon Genesis Evangelion: The End of Evangelion (Shin seiki Evangelion Gekijô-ban: Air/Magokoro wo, kimi ni)",Action Animation Drama Fantasy Sci-Fi,1997.0,anime end of the world epic mecha psychology,neon genesis evangelion the end of evangelion shin seiki evangelion gekij ban air magokoro wo kimi ni action animation drama fantasy sci fi anime end of the world epic mecha psychology
27176,Style Wars,Documentary,1983.0,,style wars documentary
27178,In July (Im Juli),Comedy Romance,2000.0,,in july im juli comedy romance
27186,Kirikou and the Sorceress (Kirikou et la sorcière),Adventure Animation Children Fantasy,1998.0,,kirikou and the sorceress kirikou et la sorci re adventure animation children fantasy
27193,Taxi 2,Action Comedy,2000.0,,taxi 2 action comedy
27246,If These Walls Could Talk 2,Drama Romance,2000.0,,if these walls could talk 2 drama romance
27251,"10th Kingdom, The",Adventure Comedy Fantasy,2000.0,,10th kingdom the adventure comedy fantasy
27255,"Wind Will Carry Us, The (Bad ma ra khahad bord)",Drama,1999.0,,wind will carry us the bad ma ra khahad bord drama
27266,2046,Drama Fantasy Romance Sci-Fi,2004.0,,2046 drama fantasy romance sci fi
27306,Bartleby,Comedy Drama,2001.0,,bartleby comedy drama
27311,Batman Beyond: Return of the Joker,Action Animation Crime Sci-Fi Thriller,2000.0,,batman beyond return of the joker action animation crime sci fi thriller
27317,Audition (Ôdishon),Drama Horror Mystery Romance Thriller,1999.0,,audition dishon drama horror mystery romance thriller
27320,"Nine Lives of Tomas Katz, The",Comedy Drama Fantasy,2000.0,,nine lives of tomas katz the comedy drama fantasy
27328,Monday,Action Comedy Crime Fantasy Thriller,2000.0,,monday action comedy crime fantasy thriller
27329,Paradise Lost 2: Revelations,Documentary,2000.0,,paradise lost 2 revelations documentary
27368,Asterix & Obelix: Mission Cleopatra (Astérix & Obélix: Mission Cléopâtre),Adventure Comedy Fantasy,2002.0,,asterix obelix mission cleopatra ast rix ob lix mission cl op tre adventure comedy fantasy
27369,Daria: Is It Fall Yet?,Animation Comedy,2000.0,,daria is it fall yet animation comedy
27370,Late Night Shopping,Comedy,2001.0,,late night shopping comedy
27373,61*,Drama,2001.0,,61 drama
27397,Joint Security Area (Gongdong gyeongbi guyeok JSA),Crime Drama Mystery Thriller War,2000.0,,joint security area gongdong gyeongbi guyeok jsa crime drama mystery thriller war
27408,Ripley's Game,Drama Thriller,2002.0,,ripley s game drama thriller
27416,Jalla! Jalla!,Comedy Drama Romance,2000.0,,jalla jalla comedy drama romance
27420,Teknolust,Comedy Drama Romance Sci-Fi,2002.0,,teknolust comedy drama romance sci fi
27426,"Accidental Spy, The (Dak miu mai shing)",Action Comedy Thriller,2001.0,,accidental spy the dak miu mai shing action comedy thriller
27434,Darkness,Horror Mystery,2002.0,,darkness horror mystery
27441,Blood: The Last Vampire,Action Animation Horror,2000.0,,blood the last vampire action animation horror
27450,Blueberry,Adventure Western,2004.0,,blueberry adventure western
27473,American Psycho II: All American Girl,Comedy Crime Horror Mystery Thriller,2002.0,,american psycho ii all american girl comedy crime horror mystery thriller
27478,Ali G Indahouse,Comedy,2002.0,,ali g indahouse comedy
27480,Dead or Alive 2: Tôbôsha,Action Crime Thriller,2000.0,,dead or alive 2 t b sha action crime thriller
27482,Cube 2: Hypercube,Horror Mystery Sci-Fi,2002.0,,cube 2 hypercube horror mystery sci fi
27491,Pulse (Kairo),Horror Mystery Thriller,2001.0,,pulse kairo horror mystery thriller
27513,Dog Days (Hundstage),Drama,2001.0,,dog days hundstage drama
27523,My Sassy Girl (Yeopgijeogin geunyeo),Comedy Romance,2001.0,,my sassy girl yeopgijeogin geunyeo comedy romance
27537,Nothing,Comedy Fantasy Mystery Sci-Fi,2003.0,,nothing comedy fantasy mystery sci fi
27539,Undertaking Betty (Plots with a View),Comedy Romance,2002.0,,undertaking betty plots with a view comedy romance
27549,Dead or Alive: Final,Comedy Crime Drama Sci-Fi Thriller,2002.0,,dead or alive final comedy crime drama sci fi thriller
27555,Fubar,Comedy,2002.0,,fubar comedy
27563,"Happiness of the Katakuris, The (Katakuri-ke no kôfuku)",Comedy Horror Musical,2001.0,,happiness of the katakuris the katakuri ke no k fuku comedy horror musical
27584,Dead End,Comedy Horror Mystery Thriller,2003.0,,dead end comedy horror mystery thriller
27592,Sympathy for Mr. Vengeance (Boksuneun naui geot),Crime Drama,2002.0,,sympathy for mr vengeance boksuneun naui geot crime drama
27595,Jesus Christ Vampire Hunter,Action Comedy Horror Musical,2001.0,,jesus christ vampire hunter action comedy horror musical
27604,Suicide Club (Jisatsu saakuru),Horror Mystery Thriller,2001.0,,suicide club jisatsu saakuru horror mystery thriller
27611,Battlestar Galactica,Drama Sci-Fi War,2003.0,,battlestar galactica drama sci fi war
27618,"Sound of Thunder, A",Action Adventure Drama Sci-Fi Thriller,2005.0,,sound of thunder a action adventure drama sci fi thriller
27619,"Lion King 1½, The",Adventure Animation Children Comedy,2004.0,,lion king 1 the adventure animation children comedy
27627,Oasis,Drama Romance,2002.0,,oasis drama romance
27644,Remember Me (Ricordati di me),Comedy Drama Romance,2003.0,,remember me ricordati di me comedy drama romance
27660,"Animatrix, The",Action Animation Drama Sci-Fi,2003.0,animation anime cyberpunk dark matrix sci-fi,animatrix the action animation drama sci fi animation anime cyberpunk dark matrix sci fi
27664,"Brown Bunny, The",Drama,2003.0,,brown bunny the drama
27667,Ju-on: The Curse,Horror,2000.0,,ju on the curse horror
27674,11:14,Comedy Crime Drama Mystery Thriller,2003.0,,11 14 comedy crime drama mystery thriller
27683,Tremors 4: The Legend Begins,Action Comedy Horror Sci-Fi Thriller Western,2004.0,,tremors 4 the legend begins action comedy horror sci fi thriller western
27685,Bring It On Again,Comedy,2004.0,,bring it on again comedy
27689,"Crimson Rivers 2: Angels of the Apocalypse (Rivières pourpres II - Les anges de l'apocalypse, Les)",Action Crime Thriller,2004.0,,crimson rivers 2 angels of the apocalypse rivi res pourpres ii les anges de l apocalypse les action crime thriller
27692,And Starring Pancho Villa as Himself,Action Comedy Drama War,2003.0,,and starring pancho villa as himself action comedy drama war
27695,Nicotina,Action Comedy Drama,2003.0,,nicotina action comedy drama
27704,Battle Royale 2: Requiem (Batoru rowaiaru II: Chinkonka),Action Drama Thriller War,2003.0,,battle royale 2 requiem batoru rowaiaru ii chinkonka action drama thriller war
27705,In Hell,Action Drama Thriller,2003.0,,in hell action drama thriller
27706,Lemony Snicket's A Series of Unfortunate Events,Adventure Children Comedy Fantasy,2004.0,dark comedy jim carrey meryl streep quirky stylized,lemony snicket s a series of unfortunate events adventure children comedy fantasy dark comedy jim carrey meryl streep quirky stylized
27708,Helen of Troy,Action Adventure Drama Romance,2003.0,,helen of troy action adventure drama romance
27716,"Green Butchers, The (Grønne slagtere, De)",Comedy Crime Drama Romance,2003.0,,green butchers the gr nne slagtere de comedy crime drama romance
27721,"Very Long Engagement, A (Un long dimanche de fiançailles)",Drama Mystery Romance War,2004.0,,very long engagement a un long dimanche de fian ailles drama mystery romance war
27722,Last Life in the Universe (Ruang rak noi nid mahasan),Drama Romance,2003.0,,last life in the universe ruang rak noi nid mahasan drama romance
27728,Ghost in the Shell 2: Innocence (a.k.a. Innocence) (Inosensu),Action Animation Drama Sci-Fi Thriller,2004.0,,ghost in the shell 2 innocence a k a innocence inosensu action animation drama sci fi thriller
27731,"Cat Returns, The (Neko no ongaeshi)",Adventure Animation Children Fantasy,2002.0,in netflix queue,cat returns the neko no ongaeshi adventure animation children fantasy in netflix queue
27741,"Twilight Samurai, The (Tasogare Seibei)",Drama Romance,2002.0,in netflix queue,twilight samurai the tasogare seibei drama romance in netflix queue
27744,"Facing Windows (Finestra di fronte, La)",Drama Romance,2003.0,,facing windows finestra di fronte la drama romance
27746,Ginger Snaps: Unleashed,Horror Thriller,2004.0,,ginger snaps unleashed horror thriller
27751,'Salem's Lot,Drama Horror Mystery Thriller,2004.0,,salem s lot drama horror mystery thriller
27762,Comic Book: The Movie,Comedy,2004.0,,comic book the movie comedy
27768,Intimate Strangers (Confidences trop intimes),Drama,2004.0,,intimate strangers confidences trop intimes drama
27769,Down to the Bone,Drama,2004.0,,down to the bone drama
27772,Ju-on: The Grudge,Horror,2002.0,,ju on the grudge horror
27773,Old Boy,Mystery Thriller,2003.0,bizarre claustrophobic depressing disturbing hallucinatory paranoid surreal twisted,old boy mystery thriller bizarre claustrophobic depressing disturbing hallucinatory paranoid surreal twisted
27776,Red Lights (Feux rouges),Drama,2004.0,,red lights feux rouges drama
27778,Ginger Snaps Back: The Beginning,Fantasy Horror,2004.0,,ginger snaps back the beginning fantasy horror
27784,One Missed Call (Chakushin ari),Horror Mystery,2003.0,,one missed call chakushin ari horror mystery
27788,"Jacket, The",Drama Mystery Sci-Fi Thriller,2005.0,,jacket the drama mystery sci fi thriller
27790,Millions,Children Comedy Crime Drama Fantasy,2004.0,religion saints,millions children comedy crime drama fantasy religion saints
27793,Starship Troopers 2: Hero of the Federation,Action Horror Sci-Fi War,2004.0,,starship troopers 2 hero of the federation action horror sci fi war
27801,Ong-Bak: The Thai Warrior (Ong Bak),Action Thriller,2003.0,,ong bak the thai warrior ong bak action thriller
27802,Infernal Affairs 2 (Mou gaan dou II),Action Crime Drama Thriller,2003.0,,infernal affairs 2 mou gaan dou ii action crime drama thriller
27803,"Sea Inside, The (Mar adentro)",Drama,2004.0,,sea inside the mar adentro drama
27808,Spanglish,Comedy Drama Romance,2004.0,adam sandler family sweet,spanglish comedy drama romance adam sandler family sweet
27815,"Chorus, The (Choristes, Les)",Drama,2004.0,,chorus the choristes les drama
27816,Saints and Soldiers,Action Adventure Drama War,2003.0,,saints and soldiers action adventure drama war
27820,"Story of the Weeping Camel, The (Geschichte vom weinenden Kamel, Die)",Documentary Drama,2003.0,animal movie camels,story of the weeping camel the geschichte vom weinenden kamel die documentary drama animal movie camels
27821,"Interpreter, The",Drama Thriller,2005.0,,interpreter the drama thriller
27822,Open Water,Drama Thriller,2003.0,,open water drama thriller
27826,Touch of Pink,Comedy Drama Romance,2004.0,,touch of pink comedy drama romance
27829,Slasher,Documentary,2004.0,,slasher documentary
27830,"Bobby Jones, Stroke of Genius",Drama,2004.0,,bobby jones stroke of genius drama
27831,Layer Cake,Crime Drama Thriller,2004.0,british gangster confusing daniel craig exquisite plotting. organized crime stylish tom hardy,layer cake crime drama thriller british gangster confusing daniel craig exquisite plotting organized crime stylish tom hardy
27834,"Return, The (Vozvrashcheniye)",Drama,2003.0,fatherhood,return the vozvrashcheniye drama fatherhood
27837,Flight of the Phoenix,Action Adventure,2004.0,,flight of the phoenix action adventure
27838,Mean Creek,Drama Thriller,2004.0,revenge,mean creek drama thriller revenge
27839,"Ring Two, The",Drama Horror Mystery Thriller,2005.0,,ring two the drama horror mystery thriller
27846,"Corporation, The",Documentary,2003.0,,corporation the documentary
27850,"Yes Men, The",Documentary,2003.0,,yes men the documentary
27865,Azumi,Action Adventure Drama Thriller,2003.0,,azumi action adventure drama thriller
27866,In My Father's Den,Drama,2004.0,,in my father s den drama
27869,Tae Guk Gi: The Brotherhood of War (Taegukgi hwinalrimyeo),Action Drama War,2004.0,,tae guk gi the brotherhood of war taegukgi hwinalrimyeo action drama war
27873,Metallica: Some Kind of Monster,Documentary,2004.0,,metallica some kind of monster documentary
27878,Born into Brothels,Documentary,2004.0,india,born into brothels documentary india
27879,DiG!,Documentary,2004.0,,dig documentary
27882,Riding Giants,Documentary,2004.0,surfing,riding giants documentary surfing
27899,What the #$*! Do We Know!? (a.k.a. What the Bleep Do We Know!?),Comedy Documentary Drama,2004.0,,what the do we know a k a what the bleep do we know comedy documentary drama
27904,"Scanner Darkly, A",Animation Drama Mystery Sci-Fi Thriller,2006.0,,scanner darkly a animation drama mystery sci fi thriller
27905,Casshern,Action Drama Fantasy Sci-Fi,2004.0,,casshern action drama fantasy sci fi
27912,Outfoxed: Rupert Murdoch's War on Journalism,Documentary,2004.0,,outfoxed rupert murdoch s war on journalism documentary
30707,Million Dollar Baby,Drama,2004.0,boxing,million dollar baby drama boxing
30745,Gozu (Gokudô kyôfu dai-gekijô: Gozu),Comedy Crime Drama Horror Mystery,2003.0,,gozu gokud ky fu dai gekij gozu comedy crime drama horror mystery
30749,Hotel Rwanda,Drama War,2004.0,genocide,hotel rwanda drama war genocide
30793,Charlie and the Chocolate Factory,Adventure Children Comedy Fantasy IMAX,2005.0,roald dahl,charlie and the chocolate factory adventure children comedy fantasy imax roald dahl
30803,3-Iron (Bin-jip),Drama Romance,2004.0,,3 iron bin jip drama romance
30810,"Life Aquatic with Steve Zissou, The",Adventure Comedy Fantasy,2004.0,heartwarming off-beat comedy quirky trippy visually appealing whimsical,life aquatic with steve zissou the adventure comedy fantasy heartwarming off beat comedy quirky trippy visually appealing whimsical
30812,"Aviator, The",Drama,2004.0,biopic howard hughes movie business,aviator the drama biopic howard hughes movie business
30816,"Phantom of the Opera, The",Drama Musical Romance,2004.0,,phantom of the opera the drama musical romance
30818,Beyond the Sea,Drama Musical,2004.0,,beyond the sea drama musical
30820,"Woodsman, The",Drama,2004.0,child abuse,woodsman the drama child abuse
30822,In Good Company,Comedy Drama,2004.0,busniess,in good company comedy drama busniess
30825,Meet the Fockers,Comedy,2004.0,ben stiller robert de niro,meet the fockers comedy ben stiller robert de niro
30846,"Assassination of Richard Nixon, The",Crime Drama Thriller,2004.0,,assassination of richard nixon the crime drama thriller
30848,"Love Song for Bobby Long, A",Drama,2004.0,,love song for bobby long a drama
30850,"Merchant of Venice, The",Drama,2004.0,shakespeare,merchant of venice the drama shakespeare
30883,Fat Albert,Comedy Fantasy,2004.0,,fat albert comedy fantasy
30890,"Keys to the House, The (Chiavi di casa, Le)",Drama,2004.0,,keys to the house the chiavi di casa le drama
30892,In the Realms of the Unreal,Animation Documentary,2004.0,animation documentary henry darger,in the realms of the unreal animation documentary animation documentary henry darger
30894,White Noise,Drama Horror Mystery Sci-Fi Thriller,2005.0,,white noise drama horror mystery sci fi thriller
30898,"Upside of Anger, The",Comedy Drama Romance,2005.0,,upside of anger the comedy drama romance
30994,Little Miss Marker,Comedy Drama,1980.0,,little miss marker comedy drama
31000,Sweet Liberty,Comedy,1986.0,,sweet liberty comedy
31030,I Remember Mama,Children Drama,1948.0,motherhood,i remember mama children drama motherhood
31038,Smooth Talk,Drama Romance,1985.0,,smooth talk drama romance
31049,Out Cold,Comedy Thriller,1989.0,,out cold comedy thriller
31083,Man Trouble,Comedy Romance,1992.0,,man trouble comedy romance
31086,Battles Without Honor & Humanity (Jingi naki tatakai),Crime Drama,1973.0,,battles without honor humanity jingi naki tatakai crime drama
31101,Stander,Action Crime Drama,2003.0,,stander action crime drama
31114,Imaginary Heroes,Comedy Drama,2004.0,,imaginary heroes comedy drama
31116,Sergeant York,Drama War,1941.0,,sergeant york drama war
31123,Ruby & Quentin (Tais-toi!),Comedy Crime,2003.0,,ruby quentin tais toi comedy crime
31150,Wizards,Animation Fantasy Sci-Fi War,1977.0,,wizards animation fantasy sci fi war
31162,"Life and Death of Peter Sellers, The",Comedy Drama,2004.0,,life and death of peter sellers the comedy drama
31184,Appleseed (Appurushîdo),Action Animation Fantasy Sci-Fi,2004.0,,appleseed appurush do action animation fantasy sci fi
31193,"Many Adventures of Winnie the Pooh, The",Animation Children Musical,1977.0,,many adventures of winnie the pooh the animation children musical
31221,Elektra,Action Adventure Crime Drama,2005.0,,elektra action adventure crime drama
31223,Racing Stripes,Children Comedy,2005.0,,racing stripes children comedy
31225,Coach Carter,Drama,2005.0,,coach carter drama
31260,Boys Town,Drama,1938.0,,boys town drama
31297,Gold Diggers of 1935,Comedy Musical,1935.0,,gold diggers of 1935 comedy musical
31309,Rocco and His Brothers (Rocco e i suoi fratelli),Crime Drama,1960.0,,rocco and his brothers rocco e i suoi fratelli crime drama
31364,Memories of Murder (Salinui chueok),Crime Drama Mystery Thriller,2003.0,,memories of murder salinui chueok crime drama mystery thriller
31367,"Chase, The",Action Adventure Comedy Crime Romance Thriller,1994.0,,chase the action adventure comedy crime romance thriller
31410,"Downfall (Untergang, Der)",Drama War,2004.0,,downfall untergang der drama war
31420,Assault on Precinct 13,Action Crime Drama Thriller,2005.0,,assault on precinct 13 action crime drama thriller
31422,Are We There Yet?,Children Comedy,2005.0,,are we there yet children comedy
31424,Alone in the Dark,Action Horror Sci-Fi Thriller,2005.0,,alone in the dark action horror sci fi thriller
31427,Hide and Seek,Horror Mystery Thriller,2005.0,,hide and seek horror mystery thriller
31431,Boogeyman,Drama Horror Mystery Thriller,2005.0,,boogeyman drama horror mystery thriller
31433,"Wedding Date, The",Comedy Romance,2005.0,,wedding date the comedy romance
31435,Rory O'Shea Was Here (Inside I'm Dancing),Drama,2004.0,,rory o shea was here inside i m dancing drama
31437,Nobody Knows (Dare mo shiranai),Drama,2004.0,orphans,nobody knows dare mo shiranai drama orphans
31445,Employee of the Month,Comedy Drama,2004.0,,employee of the month comedy drama
31522,"Marriage of Maria Braun, The (Ehe der Maria Braun, Die)",Drama,1979.0,,marriage of maria braun the ehe der maria braun die drama
31545,"Trou, Le (Hole, The) (Night Watch, The)",Crime Film-Noir,1960.0,,trou le hole the night watch the crime film noir
31553,Double Dragon,Action Adventure Sci-Fi,1994.0,,double dragon action adventure sci fi
31590,Hands Off the Loot (Touchez pas au grisbi),Crime Drama Thriller,1954.0,,hands off the loot touchez pas au grisbi crime drama thriller
31610,Purple Butterfly (Zi hudie),Drama,2003.0,,purple butterfly zi hudie drama
31617,El Cid,Action Adventure Drama Romance War,1961.0,,el cid action adventure drama romance war
31658,Howl's Moving Castle (Hauru no ugoku shiro),Adventure Animation Fantasy Romance,2004.0,anime fantasy world hayao miyazaki studio ghibli 06 oscar nominated best movie - animation in netflix queue,howl s moving castle hauru no ugoku shiro adventure animation fantasy romance anime fantasy world hayao miyazaki studio ghibli 06 oscar nominated best movie animation in netflix queue
31660,Steamboy (Suchîmubôi),Action Animation Drama Sci-Fi,2004.0,,steamboy such mub i action animation drama sci fi
31664,Gorgeous (Boh lee chun),Action Comedy Romance,1999.0,,gorgeous boh lee chun action comedy romance
31685,Hitch,Comedy Romance,2005.0,,hitch comedy romance
31692,Uncle Nino,Comedy,2003.0,,uncle nino comedy
31694,Bride & Prejudice,Comedy Musical Romance,2004.0,,bride prejudice comedy musical romance
31696,Constantine,Action Fantasy Horror Thriller,2005.0,,constantine action fantasy horror thriller
31698,Son of the Mask,Adventure Children Comedy Fantasy,2005.0,,son of the mask adventure children comedy fantasy
31700,Because of Winn-Dixie,Children Comedy Drama,2005.0,,because of winn dixie children comedy drama
31702,Turtles Can Fly (Lakposhtha hâm parvaz mikonand),Drama War,2004.0,,turtles can fly lakposhtha h m parvaz mikonand drama war
31737,Bunny Lake Is Missing,Mystery Thriller,1965.0,,bunny lake is missing mystery thriller
31804,Night Watch (Nochnoy dozor),Action Fantasy Horror Mystery Sci-Fi Thriller,2004.0,,night watch nochnoy dozor action fantasy horror mystery sci fi thriller
31851,Sons of the Desert,Comedy,1933.0,,sons of the desert comedy
31867,Man of the House,Action Comedy,2005.0,,man of the house action comedy
31878,Kung Fu Hustle (Gong fu),Action Comedy,2004.0,,kung fu hustle gong fu action comedy
31903,Zelary,Drama Romance,2003.0,marriage,zelary drama romance marriage
31909,Dr. Giggles,Comedy Horror,1992.0,,dr giggles comedy horror
31921,"Seven-Per-Cent Solution, The",Adventure Comedy Crime Drama Mystery Thriller,1976.0,,seven per cent solution the adventure comedy crime drama mystery thriller
31923,"Three Musketeers, The",Action Adventure Comedy,1973.0,in netflix queue,three musketeers the action adventure comedy in netflix queue
31925,Royal Flash,Adventure Comedy Romance,1975.0,,royal flash adventure comedy romance
31952,Control (Kontroll),Comedy Crime Drama Mystery,2003.0,,control kontroll comedy crime drama mystery
31973,Germany Year Zero (Germania anno zero) (Deutschland im Jahre Null),Drama War,1948.0,,germany year zero germania anno zero deutschland im jahre null drama war
32009,Tyler Perry's Diary of a Mad Black Woman,Comedy Drama Romance,2005.0,,tyler perry s diary of a mad black woman comedy drama romance
32011,Cursed,Horror Thriller,2005.0,,cursed horror thriller
32017,"Pacifier, The",Action Comedy,2005.0,,pacifier the action comedy
32019,Be Cool,Comedy Crime Musical,2005.0,,be cool comedy crime musical
32022,Gunner Palace,Documentary War,2004.0,,gunner palace documentary war
32029,Hostage,Action Crime Drama Thriller,2005.0,,hostage action crime drama thriller
32031,Robots,Adventure Animation Children Comedy Fantasy Sci-Fi IMAX,2005.0,,robots adventure animation children comedy fantasy sci fi imax
32058,Class Action,Drama,1991.0,,class action drama
32060,"Cat and the Canary, The",Horror Mystery,1927.0,,cat and the canary the horror mystery
32116,"Oh, God! You Devil",Comedy,1984.0,,oh god you devil comedy
32139,"Agony and the Ecstasy, The",Drama,1965.0,,agony and the ecstasy the drama
32160,Twentieth Century,Comedy,1934.0,in netflix queue,twentieth century comedy in netflix queue
32179,Elevator to the Gallows (a.k.a. Frantic) (Ascenseur pour l'échafaud),Crime Drama Thriller,1958.0,,elevator to the gallows a k a frantic ascenseur pour l chafaud crime drama thriller
32213,Cube Zero,Horror Mystery Sci-Fi Thriller,2004.0,,cube zero horror mystery sci fi thriller
32234,Julia,Drama,1977.0,,julia drama
32243,Stealing Rembrandt (Rembrandt),Action Comedy Crime,2003.0,,stealing rembrandt rembrandt action comedy crime
32289,Ice Princess,Children Comedy Drama,2005.0,,ice princess children comedy drama
32291,Melinda and Melinda,Comedy Drama,2004.0,,melinda and melinda comedy drama
32294,Milk and Honey,Drama,2003.0,,milk and honey drama
32296,Miss Congeniality 2: Armed and Fabulous,Adventure Comedy Crime,2005.0,,miss congeniality 2 armed and fabulous adventure comedy crime
32298,Guess Who,Comedy Romance,2005.0,,guess who comedy romance
32300,D.E.B.S.,Action Comedy,2004.0,,d e b s action comedy
32302,"League of Ordinary Gentlemen, A",Documentary,2004.0,,league of ordinary gentlemen a documentary
32314,Incident at Loch Ness,Adventure Comedy Documentary,2004.0,,incident at loch ness adventure comedy documentary
32371,Call Northside 777,Crime Drama Film-Noir,1948.0,in netflix queue,call northside 777 crime drama film noir in netflix queue
32387,"Sword of Doom, The (Dai-bosatsu tôge)",Action Drama,1966.0,,sword of doom the dai bosatsu t ge action drama
32392,800 Bullets (800 Balas),Comedy Crime Drama Western,2002.0,,800 bullets 800 balas comedy crime drama western
32440,If Looks Could Kill,Action Comedy,1991.0,,if looks could kill action comedy
32442,Greedy,Comedy,1994.0,,greedy comedy
32456,"Pom Poko (a.k.a. Raccoon War, The) (Heisei tanuki gassen pompoko)",Animation Comedy Drama Fantasy,1994.0,,pom poko a k a raccoon war the heisei tanuki gassen pompoko animation comedy drama fantasy
32460,Knockin' on Heaven's Door,Action Comedy Crime Drama,1997.0,,knockin on heaven s door action comedy crime drama
32469,We're No Angels,Comedy Crime Drama,1955.0,,we re no angels comedy crime drama
32511,"Touch of Zen, A (Xia nu)",Action Adventure,1971.0,,touch of zen a xia nu action adventure
32515,Walker,Adventure Drama War Western,1987.0,,walker adventure drama war western
32554,Memories (Memorîzu),Animation Fantasy Sci-Fi Thriller,1995.0,,memories memor zu animation fantasy sci fi thriller
32582,"Wild Parrots of Telegraph Hill, The",Documentary,2003.0,birds parrots,wild parrots of telegraph hill the documentary birds parrots
32584,"Ballad of Jack and Rose, The",Drama,2005.0,fatherhood,ballad of jack and rose the drama fatherhood
32587,Sin City,Action Crime Film-Noir Mystery Thriller,2005.0,cult,sin city action crime film noir mystery thriller cult
32589,Beauty Shop,Comedy,2005.0,,beauty shop comedy
32596,Sahara,Action Adventure Comedy,2005.0,,sahara action adventure comedy
32598,Fever Pitch,Comedy Romance,2005.0,,fever pitch comedy romance
32600,Eros,Drama,2004.0,,eros drama
32620,Not on the Lips (Pas sur la bouche),Comedy Musical Romance,2003.0,,not on the lips pas sur la bouche comedy musical romance
32632,Electra Glide in Blue,Action Crime,1973.0,,electra glide in blue action crime
32649,"Special Day, A (Giornata particolare, Una)",Drama War,1977.0,,special day a giornata particolare una drama war
32657,"Man Who Planted Trees, The (Homme qui plantait des arbres, L')",Animation Drama,1987.0,,man who planted trees the homme qui plantait des arbres l animation drama
32659,Tanguy,Comedy,2001.0,,tanguy comedy
32666,National Lampoon's Lady Killers (National Lampoon's Gold Diggers),Comedy,2003.0,,national lampoon s lady killers national lampoon s gold diggers comedy
32728,"Little Girl Who Lives Down the Lane, The",Drama Mystery Thriller,1976.0,,little girl who lives down the lane the drama mystery thriller
32743,Ringu 0: Bâsudei,Drama Horror Thriller,2000.0,,ringu 0 b sudei drama horror thriller
32770,Brothers (Brødre),Drama,2004.0,,brothers br dre drama
32799,Maidens in Uniform (Mädchen in Uniform),Drama Romance,1931.0,,maidens in uniform m dchen in uniform drama romance
32862,With Six You Get Eggroll,Comedy Romance,1968.0,,with six you get eggroll comedy romance
32875,Holiday (Jour de fête),Comedy,1949.0,,holiday jour de f te comedy
32892,Ivan's Childhood (a.k.a. My Name is Ivan) (Ivanovo detstvo),Drama War,1962.0,,ivan s childhood a k a my name is ivan ivanovo detstvo drama war
32898,"Trip to the Moon, A (Voyage dans la lune, Le)",Action Adventure Fantasy Sci-Fi,1902.0,,trip to the moon a voyage dans la lune le action adventure fantasy sci fi
32906,"Ascent, The (Voskhozhdeniye)",Drama War,1977.0,,ascent the voskhozhdeniye drama war
32914,Carrie,Drama Horror Thriller,2002.0,,carrie drama horror thriller
32917,Boccaccio '70,Comedy Fantasy Romance,1962.0,,boccaccio 70 comedy fantasy romance
33004,"Hitchhiker's Guide to the Galaxy, The",Adventure Comedy Sci-Fi,2005.0,,hitchhiker s guide to the galaxy the adventure comedy sci fi
33085,"Amityville Horror, The",Horror Thriller,2005.0,,amityville horror the horror thriller
33090,Mutant Aliens,Animation Comedy Sci-Fi,2001.0,,mutant aliens animation comedy sci fi
33124,Before the Fall (NaPolA - Elite für den Führer),Drama War,2004.0,,before the fall napola elite f r den f hrer drama war
33126,"Frisco Kid, The",Comedy Western,1979.0,,frisco kid the comedy western
33132,State Property 2,Action Crime Drama,2005.0,,state property 2 action crime drama
33138,Palindromes,Adventure Comedy Drama,2004.0,,palindromes adventure comedy drama
33145,"Lot Like Love, A",Comedy Drama Romance,2005.0,,lot like love a comedy drama romance
33148,King's Ransom,Comedy Crime,2005.0,,king s ransom comedy crime
33154,Enron: The Smartest Guys in the Room,Documentary,2005.0,business money scandal,enron the smartest guys in the room documentary business money scandal
33158,xXx: State of the Union,Action Crime Thriller,2005.0,,xxx state of the union action crime thriller
33162,Kingdom of Heaven,Action Drama Romance War,2005.0,david thewlis eva green liam neeson orlando bloom,kingdom of heaven action drama romance war david thewlis eva green liam neeson orlando bloom
33164,House of Wax,Horror Thriller,2005.0,,house of wax horror thriller
33166,Crash,Crime Drama,2004.0,racism,crash crime drama racism
33171,Mysterious Skin,Drama Mystery,2004.0,,mysterious skin drama mystery
33188,Mischief,Comedy Romance,1985.0,,mischief comedy romance
33201,Between Your Legs (Entre las piernas),Drama Mystery Romance Thriller,1999.0,,between your legs entre las piernas drama mystery romance thriller
33237,San Francisco,Drama Musical Romance,1936.0,,san francisco drama musical romance
33294,Vampire Hunter D,Animation Fantasy Horror,1985.0,,vampire hunter d animation fantasy horror
33310,"Common Thread, A (a.k.a. Sequins) (Brodeuses)",Drama Romance,2004.0,,common thread a a k a sequins brodeuses drama romance
33312,"Cocoanuts, The",Comedy Musical,1929.0,,cocoanuts the comedy musical
33421,Dear Wendy,Drama,2005.0,,dear wendy drama
33435,Los Angeles Plays Itself,Documentary,2003.0,,los angeles plays itself documentary
33437,Unleashed (Danny the Dog),Action Crime Drama Thriller,2005.0,,unleashed danny the dog action crime drama thriller
33493,Star Wars: Episode III - Revenge of the Sith,Action Adventure Sci-Fi,2005.0,space space opera,star wars episode iii revenge of the sith action adventure sci fi space space opera
33495,Kicking & Screaming,Comedy,2005.0,,kicking screaming comedy
33499,Monster-in-Law,Comedy Romance,2005.0,,monster in law comedy romance
33558,"Snow Walker, The",Adventure Drama,2003.0,,snow walker the adventure drama
33564,Divorce - Italian Style (Divorzio all'italiana),Comedy,1961.0,,divorce italian style divorzio all italiana comedy
33615,Madagascar,Adventure Animation Children Comedy,2005.0,,madagascar adventure animation children comedy
33629,Airborne,Adventure Comedy,1993.0,,airborne adventure comedy
33639,Mad Hot Ballroom,Children Documentary,2005.0,,mad hot ballroom children documentary
33644,Dominion: Prequel to the Exorcist,Horror Thriller,2005.0,,dominion prequel to the exorcist horror thriller
33646,"Longest Yard, The",Comedy Drama,2005.0,,longest yard the comedy drama
33649,Saving Face,Comedy Drama Romance,2004.0,,saving face comedy drama romance
33660,Cinderella Man,Drama Romance,2005.0,boksdrama boxing,cinderella man drama romance boksdrama boxing
33669,"Sisterhood of the Traveling Pants, The",Adventure Comedy Drama,2005.0,,sisterhood of the traveling pants the adventure comedy drama
33672,Lords of Dogtown,Action Comedy Drama,2005.0,,lords of dogtown action comedy drama
33677,Rock School,Documentary,2005.0,,rock school documentary
33679,Mr. & Mrs. Smith,Action Adventure Comedy Romance,2005.0,,mr mrs smith action adventure comedy romance
33681,"Adventures of Sharkboy and Lavagirl 3-D, The",Action Adventure Children Fantasy,2005.0,,adventures of sharkboy and lavagirl 3 d the action adventure children fantasy
33683,High Tension (Haute tension) (Switchblade Romance),Horror Thriller,2003.0,,high tension haute tension switchblade romance horror thriller
33725,It's All Gone Pete Tong,Comedy Drama Musical,2004.0,,it s all gone pete tong comedy drama musical
33779,Eddie Izzard: Dress to Kill,Comedy,1999.0,,eddie izzard dress to kill comedy
33781,Quo Vadis,Drama Romance,1951.0,,quo vadis drama romance
33794,Batman Begins,Action Crime IMAX,2005.0,,batman begins action crime imax
33801,Godzilla: Final Wars (Gojira: Fainaru uôzu),Action Adventure Fantasy Sci-Fi,2004.0,,godzilla final wars gojira fainaru u zu action adventure fantasy sci fi
33815,"Perfect Man, The",Comedy Drama Romance,2005.0,,perfect man the comedy drama romance
33826,Saint Ralph,Comedy Drama,2004.0,,saint ralph comedy drama
33830,Herbie: Fully Loaded,Adventure Comedy Romance,2005.0,,herbie fully loaded adventure comedy romance
33834,Land of the Dead,Action Horror Thriller,2005.0,,land of the dead action horror thriller
33836,Bewitched,Comedy Fantasy Romance,2005.0,,bewitched comedy fantasy romance
33838,Rize,Documentary,2005.0,,rize documentary
33880,Me and You and Everyone We Know,Comedy Drama,2005.0,,me and you and everyone we know comedy drama
33893,"Perfect Crime, The (Crimen Ferpecto) (Ferpect Crime)",Comedy Crime Thriller,2004.0,,perfect crime the crimen ferpecto ferpect crime comedy crime thriller
33896,3 Extremes (Three... Extremes) (Saam gaang yi),Horror,2004.0,,3 extremes three extremes saam gaang yi horror
33903,"Edukators, The (Die Fetten Jahre sind vorbei)",Comedy Crime Drama Romance,2004.0,,edukators the die fetten jahre sind vorbei comedy crime drama romance
33966,Cop and ½,Comedy,1993.0,,cop and comedy
34018,At the Circus,Comedy Musical,1939.0,,at the circus comedy musical
34048,War of the Worlds,Action Adventure Sci-Fi Thriller,2005.0,,war of the worlds action adventure sci fi thriller
34072,"March of the Penguins (Marche de l'empereur, La)",Documentary,2005.0,,march of the penguins marche de l empereur la documentary
34129,Rebound,Comedy,2005.0,,rebound comedy
34143,Dark Water,Drama Horror Thriller,2005.0,,dark water drama horror thriller
34148,"Beat That My Heart Skipped, The (battre mon coeur s'est arrêté, De)",Drama,2005.0,,beat that my heart skipped the battre mon coeur s est arr t de drama
34150,Fantastic Four,Action Adventure Sci-Fi,2005.0,chris evans comic book heroine in tight suit jessica alba sexy female scientist superhero,fantastic four action adventure sci fi chris evans comic book heroine in tight suit jessica alba sexy female scientist superhero
34153,Murderball,Documentary,2005.0,,murderball documentary
34162,Wedding Crashers,Comedy Romance,2005.0,stiller,wedding crashers comedy romance stiller
34164,Happy Endings,Comedy Drama,2005.0,,happy endings comedy drama
34271,Hustle & Flow,Crime Drama,2005.0,hip hop,hustle flow crime drama hip hop
34292,Hardware,Action Horror Sci-Fi,1990.0,,hardware action horror sci fi
34312,"Calcium Kid, The",Comedy,2004.0,,calcium kid the comedy
34319,"Island, The",Action Sci-Fi Thriller,2005.0,,island the action sci fi thriller
34321,Bad News Bears,Children Comedy,2005.0,,bad news bears children comedy
34323,"Devil's Rejects, The",Action Crime Horror,2005.0,rob zombie,devil s rejects the action crime horror rob zombie
34326,Last Days,Drama,2005.0,,last days drama
34330,November,Drama Mystery,2004.0,,november drama mystery
34332,Sky High,Action Adventure Children Comedy,2005.0,,sky high action adventure children comedy
34334,Stealth,Action Adventure Sci-Fi Thriller,2005.0,,stealth action adventure sci fi thriller
34336,Must Love Dogs,Comedy Romance,2005.0,,must love dogs comedy romance
34338,"Aristocrats, The",Comedy Documentary,2005.0,,aristocrats the comedy documentary
34359,Georgy Girl,Comedy,1966.0,pregnancy,georgy girl comedy pregnancy
34397,"Order, The",Action Adventure Drama Thriller,2001.0,,order the action adventure drama thriller
34405,Serenity,Action Adventure Sci-Fi,2005.0,predictable firefly,serenity action adventure sci fi predictable firefly
34437,Broken Flowers,Comedy Drama,2005.0,in netflix queue,broken flowers comedy drama in netflix queue
34450,Miracles - Mr. Canton and Lady Rose,Action Comedy Crime Drama,1989.0,,miracles mr canton and lady rose action comedy crime drama
34482,"Browning Version, The",Drama,1951.0,in netflix queue,browning version the drama in netflix queue
34520,"Dukes of Hazzard, The",Action Adventure Comedy,2005.0,,dukes of hazzard the action adventure comedy
34523,The Chumscrubber,Comedy Drama,2005.0,,the chumscrubber comedy drama
34528,Junebug,Comedy Drama,2005.0,pregnancy,junebug comedy drama pregnancy
34530,Deuce Bigalow: European Gigolo,Comedy,2005.0,,deuce bigalow european gigolo comedy
34532,"Skeleton Key, The",Drama Horror Mystery Thriller,2005.0,,skeleton key the drama horror mystery thriller
34534,Four Brothers,Action Crime Drama,2005.0,,four brothers action crime drama
34536,The Great Raid,Action Drama War,2005.0,,the great raid action drama war
34540,Pretty Persuasion,Comedy Drama,2005.0,,pretty persuasion comedy drama
34542,Grizzly Man,Documentary,2005.0,animal movie bears,grizzly man documentary animal movie bears
34800,Private Resort,Comedy,1985.0,,private resort comedy
34811,Pusher II: With Blood on My Hands,Action Crime Drama Thriller,2004.0,,pusher ii with blood on my hands action crime drama thriller
35015,Duma,Adventure Drama,2005.0,animal movie in netflix queue,duma adventure drama animal movie in netflix queue
35347,Animal Farm,Animation Drama,1954.0,,animal farm animation drama
35807,"Teahouse of the August Moon, The",Comedy,1956.0,,teahouse of the august moon the comedy
35836,"40-Year-Old Virgin, The",Comedy Romance,2005.0,best picture classic hilarious steve carell,40 year old virgin the comedy romance best picture classic hilarious steve carell
35957,Red Eye,Horror Thriller,2005.0,,red eye horror thriller
36276,Hidden (a.k.a. Cache) (Caché),Drama Mystery Thriller,2005.0,,hidden a k a cache cach drama mystery thriller
36289,Asterix & Obelix vs. Caesar (Astérix et Obélix contre César),Adventure Children Comedy Fantasy,1999.0,,asterix obelix vs caesar ast rix et ob lix contre c sar adventure children comedy fantasy
36363,Kin-Dza-Dza!,Comedy Drama Sci-Fi,1986.0,,kin dza dza comedy drama sci fi
36397,Valiant,Adventure Animation Children Comedy Fantasy War,2005.0,,valiant adventure animation children comedy fantasy war
36401,"Brothers Grimm, The",Comedy Fantasy Horror Thriller,2005.0,,brothers grimm the comedy fantasy horror thriller
36477,"Baxter, The",Comedy Drama Romance,2005.0,,baxter the comedy drama romance
36509,"Cave, The",Action Adventure Horror Mystery Sci-Fi Thriller,2005.0,,cave the action adventure horror mystery sci fi thriller
36517,"Constant Gardener, The",Drama Thriller,2005.0,africa business politics,constant gardener the drama thriller africa business politics
36519,Transporter 2,Action Crime Thriller,2005.0,,transporter 2 action crime thriller
36525,Just Like Heaven,Comedy Fantasy Romance,2005.0,,just like heaven comedy fantasy romance
36527,Proof,Drama,2005.0,mathematics,proof drama mathematics
36529,Lord of War,Action Crime Drama Thriller War,2005.0,wapendrama,lord of war action crime drama thriller war wapendrama
36533,Cry_Wolf (a.k.a. Cry Wolf),Drama Horror Mystery Thriller,2005.0,,cry wolf a k a cry wolf drama horror mystery thriller
36535,Everything Is Illuminated,Comedy Drama,2005.0,in netflix queue,everything is illuminated comedy drama in netflix queue
36537,Thumbsucker,Comedy Drama,2005.0,,thumbsucker comedy drama
36708,Family Guy Presents Stewie Griffin: The Untold Story,Adventure Animation Comedy,2005.0,,family guy presents stewie griffin the untold story adventure animation comedy
36850,Police Story 2 (Ging chaat goo si juk jaap),Action Comedy Crime Thriller,1988.0,,police story 2 ging chaat goo si juk jaap action comedy crime thriller
36931,New Police Story (Xin jing cha gu shi),Action Crime Drama,2004.0,,new police story xin jing cha gu shi action crime drama
37211,Go West,Comedy Musical Western,1940.0,,go west comedy musical western
37240,Why We Fight,Documentary,2005.0,in netflix queue,why we fight documentary in netflix queue
37380,Doom,Action Horror Sci-Fi,2005.0,,doom action horror sci fi
37382,Domino,Crime Drama Thriller,2005.0,,domino crime drama thriller
37384,Waiting...,Comedy,2005.0,restaurant,waiting comedy restaurant
37386,Aeon Flux,Action Sci-Fi,2005.0,,aeon flux action sci fi
37444,Frankenstein 90,Comedy Horror Romance,1984.0,,frankenstein 90 comedy horror romance
37475,"Unfinished Life, An",Drama,2005.0,,unfinished life an drama
37477,"Man, The",Action Comedy Crime,2005.0,,man the action comedy crime
37495,Survive Style 5+,Fantasy Mystery Romance Thriller,2004.0,,survive style 5 fantasy mystery romance thriller
37545,Woyzeck,Drama,1979.0,,woyzeck drama
37720,"Exorcism of Emily Rose, The",Crime Drama Horror Thriller,2005.0,,exorcism of emily rose the crime drama horror thriller
37727,Flightplan,Action Drama Thriller,2005.0,,flightplan action drama thriller
37729,Corpse Bride,Animation Comedy Fantasy Musical Romance,2005.0,gothic helena bonham carter johnny depp tim burton visually appealing animation 06 oscar nominated best movie - animation,corpse bride animation comedy fantasy musical romance gothic helena bonham carter johnny depp tim burton visually appealing animation 06 oscar nominated best movie animation
37731,Green Street Hooligans (a.k.a. Hooligans),Crime Drama,2005.0,,green street hooligans a k a hooligans crime drama
37733,"History of Violence, A",Action Crime Drama Thriller,2005.0,in netflix queue,history of violence a action crime drama thriller in netflix queue
37736,Oliver Twist,Drama,2005.0,dickens,oliver twist drama dickens
37739,"Greatest Game Ever Played, The",Drama,2005.0,,greatest game ever played the drama
37741,Capote,Crime Drama,2005.0,truman capote,capote crime drama truman capote
37830,Final Fantasy VII: Advent Children,Action Adventure Animation Fantasy Sci-Fi,2004.0,,final fantasy vii advent children action adventure animation fantasy sci fi
37844,Roll Bounce,Comedy Drama Romance,2005.0,,roll bounce comedy drama romance
37853,Into the Blue,Action Adventure Crime Thriller,2005.0,,into the blue action adventure crime thriller
37857,MirrorMask,Adventure Children Drama Fantasy,2005.0,,mirrormask adventure children drama fantasy
38038,Wallace & Gromit in The Curse of the Were-Rabbit,Adventure Animation Children Comedy,2005.0,06 oscar nominated best movie - animation aardman,wallace gromit in the curse of the were rabbit adventure animation children comedy 06 oscar nominated best movie animation aardman
38061,Kiss Kiss Bang Bang,Comedy Crime Mystery Thriller,2005.0,black comedy clever fast-paced dialogue good dialogue robert downey jr. witty in netflix queue,kiss kiss bang bang comedy crime mystery thriller black comedy clever fast paced dialogue good dialogue robert downey jr witty in netflix queue
38095,"Bittersweet Life, A (Dalkomhan insaeng)",Action Crime Drama,2005.0,,bittersweet life a dalkomhan insaeng action crime drama
38159,"Short Film About Love, A (Krótki film o milosci)",Drama Romance,1988.0,,short film about love a kr tki film o milosci drama romance
38164,"All This, and Heaven Too",Drama Romance,1940.0,,all this and heaven too drama romance
38198,Darwin's Nightmare,Documentary,2004.0,,darwin s nightmare documentary
38294,Beowulf & Grendel,Action Adventure Drama Fantasy,2005.0,,beowulf grendel action adventure drama fantasy
38304,No Direction Home: Bob Dylan,Documentary,2005.0,,no direction home bob dylan documentary
38388,Goal! The Dream Begins (Goal!),Drama,2005.0,,goal the dream begins goal drama
38583,"Wraith, The",Action Horror Sci-Fi Thriller,1986.0,,wraith the action horror sci fi thriller
38798,In Her Shoes,Comedy Drama,2005.0,sisters,in her shoes comedy drama sisters
38886,"Squid and the Whale, The",Comedy Drama,2005.0,divorce,squid and the whale the comedy drama divorce
38992,Two for the Money,Drama,2005.0,,two for the money drama
39183,Brokeback Mountain,Drama Romance,2005.0,,brokeback mountain drama romance
39231,Elizabethtown,Comedy Drama Romance,2005.0,,elizabethtown comedy drama romance
39234,North Country,Drama,2005.0,courtroom drama in netflix queue,north country drama courtroom drama in netflix queue
39292,"Good Night, and Good Luck.",Crime Drama,2005.0,in netflix queue journalism mccarthy hearings morrow,good night and good luck crime drama in netflix queue journalism mccarthy hearings morrow
39307,Dreamer: Inspired by a True Story,Children Drama,2005.0,,dreamer inspired by a true story children drama
39381,"Proposition, The",Crime Drama Western,2005.0,,proposition the crime drama western
39400,"Fog, The",Action Horror Mystery Thriller,2005.0,,fog the action horror mystery thriller
39414,Shopgirl,Comedy Drama Romance,2005.0,,shopgirl comedy drama romance
39427,Stay,Thriller,2005.0,,stay thriller
39435,"Legend of Zorro, The",Action Adventure Drama Western,2005.0,,legend of zorro the action adventure drama western
39444,"Weather Man, The",Comedy Drama,2005.0,,weather man the comedy drama
39446,Saw II,Horror Thriller,2005.0,,saw ii horror thriller
39449,Prime,Comedy Drama Romance,2005.0,,prime comedy drama romance
39516,Don't Move (Non ti muovere),Drama,2004.0,,don t move non ti muovere drama
39715,American Pie Presents: Band Camp (American Pie 4: Band Camp),Comedy,2005.0,,american pie presents band camp american pie 4 band camp comedy
39801,"Great Yokai War, The (Yôkai daisensô)",Adventure Comedy Fantasy Horror,2005.0,,great yokai war the y kai daisens adventure comedy fantasy horror
39869,Manderlay,Drama,2005.0,,manderlay drama
40148,Revolver,Crime Drama Thriller,2005.0,,revolver crime drama thriller
40278,Jarhead,Action Drama War,2005.0,jake gyllenhaal modern war,jarhead action drama war jake gyllenhaal modern war
40339,Chicken Little,Action Adventure Animation Children Comedy Sci-Fi,2005.0,,chicken little action adventure animation children comedy sci fi
40412,Dead Man's Shoes,Crime Thriller,2004.0,,dead man s shoes crime thriller
40414,Joyeux Noël (Merry Christmas),Drama War,2005.0,,joyeux no l merry christmas drama war
40478,Night of the Lepus,Horror Sci-Fi Thriller,1972.0,,night of the lepus horror sci fi thriller
40491,"Match Factory Girl, The (Tulitikkutehtaan tyttö)",Comedy Drama,1990.0,depression,match factory girl the tulitikkutehtaan tytt comedy drama depression
40578,Sword of the Beast (Kedamono no ken),Action Drama,1965.0,,sword of the beast kedamono no ken action drama
40581,Just Friends,Comedy Romance,2005.0,,just friends comedy romance
40583,Syriana,Drama Thriller,2005.0,in netflix queue,syriana drama thriller in netflix queue
40597,One-Way Ticket to Mombasa (Menolippu Mombasaan),Comedy Drama,2002.0,,one way ticket to mombasa menolippu mombasaan comedy drama
40614,Derailed,Drama Thriller,2005.0,,derailed drama thriller
40617,Creep,Horror Thriller,2004.0,,creep horror thriller
40629,Pride & Prejudice,Drama Romance,2005.0,in netflix queue,pride prejudice drama romance in netflix queue
40697,Babylon 5,Sci-Fi,,,babylon 5 sci fi
40723,Wolf Creek,Crime Horror Thriller,2005.0,,wolf creek crime horror thriller
40732,"Descent, The",Adventure Drama Horror Thriller,2005.0,,descent the adventure drama horror thriller
40815,Harry Potter and the Goblet of Fire,Adventure Fantasy Thriller IMAX,2005.0,magic wizards,harry potter and the goblet of fire adventure fantasy thriller imax magic wizards
40819,Walk the Line,Drama Musical Romance,2005.0,johnny cash,walk the line drama musical romance johnny cash
40826,Rent,Drama Musical Romance,2005.0,,rent drama musical romance
40851,Zathura,Action Adventure Children Fantasy,2005.0,,zathura action adventure children fantasy
40870,C.R.A.Z.Y.,Drama,2005.0,,c r a z y drama
40946,Sarah Silverman: Jesus Is Magic,Comedy Musical,2005.0,,sarah silverman jesus is magic comedy musical
40955,Breakfast on Pluto,Comedy Drama,2005.0,transvestite,breakfast on pluto comedy drama transvestite
40959,"Ice Harvest, The",Action Comedy Crime Thriller,2005.0,,ice harvest the action comedy crime thriller
40962,"Yours, Mine and Ours",Comedy Romance,2005.0,,yours mine and ours comedy romance
40966,"Libertine, The",Drama,2004.0,,libertine the drama
41014,"Bird with the Crystal Plumage, The (Uccello dalle piume di cristallo, L')",Crime Horror Mystery Thriller,1970.0,,bird with the crystal plumage the uccello dalle piume di cristallo l crime horror mystery thriller
41285,Match Point,Crime Drama Romance,2005.0,,match point crime drama romance
41527,Paradise Now,Crime Drama Thriller War,2005.0,,paradise now crime drama thriller war
41566,"Chronicles of Narnia: The Lion, the Witch and the Wardrobe, The",Adventure Children Fantasy,2005.0,c.s. lewis,chronicles of narnia the lion the witch and the wardrobe the adventure children fantasy c s lewis
41569,King Kong,Action Adventure Drama Fantasy Thriller,2005.0,big budget,king kong action adventure drama fantasy thriller big budget
41571,Memoirs of a Geisha,Drama Romance,2005.0,,memoirs of a geisha drama romance
41573,"Family Stone, The",Comedy Drama Romance,2005.0,,family stone the comedy drama romance
41617,Havoc,Crime Drama Romance,2005.0,,havoc crime drama romance
41627,Samurai Rebellion (Jôi-uchi: Hairyô tsuma shimatsu),Action Drama,1967.0,,samurai rebellion j i uchi hairy tsuma shimatsu action drama
41712,"Room for Romeo Brass, A",Comedy Drama,1999.0,,room for romeo brass a comedy drama
41716,"Matador, The",Comedy Drama Thriller,2005.0,,matador the comedy drama thriller
41724,Wal-Mart: The High Cost of Low Price,Documentary,2005.0,,wal mart the high cost of low price documentary
41769,Mozart and the Whale,Comedy Drama Romance,2005.0,,mozart and the whale comedy drama romance
41828,Don't Look Now: We're Being Shot At (La grande vadrouille),Comedy War,1966.0,,don t look now we re being shot at la grande vadrouille comedy war
41863,"Three Burials of Melquiades Estrada, The",Adventure Crime Drama,2006.0,,three burials of melquiades estrada the adventure crime drama
41997,Munich,Action Crime Drama Thriller,2005.0,in netflix queue,munich action crime drama thriller in netflix queue
42002,"Producers, The",Comedy Musical,2005.0,in netflix queue,producers the comedy musical in netflix queue
42004,Transamerica,Adventure Comedy Drama,2005.0,,transamerica adventure comedy drama
42007,Rumor Has It...,Comedy Drama Romance,2005.0,,rumor has it comedy drama romance
42009,Cheaper by the Dozen 2,Adventure Comedy,2005.0,,cheaper by the dozen 2 adventure comedy
42011,Fun with Dick and Jane,Comedy Crime,2005.0,,fun with dick and jane comedy crime
42013,"Ringer, The",Comedy,2005.0,,ringer the comedy
42015,Casanova,Action Adventure Comedy Drama Romance,2005.0,,casanova action adventure comedy drama romance
42018,Mrs. Henderson Presents,Comedy Drama,2005.0,,mrs henderson presents comedy drama
42176,"Ear, The (Ucho)",Drama Thriller,1970.0,,ear the ucho drama thriller
42191,Luxo Jr.,Animation Children,1986.0,,luxo jr animation children
42285,"Dentist, The",Horror Thriller,1996.0,,dentist the horror thriller
42418,"New World, The",Adventure Drama Romance,2005.0,,new world the adventure drama romance
42422,Voices of a Distant Star (Hoshi no koe),Animation Drama Romance Sci-Fi,2003.0,love,voices of a distant star hoshi no koe animation drama romance sci fi love
42556,7 Faces of Dr. Lao,Fantasy Mystery Western,1964.0,,7 faces of dr lao fantasy mystery western
42559,Samurai Assassin (Samurai),Action Adventure Drama,1965.0,,samurai assassin samurai action adventure drama
42602,"Boys of Baraka, The",Documentary,2005.0,,boys of baraka the documentary
42632,Lady Vengeance (Sympathy for Lady Vengeance) (Chinjeolhan geumjassi),Crime Drama Mystery Thriller,2005.0,brutality,lady vengeance sympathy for lady vengeance chinjeolhan geumjassi crime drama mystery thriller brutality
42638,Grand Theft Parsons,Comedy Drama,2003.0,,grand theft parsons comedy drama
42718,District 13 (Banlieue 13),Action Crime Sci-Fi,2004.0,,district 13 banlieue 13 action crime sci fi
42723,Hostel,Horror,2005.0,,hostel horror
42725,Grandma's Boy,Comedy,2006.0,,grandma s boy comedy
42728,Tristan & Isolde,Drama Romance,2006.0,,tristan isolde drama romance
42730,Glory Road,Drama,2006.0,,glory road drama
42732,Last Holiday,Comedy,2006.0,,last holiday comedy
42734,Hoodwinked!,Animation Children Comedy,2005.0,,hoodwinked animation children comedy
42738,Underworld: Evolution,Action Fantasy Horror,2006.0,,underworld evolution action fantasy horror
42740,Looking for Comedy in the Muslim World,Comedy,2005.0,in netflix queue,looking for comedy in the muslim world comedy in netflix queue
42761,Casper Meets Wendy,Adventure Children Comedy Fantasy,1998.0,,casper meets wendy adventure children comedy fantasy
42943,Revolution,Adventure Drama War,1985.0,,revolution adventure drama war
42946,Project A ('A' gai waak),Action Comedy,1983.0,,project a a gai waak action comedy
43289,"Bird People in China, The (Chûgoku no chôjin)",Adventure Comedy Drama Fantasy,1998.0,,bird people in china the ch goku no ch jin adventure comedy drama fantasy
43333,Water,Drama Romance,2005.0,,water drama romance
43376,Sophie Scholl: The Final Days (Sophie Scholl - Die letzten Tage),Drama War,2005.0,,sophie scholl the final days sophie scholl die letzten tage drama war
43396,"World's Fastest Indian, The",Drama,2005.0,,world s fastest indian the drama
43419,Bandidas,Action Comedy Crime Western,2006.0,,bandidas action comedy crime western
43460,Tristram Shandy: A Cock and Bull Story,Comedy Drama,2005.0,,tristram shandy a cock and bull story comedy drama
43549,Helter Skelter,Action Crime Drama Horror,2004.0,,helter skelter action crime drama horror
43556,Annapolis,Drama,2006.0,,annapolis drama
43558,Big Momma's House 2,Action Comedy Crime,2006.0,,big momma s house 2 action comedy crime
43560,Nanny McPhee,Children Comedy Fantasy,2005.0,,nanny mcphee children comedy fantasy
43677,"Tuskegee Airmen, The",Drama War,1995.0,,tuskegee airmen the drama war
43679,Final Destination 3,Horror Mystery Thriller,2006.0,,final destination 3 horror mystery thriller
43684,Something New,Comedy Drama Romance,2006.0,,something new comedy drama romance
43708,Block Party (a.k.a. Dave Chappelle's Block Party),Comedy Documentary,2005.0,,block party a k a dave chappelle s block party comedy documentary
43744,Imagine Me & You,Comedy Drama Romance,2005.0,,imagine me you comedy drama romance
43836,"Pink Panther, The",Adventure Comedy Crime,2006.0,,pink panther the adventure comedy crime
43869,Curious George,Adventure Animation Children Comedy,2006.0,,curious george adventure animation children comedy
43871,Firewall,Crime Drama Thriller,2006.0,,firewall crime drama thriller
43904,When a Stranger Calls,Horror Thriller,2006.0,,when a stranger calls horror thriller
43908,London,Drama,2005.0,,london drama
43912,Freedomland,Crime Drama,2006.0,,freedomland crime drama
43914,Winter Passing,Drama,2005.0,,winter passing drama
43917,Eight Below,Action Adventure Drama Romance,2006.0,,eight below action adventure drama romance
43919,Date Movie,Comedy Romance,2006.0,,date movie comedy romance
43921,Running Scared,Action Crime Thriller,2006.0,,running scared action crime thriller
43928,Ultraviolet,Action Fantasy Sci-Fi Thriller,2006.0,,ultraviolet action fantasy sci fi thriller
43930,Just My Luck,Comedy Romance,2006.0,,just my luck comedy romance
43932,Pulse,Action Drama Fantasy Horror Mystery Sci-Fi Thriller,2006.0,,pulse action drama fantasy horror mystery sci fi thriller
43936,16 Blocks,Crime Thriller,2006.0,,16 blocks crime thriller
44004,Failure to Launch,Comedy Romance,2006.0,,failure to launch comedy romance
44020,Ultimate Avengers,Action Animation Children Sci-Fi,2006.0,,ultimate avengers action animation children sci fi
44022,Ice Age 2: The Meltdown,Adventure Animation Children Comedy,2006.0,,ice age 2 the meltdown adventure animation children comedy
44189,Ask the Dust,Drama Romance,2006.0,,ask the dust drama romance
44191,V for Vendetta,Action Sci-Fi Thriller IMAX,2006.0,,v for vendetta action sci fi thriller imax
44193,She's the Man,Comedy Romance,2006.0,,she s the man comedy romance
44195,Thank You for Smoking,Comedy Drama,2006.0,,thank you for smoking comedy drama
44197,Find Me Guilty,Comedy Crime Drama,2006.0,,find me guilty comedy crime drama
44199,Inside Man,Crime Drama Thriller,2006.0,,inside man crime drama thriller
44204,Tsotsi,Crime Drama,2005.0,,tsotsi crime drama
44225,Aquamarine,Children Comedy Fantasy,2006.0,,aquamarine children comedy fantasy
44238,Leprechaun 2,Comedy Fantasy Horror,1994.0,,leprechaun 2 comedy fantasy horror
44241,Leprechaun 3,Comedy Fantasy Horror,1995.0,,leprechaun 3 comedy fantasy horror
44243,Leprechaun 4: In Space,Comedy Fantasy Horror Sci-Fi,1997.0,,leprechaun 4 in space comedy fantasy horror sci fi
44301,Lights in the Dusk (Laitakaupungin valot),Crime Drama,2006.0,,lights in the dusk laitakaupungin valot crime drama
44397,"Hills Have Eyes, The",Drama Horror Thriller,2006.0,,hills have eyes the drama horror thriller
44399,"Shaggy Dog, The",Adventure Children Comedy Fantasy,2006.0,,shaggy dog the adventure children comedy fantasy
44511,Unknown White Male,Documentary,2005.0,,unknown white male documentary
44555,"Lives of Others, The (Das leben der Anderen)",Drama Romance Thriller,2006.0,,lives of others the das leben der anderen drama romance thriller
44597,Youth of the Beast (Yaju no seishun),Action Crime Mystery,1963.0,,youth of the beast yaju no seishun action crime mystery
44613,Take the Lead,Drama,2006.0,,take the lead drama
44633,"Devil and Daniel Johnston, The",Documentary,2005.0,,devil and daniel johnston the documentary
44657,Mouchette,Drama,1967.0,,mouchette drama
44665,Lucky Number Slevin,Crime Drama Mystery,2006.0,twist ending,lucky number slevin crime drama mystery twist ending
44694,Volver,Comedy Drama,2006.0,,volver comedy drama
44709,Akeelah and the Bee,Drama,2006.0,,akeelah and the bee drama
44719,Brainstorm,Drama,2001.0,,brainstorm drama
44731,Stay Alive,Horror Sci-Fi Thriller,2006.0,,stay alive horror sci fi thriller
44759,Basic Instinct 2,Crime Drama Mystery Thriller,2006.0,,basic instinct 2 crime drama mystery thriller
44761,Brick,Crime Drama Film-Noir Mystery,2005.0,,brick crime drama film noir mystery
44773,"Dead Hate the Living!, The",Comedy Horror,2000.0,,dead hate the living the comedy horror
44777,Evil Aliens,Comedy Horror Sci-Fi,2005.0,,evil aliens comedy horror sci fi
44788,This Film Is Not Yet Rated,Documentary,2006.0,,this film is not yet rated documentary
44828,Slither,Comedy Horror Sci-Fi,2006.0,,slither comedy horror sci fi
44840,"Benchwarmers, The",Comedy,2006.0,,benchwarmers the comedy
44849,Renaissance,Action Animation Film-Noir Sci-Fi Thriller,2006.0,,renaissance action animation film noir sci fi thriller
44851,Go for Zucker! (Alles auf Zucker!),Comedy,2004.0,,go for zucker alles auf zucker comedy
44864,Friends with Money,Comedy Drama Romance,2006.0,,friends with money comedy drama romance
44889,Reefer Madness: The Movie Musical,Comedy Drama Musical,2005.0,satire,reefer madness the movie musical comedy drama musical satire
44929,Candy,Drama Romance,2006.0,,candy drama romance
44931,Secrets of a Soul (Geheimnisse einer Seele),Drama,1926.0,,secrets of a soul geheimnisse einer seele drama
44937,"Child, The (L'enfant)",Crime Drama,2005.0,,child the l enfant crime drama
44943,9/11,Documentary,2002.0,,9 11 documentary
44972,Scary Movie 4,Comedy Horror,2006.0,,scary movie 4 comedy horror
44974,Hard Candy,Drama Thriller,2005.0,,hard candy drama thriller
45028,"Prairie Home Companion, A",Comedy Drama Musical,2006.0,,prairie home companion a comedy drama musical
45062,"Sentinel, The",Crime Drama Thriller,2006.0,,sentinel the crime drama thriller
45074,"Wild, The",Adventure Animation Children Comedy Fantasy,2006.0,,wild the adventure animation children comedy fantasy
45081,Silent Hill,Fantasy Horror Thriller,2006.0,,silent hill fantasy horror thriller
45106,American Dreamz,Comedy Drama,2006.0,,american dreamz comedy drama
45175,Kinky Boots,Comedy Drama,2005.0,,kinky boots comedy drama
45183,"Protector, The (a.k.a. Warrior King) (Tom yum goong)",Action Comedy Crime Thriller,2005.0,,protector the a k a warrior king tom yum goong action comedy crime thriller
45186,Mission: Impossible III,Action Adventure Thriller,2006.0,,mission impossible iii action adventure thriller
45208,RV,Adventure Children Comedy,2006.0,,rv adventure children comedy
45210,United 93,Crime Drama,2006.0,,united 93 crime drama
45221,Stick It,Comedy,2006.0,,stick it comedy
45361,"American Haunting, An",Drama Horror Mystery Thriller,2005.0,,american haunting an drama horror mystery thriller
45382,Down in the Valley,Drama Romance,2005.0,,down in the valley drama romance
45431,Over the Hedge,Adventure Animation Children Comedy,2006.0,,over the hedge adventure animation children comedy
45440,Art School Confidential,Comedy Drama,2006.0,,art school confidential comedy drama
45442,Poseidon,Action Adventure Thriller IMAX,2006.0,,poseidon action adventure thriller imax
45447,"Da Vinci Code, The",Drama Mystery Thriller,2006.0,adventure audrey tautou conspiracy theory mystery paris tom hanks treasure hunt,da vinci code the drama mystery thriller adventure audrey tautou conspiracy theory mystery paris tom hanks treasure hunt
45499,X-Men: The Last Stand,Action Sci-Fi Thriller,2006.0,halle berry hugh jackman,x men the last stand action sci fi thriller halle berry hugh jackman
45501,"Break-Up, The",Comedy Drama Romance,2006.0,,break up the comedy drama romance
45503,Peaceful Warrior,Drama,2006.0,,peaceful warrior drama
45517,Cars,Animation Children Comedy,2006.0,,cars animation children comedy
45635,"Notorious Bettie Page, The",Drama,2005.0,,notorious bettie page the drama
45648,Game 6,Comedy Drama,2005.0,,game 6 comedy drama
45658,On a Clear Day,Drama,2005.0,,on a clear day drama
45662,"Omen, The",Horror Thriller,2006.0,,omen the horror thriller
45666,Nacho Libre,Comedy,2006.0,,nacho libre comedy
45668,"Lake House, The",Drama Fantasy Romance,2006.0,,lake house the drama fantasy romance
45672,Click,Adventure Comedy Drama Fantasy Romance,2006.0,,click adventure comedy drama fantasy romance
45720,"Devil Wears Prada, The",Comedy Drama,2006.0,,devil wears prada the comedy drama
45722,Pirates of the Caribbean: Dead Man's Chest,Action Adventure Fantasy,2006.0,,pirates of the caribbean dead man s chest action adventure fantasy
45726,"You, Me and Dupree",Comedy,2006.0,,you me and dupree comedy
45728,Clerks II,Comedy,2006.0,,clerks ii comedy
45730,Lady in the Water,Drama Fantasy Mystery,2006.0,bad disappointing faerie tale fairy tale far fetched m. night shyamalan paul giamatti,lady in the water drama fantasy mystery bad disappointing faerie tale fairy tale far fetched m night shyamalan paul giamatti
45732,My Super Ex-Girlfriend,Comedy Fantasy Romance,2006.0,,my super ex girlfriend comedy fantasy romance
45880,Marie Antoinette,Drama Romance,2006.0,cinematography lyrical,marie antoinette drama romance cinematography lyrical
45928,Who Killed the Electric Car?,Documentary,2006.0,,who killed the electric car documentary
45950,"Inconvenient Truth, An",Documentary,2006.0,,inconvenient truth an documentary
45969,Career Opportunities,Comedy Romance,1991.0,,career opportunities comedy romance
46062,High School Musical,Children Comedy Drama Musical Romance,2006.0,,high school musical children comedy drama musical romance
46105,I Am a Sex Addict,Comedy Documentary Romance,2005.0,,i am a sex addict comedy documentary romance
46231,Stoned,Drama,2005.0,,stoned drama
46322,Jet Li's Fearless (Huo Yuan Jia),Action Drama,2006.0,,jet li s fearless huo yuan jia action drama
46335,"Fast and the Furious: Tokyo Drift, The (Fast and the Furious 3, The)",Action Crime Drama Thriller,2006.0,,fast and the furious tokyo drift the fast and the furious 3 the action crime drama thriller
46337,Garfield: A Tail of Two Kitties,Animation Children Comedy,2006.0,,garfield a tail of two kitties animation children comedy
46347,Metal: A Headbanger's Journey,Documentary,2005.0,,metal a headbanger s journey documentary
46367,"Public Eye, The",Crime Thriller,1992.0,,public eye the crime thriller
46530,Superman Returns,Action Adventure Sci-Fi IMAX,2006.0,,superman returns action adventure sci fi imax
46559,"Road to Guantanamo, The",Drama War,2006.0,,road to guantanamo the drama war
46572,Edmond,Drama Thriller,2005.0,,edmond drama thriller
46574,"OH in Ohio, The",Comedy,2006.0,,oh in ohio the comedy
46578,Little Miss Sunshine,Adventure Comedy Drama,2006.0,,little miss sunshine adventure comedy drama
46664,"Fallen Idol, The",Drama Mystery Thriller,1948.0,,fallen idol the drama mystery thriller
46723,Babel,Drama Thriller,2006.0,brad pitt cate blanchett multiple storylines social commentary,babel drama thriller brad pitt cate blanchett multiple storylines social commentary
46772,Strangers with Candy,Comedy,2005.0,,strangers with candy comedy
46850,Wordplay,Documentary,2006.0,,wordplay documentary
46855,Army of Shadows (L'armée des ombres),Action Drama Thriller War,1969.0,,army of shadows l arm e des ombres action drama thriller war
46862,Orchestra Rehearsal (Prova d'orchestra),Drama,1978.0,,orchestra rehearsal prova d orchestra drama
46865,Little Man,Comedy,2006.0,,little man comedy
46948,Monster House,Animation Children Fantasy Mystery,2006.0,,monster house animation children fantasy mystery
46965,Snakes on a Plane,Action Comedy Horror Thriller,2006.0,,snakes on a plane action comedy horror thriller
46967,Scoop,Comedy Fantasy Mystery,2006.0,,scoop comedy fantasy mystery
46970,Talladega Nights: The Ballad of Ricky Bobby,Action Comedy,2006.0,,talladega nights the ballad of ricky bobby action comedy
46972,Night at the Museum,Action Comedy Fantasy IMAX,2006.0,ben stiller robin williams,night at the museum action comedy fantasy imax ben stiller robin williams
46974,World Trade Center,Drama,2006.0,,world trade center drama
46976,Stranger than Fiction,Comedy Drama Fantasy Romance,2006.0,emma thompson maggie gyllenhaal modern fantasy romance surreal will ferrell,stranger than fiction comedy drama fantasy romance emma thompson maggie gyllenhaal modern fantasy romance surreal will ferrell
47044,Miami Vice,Action Crime Drama Thriller,2006.0,,miami vice action crime drama thriller
47099,"Pursuit of Happyness, The",Drama,2006.0,,pursuit of happyness the drama
47122,John Tucker Must Die,Comedy Romance,2006.0,,john tucker must die comedy romance
47124,"Ant Bully, The",Adventure Animation Children Comedy Fantasy IMAX,2006.0,,ant bully the adventure animation children comedy fantasy imax
47200,Crank,Action Thriller,2006.0,,crank action thriller
47202,"Secret Life of Words, The",Drama Romance,2005.0,,secret life of words the drama romance
47254,Chaos,Action Crime Drama Thriller,2005.0,,chaos action crime drama thriller
47261,"Night Listener, The",Fantasy Mystery Thriller,2006.0,,night listener the fantasy mystery thriller
47382,Step Up,Drama Romance,2006.0,,step up drama romance
47384,Zoom,Adventure Comedy Drama Fantasy,2006.0,,zoom adventure comedy drama fantasy
47404,Mind Game,Adventure Animation Comedy Fantasy Romance Sci-Fi,2004.0,,mind game adventure animation comedy fantasy romance sci fi
47423,Half Nelson,Drama,2006.0,,half nelson drama
47446,"Moustache, La",Drama Mystery Thriller,2005.0,,moustache la drama mystery thriller
47465,Tideland,Drama Fantasy Thriller,2005.0,,tideland drama fantasy thriller
47491,Adam's Apples (Adams æbler),Comedy Drama,2005.0,,adam s apples adams bler comedy drama
47516,Material Girls,Children Comedy Drama,2006.0,,material girls children comedy drama
47518,Accepted,Comedy,2006.0,,accepted comedy
47538,Crime Busters,Action Adventure Comedy Crime,1977.0,,crime busters action adventure comedy crime
47566,Born to Kill,Crime Drama Film-Noir,1947.0,,born to kill crime drama film noir
47610,"Illusionist, The",Drama Fantasy Mystery Romance,2006.0,costume drama edward norton magic paul giamatti,illusionist the drama fantasy mystery romance costume drama edward norton magic paul giamatti
47629,The Queen,Drama,2006.0,,the queen drama
47640,Beerfest,Comedy,2006.0,,beerfest comedy
47644,Invincible,Drama,2006.0,,invincible drama
47646,Idlewild,Crime Drama Musical,2006.0,,idlewild crime drama musical
47721,"Red Balloon, The (Ballon rouge, Le)",Children Fantasy,1956.0,,red balloon the ballon rouge le children fantasy
47725,Angel-A,Comedy Drama Fantasy Romance,2005.0,,angel a comedy drama fantasy romance
47736,"Chump at Oxford, A",Comedy,1940.0,,chump at oxford a comedy
47774,"Icicle Thief, The (Ladri di saponette)",Comedy Fantasy,1989.0,,icicle thief the ladri di saponette comedy fantasy
47793,"Puffy Chair, The",Drama Romance,2006.0,,puffy chair the drama romance
47810,"Wicker Man, The",Horror Mystery Thriller,2006.0,,wicker man the horror mystery thriller
47894,"Wind That Shakes the Barley, The",Drama War,2006.0,,wind that shakes the barley the drama war
47937,Severance,Comedy Horror Thriller,2006.0,,severance comedy horror thriller
47950,Hollywoodland,Crime Drama Mystery Thriller,2006.0,,hollywoodland crime drama mystery thriller
47952,"Covenant, The",Action Horror Thriller,2006.0,,covenant the action horror thriller
47970,"Last Kiss, The",Comedy Drama,2006.0,,last kiss the comedy drama
47978,SherryBaby,Drama,2006.0,,sherrybaby drama
47997,Idiocracy,Adventure Comedy Sci-Fi Thriller,2006.0,,idiocracy adventure comedy sci fi thriller
47999,Jesus Camp,Documentary Drama,2006.0,,jesus camp documentary drama
48001,"Bow, The (Hwal)",Drama Romance,2005.0,,bow the hwal drama romance
48032,"Tiger and the Snow, The (La tigre e la neve)",Comedy Drama Romance War,2005.0,,tiger and the snow the la tigre e la neve comedy drama romance war
48043,"Fountain, The",Drama Fantasy Romance,2006.0,,fountain the drama fantasy romance
48045,Fear City: A Family-Style Comedy (La cité de la peur),Comedy,1994.0,,fear city a family style comedy la cit de la peur comedy
48082,"Science of Sleep, The (La science des rêves)",Comedy Drama Fantasy Romance,2006.0,,science of sleep the la science des r ves comedy drama fantasy romance
48142,"Black Dahlia, The",Crime Drama Mystery Thriller,2006.0,,black dahlia the crime drama mystery thriller
48150,"Woods, The",Horror,2006.0,,woods the horror
48161,Gridiron Gang,Drama,2006.0,,gridiron gang drama
48214,Land of Plenty (Angst and Alienation in America),Drama,2004.0,,land of plenty angst and alienation in america drama
48262,"Bridge, The",Documentary,2006.0,,bridge the documentary
48304,Apocalypto,Adventure Drama Thriller,2006.0,,apocalypto adventure drama thriller
48319,Flyboys,Action Adventure Drama War,2006.0,,flyboys action adventure drama war
48322,Jackass Number Two,Comedy Documentary,2006.0,,jackass number two comedy documentary
48326,All the King's Men,Drama,2006.0,,all the king s men drama
48342,Conversations with Other Women,Comedy Drama Romance,2005.0,,conversations with other women comedy drama romance
48385,Borat: Cultural Learnings of America for Make Benefit Glorious Nation of Kazakhstan,Comedy,2006.0,,borat cultural learnings of america for make benefit glorious nation of kazakhstan comedy
48394,"Pan's Labyrinth (Laberinto del fauno, El)",Drama Fantasy Thriller,2006.0,atmospheric bittersweet visually appealing,pan s labyrinth laberinto del fauno el drama fantasy thriller atmospheric bittersweet visually appealing
48412,"Guardian, The",Action Adventure Drama,2006.0,,guardian the action adventure drama
48414,Open Season,Adventure Animation Children Comedy IMAX,2006.0,,open season adventure animation children comedy imax
48416,School for Scoundrels,Comedy Crime,2006.0,,school for scoundrels comedy crime
48516,"Departed, The",Crime Drama Thriller,2006.0,way too long leonardo dicaprio suspense twist ending undercover cop atmospheric jack nicholson leonardo dicaprio martin scorsese suspense,departed the crime drama thriller way too long leonardo dicaprio suspense twist ending undercover cop atmospheric jack nicholson leonardo dicaprio martin scorsese suspense
48518,"Texas Chainsaw Massacre: The Beginning, The",Horror Thriller,2006.0,,texas chainsaw massacre the beginning the horror thriller
48520,Employee of the Month,Comedy,2006.0,,employee of the month comedy
48560,Running With Scissors,Comedy Drama,2006.0,,running with scissors comedy drama
48593,Man of the Year,Comedy Thriller,2006.0,,man of the year comedy thriller
48596,"Marine, The",Action Drama Thriller,2006.0,,marine the action drama thriller
48598,Infamous,Drama,2006.0,,infamous drama
48638,Fellini's Casanova (Il Casanova di Federico Fellini),Drama Romance,1976.0,,fellini s casanova il casanova di federico fellini drama romance
48649,Chapayev,Drama War,1934.0,,chapayev drama war
48678,Feast,Action Comedy Horror Thriller,2005.0,,feast action comedy horror thriller
48696,Little Children,Drama Romance,2006.0,,little children drama romance
48698,Deliver Us from Evil,Documentary,2006.0,the catholic church is the most corrupt organization in history,deliver us from evil documentary the catholic church is the most corrupt organization in history
48738,"Last King of Scotland, The",Drama Thriller,2006.0,,last king of scotland the drama thriller
48741,"U.S. vs. John Lennon, The",Documentary,2006.0,,u s vs john lennon the documentary
48744,Shortbus,Comedy Drama Romance,2006.0,,shortbus comedy drama romance
48774,Children of Men,Action Adventure Drama Sci-Fi Thriller,2006.0,,children of men action adventure drama sci fi thriller
48780,"Prestige, The",Drama Mystery Sci-Fi Thriller,2006.0,ummarti2006 atmospheric enigmatic,prestige the drama mystery sci fi thriller ummarti2006 atmospheric enigmatic
48783,Flags of Our Fathers,Drama War,2006.0,,flags of our fathers drama war
48872,13 Tzameti,Film-Noir Thriller,2005.0,,13 tzameti film noir thriller
48877,Saw III,Crime Horror Thriller,2006.0,,saw iii crime horror thriller
48879,Catch a Fire,Drama Thriller,2006.0,,catch a fire drama thriller
48883,Death of a President,Crime Drama Mystery Thriller,2006.0,,death of a president crime drama mystery thriller
48982,Flushed Away,Animation Comedy,2006.0,,flushed away animation comedy
48997,Perfume: The Story of a Murderer,Crime Drama Thriller,2006.0,,perfume the story of a murderer crime drama thriller
49013,"Santa Clause 3: The Escape Clause, The",Comedy Fantasy,2006.0,,santa clause 3 the escape clause the comedy fantasy
49110,Mom and Dad Save the World,Comedy Sci-Fi,1992.0,,mom and dad save the world comedy sci fi
49130,"Good Year, A",Comedy Drama Romance,2006.0,marion cotillard,good year a comedy drama romance marion cotillard
49132,Shut Up & Sing,Documentary,2006.0,,shut up sing documentary
49220,For Your Consideration,Comedy,2006.0,,for your consideration comedy
49263,Fuck,Comedy Documentary,2005.0,,fuck comedy documentary
49265,Shooting Dogs (a.k.a. Beyond the Gates),Documentary Drama War,2005.0,,shooting dogs a k a beyond the gates documentary drama war
49272,Casino Royale,Action Adventure Thriller,2006.0,,casino royale action adventure thriller
49274,Happy Feet,Adventure Animation Children Comedy IMAX,2006.0,,happy feet adventure animation children comedy imax
49276,Let's Go to Prison,Comedy,2006.0,,let s go to prison comedy
49278,Déjà Vu (Deja Vu),Action Sci-Fi Thriller,2006.0,,d j vu deja vu action sci fi thriller
49280,Bobby,Drama,2006.0,,bobby drama
49284,10 Items or Less,Comedy Drama Romance,2006.0,,10 items or less comedy drama romance
49286,"Holiday, The",Comedy Romance,2006.0,,holiday the comedy romance
49314,Harsh Times,Action Crime Drama,2006.0,,harsh times action crime drama
49347,Fast Food Nation,Drama,2006.0,,fast food nation drama
49389,The Great Train Robbery,Crime Western,1903.0,,the great train robbery crime western
49396,Tenacious D in The Pick of Destiny,Adventure Comedy Musical,2006.0,,tenacious d in the pick of destiny adventure comedy musical
49524,"Nativity Story, The",Drama,2006.0,,nativity story the drama
49530,Blood Diamond,Action Adventure Crime Drama Thriller War,2006.0,africa corruption jennifer connelly justice leonardo dicaprio,blood diamond action adventure crime drama thriller war africa corruption jennifer connelly justice leonardo dicaprio
49647,Charlotte's Web,Children Comedy Drama Fantasy,2006.0,,charlotte s web children comedy drama fantasy
49649,Eragon,Action Adventure Fantasy,2006.0,,eragon action adventure fantasy
49651,Rocky Balboa,Action Drama,2006.0,,rocky balboa action drama
49666,Fur: An Imaginary Portrait of Diane Arbus,Drama Fantasy Romance,2006.0,,fur an imaginary portrait of diane arbus drama fantasy romance
49688,"Dam Busters, The",Action Drama War,1955.0,,dam busters the action drama war
49735,Another Gay Movie,Comedy,2006.0,,another gay movie comedy
49772,"Painted Veil, The",Drama Romance,2006.0,,painted veil the drama romance
49793,We Are Marshall,Drama,2006.0,,we are marshall drama
49822,"Good Shepherd, The",Drama Thriller,2006.0,,good shepherd the drama thriller
49824,Dreamgirls,Drama Musical,2006.0,,dreamgirls drama musical
49910,Freedom Writers,Drama,2007.0,,freedom writers drama
49917,When the Levees Broke: A Requiem in Four Acts,Documentary,2006.0,,when the levees broke a requiem in four acts documentary
49932,Inland Empire,Drama Mystery Thriller,2006.0,,inland empire drama mystery thriller
49957,"History Boys, The",Comedy Drama,2006.0,,history boys the comedy drama
49961,Notes on a Scandal,Drama,2006.0,,notes on a scandal drama
50003,DOA: Dead or Alive,Action Adventure,2006.0,,doa dead or alive action adventure
50005,Curse of the Golden Flower (Man cheng jin dai huang jin jia),Action Drama,2006.0,,curse of the golden flower man cheng jin dai huang jin jia action drama
50064,"Good German, The",Drama Mystery Thriller,2006.0,,good german the drama mystery thriller
50068,Letters from Iwo Jima,Drama War,2006.0,,letters from iwo jima drama war
50147,Black Christmas,Action Horror Thriller,2006.0,,black christmas action horror thriller
50158,Stomp the Yard,Drama Musical,2007.0,,stomp the yard drama musical
50160,Miss Potter,Drama,2006.0,,miss potter drama
50189,American Pie Presents The Naked Mile (American Pie 5: The Naked Mile),Comedy Romance,2006.0,,american pie presents the naked mile american pie 5 the naked mile comedy romance
50274,Venus,Drama Romance,2006.0,,venus drama romance
50354,The Return of Don Camillo,Comedy,1953.0,,the return of don camillo comedy
50356,The Little World of Don Camillo,Comedy,1952.0,,the little world of don camillo comedy
50440,Primeval,Horror Thriller,2007.0,,primeval horror thriller
50442,Alpha Dog,Crime Drama,2007.0,,alpha dog crime drama
50445,"Hitcher, The",Action Horror Thriller,2007.0,,hitcher the action horror thriller
50514,After the Wedding (Efter brylluppet),Drama,2006.0,,after the wedding efter brylluppet drama
50601,Bridge to Terabithia,Adventure Children Fantasy,2007.0,,bridge to terabithia adventure children fantasy
50610,Beer League,Comedy,2006.0,,beer league comedy
50613,Dead Meat,Horror,2004.0,,dead meat horror
50658,49 Up,Documentary,2005.0,,49 up documentary
50685,Waitress,Comedy Drama Romance,2007.0,,waitress comedy drama romance
50740,Seven Up!,Documentary,1964.0,,seven up documentary
50792,Catch and Release,Comedy Drama Romance,2006.0,,catch and release comedy drama romance
50794,Smokin' Aces,Action Crime Drama Thriller,2006.0,,smokin aces action crime drama thriller
50796,Blood and Chocolate,Drama Fantasy Horror Romance,2007.0,,blood and chocolate drama fantasy horror romance
50798,Epic Movie,Adventure Comedy,2007.0,,epic movie adventure comedy
50800,"Messengers, The",Drama Horror Thriller,2007.0,,messengers the drama horror thriller
50802,Because I Said So,Comedy Drama Romance,2007.0,,because i said so comedy drama romance
50804,Hannibal Rising,Drama Horror Thriller,2007.0,,hannibal rising drama horror thriller
50806,Norbit,Comedy Romance,2007.0,,norbit comedy romance
50842,"Boss of It All, The (Direktøren for det hele)",Comedy Drama,2006.0,,boss of it all the direkt ren for det hele comedy drama
50851,Cocaine Cowboys,Documentary,2006.0,,cocaine cowboys documentary
50872,Ratatouille,Animation Children Drama,2007.0,a clever chef rat inspirational clever inspirational,ratatouille animation children drama a clever chef rat inspirational clever inspirational
50912,"Paris, I Love You (Paris, je t'aime)",Romance,2006.0,,paris i love you paris je t aime romance
50923,"Astronaut Farmer, The",Drama,2007.0,,astronaut farmer the drama
50942,"Wake Up, Ron Burgundy",Comedy,2004.0,,wake up ron burgundy comedy
50954,It's a Boy Girl Thing,Comedy Romance,2006.0,,it s a boy girl thing comedy romance
50999,"Ugly Duckling and Me!, The",Animation Comedy,2006.0,,ugly duckling and me the animation comedy
51024,The Odyssey,Adventure Drama Fantasy,1997.0,,the odyssey adventure drama fantasy
51037,Unknown,Drama Mystery Thriller,2006.0,,unknown drama mystery thriller
51077,Ghost Rider,Action Fantasy Thriller,2007.0,,ghost rider action fantasy thriller
51080,Breach,Drama Thriller,2007.0,,breach drama thriller
51082,Tyler Perry's Daddy's Little Girls,Comedy Romance,2007.0,,tyler perry s daddy s little girls comedy romance
51084,Music and Lyrics,Comedy Romance,2007.0,,music and lyrics comedy romance
51086,"Number 23, The",Drama Mystery Thriller,2007.0,,number 23 the drama mystery thriller
51088,Reno 911!: Miami,Comedy,2007.0,,reno 911 miami comedy
51091,Black Snake Moan,Drama,2006.0,,black snake moan drama
51167,My Father and My Son (Babam ve oglum),Drama,2005.0,,my father and my son babam ve oglum drama
51174,Factory Girl,Drama,2006.0,,factory girl drama
51255,Hot Fuzz,Action Comedy Crime Mystery,2007.0,british comedy,hot fuzz action comedy crime mystery british comedy
51314,Golden Door (Nuovomondo),Adventure Drama Romance,2006.0,,golden door nuovomondo adventure drama romance
51357,Citizen X,Crime Drama Thriller,1995.0,,citizen x crime drama thriller
51412,Next,Action Sci-Fi Thriller,2007.0,,next action sci fi thriller
51471,Amazing Grace,Drama Romance,2006.0,,amazing grace drama romance
51498,2001 Maniacs,Comedy Horror,2005.0,,2001 maniacs comedy horror
51540,Zodiac,Crime Drama Thriller,2007.0,,zodiac crime drama thriller
51545,Pusher III: I'm the Angel of Death,Action Comedy Drama Horror Thriller,2005.0,,pusher iii i m the angel of death action comedy drama horror thriller
51562,Babylon 5: The Gathering,Sci-Fi,1993.0,,babylon 5 the gathering sci fi
51573,Meshes of the Afternoon,Fantasy,1943.0,,meshes of the afternoon fantasy
51575,Wild Hogs,Adventure Comedy,2007.0,,wild hogs adventure comedy
51662,300,Action Fantasy War IMAX,2007.0,,300 action fantasy war imax
51666,"Abandoned, The",Horror Mystery Thriller,2006.0,,abandoned the horror mystery thriller
51694,Starter for 10,Drama Romance,2006.0,,starter for 10 drama romance
51698,"Last Mimzy, The",Adventure Children Sci-Fi,2007.0,,last mimzy the adventure children sci fi
51705,Priceless (Hors de prix),Comedy Romance,2006.0,,priceless hors de prix comedy romance
51709,"Host, The (Gwoemul)",Comedy Drama Horror Sci-Fi Thriller,2006.0,,host the gwoemul comedy drama horror sci fi thriller
51834,Becoming Jane,Drama Romance,2007.0,,becoming jane drama romance
51884,"Namesake, The",Drama Romance,2006.0,,namesake the drama romance
51903,I Think I Love My Wife,Comedy Drama Romance,2007.0,,i think i love my wife comedy drama romance
51925,Premonition,Drama Fantasy Mystery Thriller,2007.0,,premonition drama fantasy mystery thriller
51927,Dead Silence,Horror Mystery Thriller,2007.0,,dead silence horror mystery thriller
51931,Reign Over Me,Drama,2007.0,,reign over me drama
51933,Pride,Drama,2007.0,,pride drama
51935,Shooter,Action Drama Thriller,2007.0,,shooter action drama thriller
51937,"Hills Have Eyes II, The",Horror Thriller,2007.0,,hills have eyes ii the horror thriller
51939,TMNT (Teenage Mutant Ninja Turtles),Action Adventure Animation Children Comedy Fantasy,2007.0,,tmnt teenage mutant ninja turtles action adventure animation children comedy fantasy
52042,Black Book (Zwartboek),Drama Thriller War,2006.0,,black book zwartboek drama thriller war
52241,"Lookout, The",Crime Drama Thriller,2007.0,,lookout the crime drama thriller
52245,Blades of Glory,Comedy Romance,2007.0,,blades of glory comedy romance
52279,Are We Done Yet?,Comedy,2007.0,,are we done yet comedy
52281,Grindhouse,Action Crime Horror Sci-Fi Thriller,2007.0,,grindhouse action crime horror sci fi thriller
52283,"Reaping, The",Horror Thriller,2007.0,,reaping the horror thriller
52287,Meet the Robinsons,Action Adventure Animation Children Comedy Sci-Fi,2007.0,something for everyone in this one... saw it without and plan on seeing it with kids!,meet the robinsons action adventure animation children comedy sci fi something for everyone in this one saw it without and plan on seeing it with kids
52299,American Hardcore,Documentary,2006.0,,american hardcore documentary
52319,Inglorious Bastards (Quel maledetto treno blindato),Action Adventure Drama War,1978.0,,inglorious bastards quel maledetto treno blindato action adventure drama war
52328,Sunshine,Adventure Drama Sci-Fi Thriller,2007.0,,sunshine adventure drama sci fi thriller
52375,"Hoax, The",Crime Drama,2007.0,,hoax the crime drama
52435,How the Grinch Stole Christmas!,Animation Comedy Fantasy Musical,1966.0,,how the grinch stole christmas animation comedy fantasy musical
52458,Disturbia,Drama Thriller,2007.0,,disturbia drama thriller
52462,Aqua Teen Hunger Force Colon Movie Film for Theaters,Action Adventure Animation Comedy Fantasy Mystery Sci-Fi,2007.0,,aqua teen hunger force colon movie film for theaters action adventure animation comedy fantasy mystery sci fi
52579,"Vie en Rose, La (Môme, La)",Drama Musical,2007.0,,vie en rose la m me la drama musical
52604,Fracture,Crime Drama Mystery Thriller,2007.0,anthony hopkins courtroom drama twist ending,fracture crime drama mystery thriller anthony hopkins courtroom drama twist ending
52644,Vacancy,Horror Thriller,2007.0,,vacancy horror thriller
52668,In the Land of Women,Comedy Drama Romance,2007.0,,in the land of women comedy drama romance
52694,Mr. Bean's Holiday,Comedy,2007.0,,mr bean s holiday comedy
52712,"Invisible, The",Crime Drama Fantasy Mystery Thriller,2007.0,horrible acting interesting,invisible the crime drama fantasy mystery thriller horrible acting interesting
52715,Kickin It Old Skool,Comedy,2007.0,,kickin it old skool comedy
52722,Spider-Man 3,Action Adventure Sci-Fi Thriller IMAX,2007.0,,spider man 3 action adventure sci fi thriller imax
52724,Lucky You,Comedy Drama,2007.0,,lucky you comedy drama
52730,It's a Very Merry Muppet Christmas Movie,Children Comedy,2002.0,,it s a very merry muppet christmas movie children comedy
52767,21 Up,Documentary,1977.0,,21 up documentary
52784,Sharkwater,Documentary,2006.0,,sharkwater documentary
52831,Maniac Cop,Action Crime Horror Thriller,1988.0,,maniac cop action crime horror thriller
52867,"Ex, The",Comedy Romance,2007.0,,ex the comedy romance
52885,Paprika (Papurika),Animation Mystery Sci-Fi,2006.0,dreamlike,paprika papurika animation mystery sci fi dreamlike
52950,Day Watch (Dnevnoy dozor),Action Fantasy Horror Thriller,2006.0,,day watch dnevnoy dozor action fantasy horror thriller
52952,This Is England,Drama,2006.0,,this is england drama
52967,Away from Her,Drama,2006.0,,away from her drama
52973,Knocked Up,Comedy Drama Romance,2007.0,,knocked up comedy drama romance
52975,Hairspray,Comedy Drama Musical,2007.0,,hairspray comedy drama musical
53000,28 Weeks Later,Horror Sci-Fi Thriller,2007.0,,28 weeks later horror sci fi thriller
53022,Wheels on Meals (Kuai can che),Action Comedy Crime Romance,1984.0,,wheels on meals kuai can che action comedy crime romance
53024,Jonestown: The Life and Death of Peoples Temple,Documentary,2006.0,,jonestown the life and death of peoples temple documentary
53121,Shrek the Third,Adventure Animation Children Comedy Fantasy,2007.0,,shrek the third adventure animation children comedy fantasy
53123,Once,Drama Musical Romance,2006.0,,once drama musical romance
53125,Pirates of the Caribbean: At World's End,Action Adventure Comedy Fantasy,2007.0,,pirates of the caribbean at world s end action adventure comedy fantasy
53127,Bug,Drama Horror Thriller,2007.0,based on a play conspiracy theory creepy insanity paranoia ptsd,bug drama horror thriller based on a play conspiracy theory creepy insanity paranoia ptsd
53129,Mr. Brooks,Crime Drama Thriller,2007.0,,mr brooks crime drama thriller
53138,"Librarian: Return to King Solomon's Mines, The",Action Adventure Fantasy,2006.0,,librarian return to king solomon s mines the action adventure fantasy
53140,"Librarian: Quest for the Spear, The",Action Adventure Comedy Fantasy Romance,2004.0,,librarian quest for the spear the action adventure comedy fantasy romance
53143,Fay Grim,Action Thriller,2006.0,,fay grim action thriller
53161,"I'm a Cyborg, But That's OK (Saibogujiman kwenchana)",Comedy Drama Romance Sci-Fi,2006.0,,i m a cyborg but that s ok saibogujiman kwenchana comedy drama romance sci fi
53280,"Breed, The",Horror Thriller,2006.0,,breed the horror thriller
53318,Cashback,Comedy Drama Romance,2006.0,,cashback comedy drama romance
53322,Ocean's Thirteen,Crime Thriller,2007.0,,ocean s thirteen crime thriller
53326,Them (Ils),Horror,2006.0,,them ils horror
53355,Sun Alley (Sonnenallee),Comedy Romance,1999.0,,sun alley sonnenallee comedy romance
53435,Hostel: Part II,Crime Horror Thriller,2007.0,,hostel part ii crime horror thriller
53447,Paranoid Park,Crime Drama,2007.0,,paranoid park crime drama
53450,"Legend of Sleepy Hollow, The",Comedy Fantasy Horror,1980.0,,legend of sleepy hollow the comedy fantasy horror
53453,Starcrash (a.k.a. Star Crash),Action Adventure Fantasy Sci-Fi,1978.0,,starcrash a k a star crash action adventure fantasy sci fi
53460,Surf's Up,Animation Children Comedy,2007.0,,surf s up animation children comedy
53464,Fantastic Four: Rise of the Silver Surfer,Action Adventure Sci-Fi,2007.0,bad acting bad jokes bad plot chris evans jessica alba marvel sexy female scientist,fantastic four rise of the silver surfer action adventure sci fi bad acting bad jokes bad plot chris evans jessica alba marvel sexy female scientist
53466,Nancy Drew,Adventure Crime Thriller,2007.0,,nancy drew adventure crime thriller
53468,Fido,Comedy Horror Thriller,2006.0,zombies,fido comedy horror thriller zombies
53519,Death Proof,Action Adventure Crime Horror Thriller,2007.0,,death proof action adventure crime horror thriller
53550,Rescue Dawn,Action Adventure Drama War,2006.0,,rescue dawn action adventure drama war
53574,"TV Set, The",Comedy Drama,2006.0,,tv set the comedy drama
53578,"Valet, The (La doublure)",Comedy,2006.0,,valet the la doublure comedy
53808,Bring It On: All or Nothing,Comedy,2006.0,,bring it on all or nothing comedy
53883,"Power of Nightmares, The: The Rise of the Politics of Fear",Documentary,2004.0,,power of nightmares the the rise of the politics of fear documentary
53894,Sicko,Documentary Drama,2007.0,,sicko documentary drama
53921,"Mighty Heart, A",Drama Thriller,2007.0,,mighty heart a drama thriller
53953,1408,Drama Horror Thriller,2007.0,,1408 drama horror thriller
53956,Death at a Funeral,Comedy,2007.0,,death at a funeral comedy
53972,Live Free or Die Hard,Action Adventure Crime Thriller,2007.0,,live free or die hard action adventure crime thriller
53974,License to Wed,Comedy Romance,2007.0,,license to wed comedy romance
53993,Evan Almighty,Comedy Fantasy,2007.0,,evan almighty comedy fantasy
53996,Transformers,Action Sci-Fi Thriller IMAX,2007.0,,transformers action sci fi thriller imax
54001,Harry Potter and the Order of the Phoenix,Adventure Drama Fantasy IMAX,2007.0,,harry potter and the order of the phoenix adventure drama fantasy imax
54004,I Now Pronounce You Chuck and Larry,Comedy Romance,2007.0,,i now pronounce you chuck and larry comedy romance
54116,First Snow,Drama Thriller,2006.0,,first snow drama thriller
54121,Broken Arrow,Drama Romance Western,1950.0,,broken arrow drama romance western
54185,Manufactured Landscapes,Documentary,2006.0,,manufactured landscapes documentary
54190,Across the Universe,Drama Fantasy Musical Romance,2007.0,,across the universe drama fantasy musical romance
54256,Hot Rod,Comedy,2007.0,,hot rod comedy
54259,Stardust,Adventure Comedy Fantasy Romance,2007.0,,stardust adventure comedy fantasy romance
54272,"Simpsons Movie, The",Animation Comedy,2007.0,,simpsons movie the animation comedy
54274,I Know Who Killed Me,Crime Drama Thriller,2007.0,,i know who killed me crime drama thriller
54276,No Reservations,Comedy Drama Romance,2007.0,,no reservations comedy drama romance
54281,Charlie Bartlett,Comedy Drama,2007.0,,charlie bartlett comedy drama
54286,"Bourne Ultimatum, The",Action Crime Thriller,2007.0,assassin assassin-in-training (scene) espionage robert ludlum,bourne ultimatum the action crime thriller assassin assassin in training scene espionage robert ludlum
54354,China Blue,Documentary,2005.0,,china blue documentary
54372,Tell No One (Ne le dis à personne),Crime Drama Mystery Thriller,2006.0,,tell no one ne le dis personne crime drama mystery thriller
54503,Superbad,Comedy,2007.0,friendship high school michael cera nerds self discovery shenanigans virginity,superbad comedy friendship high school michael cera nerds self discovery shenanigans virginity
54617,"Brice Man, The (Brice de Nice)",Comedy,2005.0,,brice man the brice de nice comedy
54648,Rush Hour 3,Action Comedy Crime Thriller,2007.0,,rush hour 3 action comedy crime thriller
54686,"Last Legion, The",Action Adventure Fantasy War,2007.0,,last legion the action adventure fantasy war
54732,Balls of Fury,Comedy,2007.0,,balls of fury comedy
54734,Sydney White,Comedy,2007.0,,sydney white comedy
54736,"Kingdom, The",Action Drama Thriller,2007.0,,kingdom the action drama thriller
54745,Rocket Science,Comedy Drama,2007.0,,rocket science comedy drama
54768,Daddy Day Camp,Children Comedy,2007.0,,daddy day camp children comedy
54771,"Invasion, The",Action Drama Horror Sci-Fi Thriller,2007.0,,invasion the action drama horror sci fi thriller
54780,"Nanny Diaries, The",Comedy Drama Romance,2007.0,,nanny diaries the comedy drama romance
54785,Halloween,Horror,2007.0,,halloween horror
54787,Death Sentence,Drama Thriller,2007.0,,death sentence drama thriller
54796,2 Days in Paris,Comedy Drama Romance,2007.0,,2 days in paris comedy drama romance
54881,"King of Kong, The",Documentary,2007.0,,king of kong the documentary
54908,Taxi 4,Action Comedy,2007.0,,taxi 4 action comedy
54910,Behind the Mask: The Rise of Leslie Vernon,Comedy Horror Thriller,2006.0,,behind the mask the rise of leslie vernon comedy horror thriller
54934,"Brothers Solomon, The",Comedy,2007.0,,brothers solomon the comedy
54962,"Nines, The",Drama Mystery,2007.0,,nines the drama mystery
54995,Planet Terror,Action Horror Sci-Fi,2007.0,,planet terror action horror sci fi
54997,3:10 to Yuma,Action Crime Drama Western,2007.0,christian bale,3 10 to yuma action crime drama western christian bale
54999,Shoot 'Em Up,Action Comedy Crime,2007.0,,shoot em up action comedy crime
55020,"Ten, The",Comedy,2007.0,,ten the comedy
55036,Gotti,Crime Drama,1996.0,,gotti crime drama
55052,Atonement,Drama Romance War,2007.0,,atonement drama romance war
55061,Electroma,Drama Sci-Fi,2006.0,,electroma drama sci fi
55067,Requiem,Drama Thriller,2006.0,,requiem drama thriller
55069,"4 Months, 3 Weeks and 2 Days (4 luni, 3 saptamâni si 2 zile)",Drama,2007.0,,4 months 3 weeks and 2 days 4 luni 3 saptam ni si 2 zile drama
55071,No End in Sight,Documentary,2007.0,,no end in sight documentary
55080,"Brave One, The",Crime Drama Thriller,2007.0,,brave one the crime drama thriller
55094,In the Valley of Elah,Drama Mystery,2007.0,,in the valley of elah drama mystery
55110,December Boys,Drama,2007.0,,december boys drama
55112,Shanghai Kiss,Comedy Drama Romance,2007.0,,shanghai kiss comedy drama romance
55116,"Hunting Party, The",Action Adventure Comedy Drama Thriller,2007.0,,hunting party the action adventure comedy drama thriller
55118,Eastern Promises,Crime Drama Thriller,2007.0,,eastern promises crime drama thriller
55156,"Unreasonable Man, An",Documentary,2006.0,,unreasonable man an documentary
55167,Tekkonkinkreet (Tekkon kinkurîto),Action Adventure Animation Crime Fantasy,2006.0,anime,tekkonkinkreet tekkon kinkur to action adventure animation crime fantasy anime
55190,Love and Other Disasters,Comedy Romance,2006.0,,love and other disasters comedy romance
55205,Interview,Drama,2007.0,,interview drama
55207,Cashback,Comedy Drama,2004.0,,cashback comedy drama
55232,Resident Evil: Extinction,Action Horror Sci-Fi Thriller,2007.0,,resident evil extinction action horror sci fi thriller
55241,Mr. Woodcock,Comedy,2007.0,,mr woodcock comedy
55245,Good Luck Chuck,Comedy Romance,2007.0,,good luck chuck comedy romance
55247,Into the Wild,Action Adventure Drama,2007.0,,into the wild action adventure drama
55250,"Game Plan, The",Comedy,2007.0,,game plan the comedy
55253,"Lust, Caution (Se, jie)",Drama Romance Thriller War,2007.0,,lust caution se jie drama romance thriller war
55259,"Seeker: The Dark Is Rising, The",Action Adventure Drama Fantasy,2007.0,,seeker the dark is rising the action adventure drama fantasy
55261,"Heartbreak Kid, The",Comedy Drama Romance,2007.0,,heartbreak kid the comedy drama romance
55267,Dan in Real Life,Comedy Drama Romance,2007.0,,dan in real life comedy drama romance
55269,"Darjeeling Limited, The",Adventure Comedy Drama,2007.0,,darjeeling limited the adventure comedy drama
55272,We Own the Night,Crime Drama,2007.0,,we own the night crime drama
55274,Elizabeth: The Golden Age,Drama,2007.0,,elizabeth the golden age drama
55276,Michael Clayton,Drama Thriller,2007.0,,michael clayton drama thriller
55278,Sleuth,Drama Mystery Thriller,2007.0,,sleuth drama mystery thriller
55280,Lars and the Real Girl,Comedy Drama,2007.0,,lars and the real girl comedy drama
55282,30 Days of Night,Horror Thriller,2007.0,,30 days of night horror thriller
55290,Gone Baby Gone,Crime Drama Mystery,2007.0,casey affleck great performances twist,gone baby gone crime drama mystery casey affleck great performances twist
55292,"Comebacks, The",Comedy,2007.0,,comebacks the comedy
55294,Weirdsville,Comedy Crime Drama,2007.0,,weirdsville comedy crime drama
55363,"Assassination of Jesse James by the Coward Robert Ford, The",Crime Drama Western,2007.0,,assassination of jesse james by the coward robert ford the crime drama western
55391,10th & Wolf,Crime Drama Thriller,2006.0,,10th wolf crime drama thriller
55442,Persepolis,Animation Drama,2007.0,,persepolis animation drama
55444,Control,Drama,2007.0,,control drama
55451,The Jane Austen Book Club,Comedy Drama Romance,2007.0,,the jane austen book club comedy drama romance
55492,"Last Winter, The",Horror,2006.0,,last winter the horror
55553,Black Sheep,Comedy Horror,2006.0,,black sheep comedy horror
55555,"Edge of Heaven, The (Auf der anderen Seite)",Drama,2007.0,,edge of heaven the auf der anderen seite drama
55577,Saw IV,Crime Horror Thriller,2007.0,,saw iv crime horror thriller
55620,For the Bible Tells Me So,Documentary,2007.0,,for the bible tells me so documentary
55687,My Kid Could Paint That,Documentary,2007.0,,my kid could paint that documentary
55721,Elite Squad (Tropa de Elite),Action Crime Drama Thriller,2007.0,favelas,elite squad tropa de elite action crime drama thriller favelas
55729,King of California,Comedy,2007.0,,king of california comedy
55765,American Gangster,Crime Drama Thriller,2007.0,corruption denzel washington mafia organized crime,american gangster crime drama thriller corruption denzel washington mafia organized crime
55768,Bee Movie,Animation Comedy,2007.0,,bee movie animation comedy
55805,Before the Devil Knows You're Dead,Crime Drama Thriller,2007.0,,before the devil knows you re dead crime drama thriller
55814,"Diving Bell and the Butterfly, The (Scaphandre et le papillon, Le)",Drama,2007.0,,diving bell and the butterfly the scaphandre et le papillon le drama
55820,No Country for Old Men,Crime Drama,2007.0,,no country for old men crime drama
55830,Be Kind Rewind,Comedy,2008.0,,be kind rewind comedy
55844,Itty Bitty Titty Committee,Comedy Drama Romance,2007.0,,itty bitty titty committee comedy drama romance
55854,"Fugitive, The",Drama,1947.0,,fugitive the drama
55872,August Rush,Drama Musical,2007.0,,august rush drama musical
55908,"Man from Earth, The",Drama Sci-Fi,2007.0,,man from earth the drama sci fi
55946,Lions For Lambs,Drama Thriller War,2007.0,,lions for lambs drama thriller war
55995,Beowulf,Action Adventure Animation Fantasy IMAX,2007.0,,beowulf action adventure animation fantasy imax
56003,Southland Tales,Comedy Drama Sci-Fi Thriller,2006.0,,southland tales comedy drama sci fi thriller
56012,"Evening with Kevin Smith 2: Evening Harder, An",Comedy Documentary,2006.0,,evening with kevin smith 2 evening harder an comedy documentary
56022,Harrison Bergeron,Drama Sci-Fi,1995.0,,harrison bergeron drama sci fi
56060,I Served the King of England (Obsluhoval jsem anglického krále),Comedy Drama Romance War,2006.0,,i served the king of england obsluhoval jsem anglick ho kr le comedy drama romance war
56145,"Mist, The",Horror Sci-Fi,2007.0,,mist the horror sci fi
56152,Enchanted,Adventure Animation Children Comedy Fantasy Musical Romance,2007.0,,enchanted adventure animation children comedy fantasy musical romance
56156,Hitman,Action Crime Thriller,2007.0,,hitman action crime thriller
56169,Awake,Drama Thriller,2007.0,,awake drama thriller
56171,"Golden Compass, The",Adventure Children Fantasy,2007.0,,golden compass the adventure children fantasy
56174,I Am Legend,Action Horror Sci-Fi Thriller IMAX,2007.0,alone in the world apocalypse based on a book last man on earth plot holes post apocalyptic post-apocalyptic religion vampire,i am legend action horror sci fi thriller imax alone in the world apocalypse based on a book last man on earth plot holes post apocalyptic post apocalyptic religion vampire
56176,Alvin and the Chipmunks,Children Comedy,2007.0,,alvin and the chipmunks children comedy
56251,Futurama: Bender's Big Score,Animation Comedy Sci-Fi,2007.0,,futurama bender s big score animation comedy sci fi
56274,Margot at the Wedding,Drama,2007.0,,margot at the wedding drama
56286,I'm Not There,Drama,2007.0,,i m not there drama
56333,"Savages, The",Comedy Drama,2007.0,,savages the comedy drama
56336,Wrong Turn 2: Dead End,Action Horror Thriller,2007.0,,wrong turn 2 dead end action horror thriller
56339,"Orphanage, The (Orfanato, El)",Drama Horror Mystery Thriller,2007.0,,orphanage the orfanato el drama horror mystery thriller
56367,Juno,Comedy Drama Romance,2007.0,michael cera notable soundtrack pregnancy teenage pregnancy witty,juno comedy drama romance michael cera notable soundtrack pregnancy teenage pregnancy witty
56379,"Maxed Out: Hard Times, Easy Credit and the Era of Predatory Lenders",Documentary,2006.0,,maxed out hard times easy credit and the era of predatory lenders documentary
56389,My Blueberry Nights,Drama Romance,2007.0,,my blueberry nights drama romance
56563,Helvetica,Documentary,2007.0,,helvetica documentary
56587,"Bucket List, The",Comedy Drama,2007.0,,bucket list the comedy drama
56607,"Kite Runner, The",Drama,2007.0,,kite runner the drama
56620,"Deaths of Ian Stone, The",Horror Thriller,2007.0,,deaths of ian stone the horror thriller
56715,Wristcutters: A Love Story,Drama Fantasy Romance,2006.0,,wristcutters a love story drama fantasy romance
56757,Sweeney Todd: The Demon Barber of Fleet Street,Drama Horror Musical Thriller,2007.0,,sweeney todd the demon barber of fleet street drama horror musical thriller
56775,National Treasure: Book of Secrets,Action Adventure,2007.0,,national treasure book of secrets action adventure
56782,There Will Be Blood,Drama Western,2007.0,atmospheric cerebral character study gritty intense long shots morality visually appealing,there will be blood drama western atmospheric cerebral character study gritty intense long shots morality visually appealing
56788,Charlie Wilson's War,Comedy Drama War,2007.0,,charlie wilson s war comedy drama war
56801,AVPR: Aliens vs. Predator - Requiem,Action Horror Sci-Fi,2007.0,,avpr aliens vs predator requiem action horror sci fi
56805,Walk Hard: The Dewey Cox Story,Comedy Musical,2007.0,,walk hard the dewey cox story comedy musical
56837,As You Like It,Comedy Drama Romance,2006.0,,as you like it comedy drama romance
56869,Drained (O cheiro do Ralo),Comedy,2006.0,,drained o cheiro do ralo comedy
56908,Dedication,Comedy Drama Romance,2007.0,,dedication comedy drama romance
56915,"Water Horse: Legend of the Deep, The",Adventure Children Fantasy,2007.0,,water horse legend of the deep the adventure children fantasy
56921,Battlestar Galactica: Razor,Action Drama Sci-Fi Thriller,2007.0,,battlestar galactica razor action drama sci fi thriller
56941,P.S. I Love You,Comedy Drama Romance,2007.0,,p s i love you comedy drama romance
56949,27 Dresses,Comedy Romance,2008.0,,27 dresses comedy romance
57147,Cassandra's Dream,Crime Drama Thriller,2007.0,,cassandra s dream crime drama thriller
57183,Like Stars on Earth (Taare Zameen Par),Drama,2007.0,,like stars on earth taare zameen par drama
57243,"Band's Visit, The (Bikur Ha-Tizmoret)",Comedy Drama,2007.0,,band s visit the bikur ha tizmoret comedy drama
57274,[REC],Drama Horror Thriller,2007.0,,rec drama horror thriller
57326,In the Name of the King: A Dungeon Siege Tale,Action Adventure Fantasy,2008.0,,in the name of the king a dungeon siege tale action adventure fantasy
57368,Cloverfield,Action Mystery Sci-Fi Thriller,2008.0,,cloverfield action mystery sci fi thriller
57421,Hatchet,Comedy Horror,2006.0,,hatchet comedy horror
57499,Heaven and Earth (Ten to Chi to),Action Adventure Drama War,1990.0,,heaven and earth ten to chi to action adventure drama war
57502,Cat Soup (Nekojiru-so),Adventure Animation Drama Horror,2001.0,abstract dark psychedelic surreal,cat soup nekojiru so adventure animation drama horror abstract dark psychedelic surreal
57504,"Girl Who Leapt Through Time, The (Toki o kakeru shôjo)",Animation Comedy Drama Romance Sci-Fi,2006.0,,girl who leapt through time the toki o kakeru sh jo animation comedy drama romance sci fi
57522,First Sunday,Comedy Crime,2008.0,,first sunday comedy crime
57526,Untraceable,Crime Thriller,2008.0,,untraceable crime thriller
57528,Rambo (Rambo 4),Action Drama Thriller War,2008.0,,rambo rambo 4 action drama thriller war
57532,Meet the Spartans,Comedy,2008.0,,meet the spartans comedy
57536,Strange Wilderness,Comedy,2008.0,,strange wilderness comedy
57637,"Signal, The",Horror Sci-Fi Thriller,2007.0,,signal the horror sci fi thriller
57640,Hellboy II: The Golden Army,Action Adventure Fantasy Sci-Fi,2008.0,,hellboy ii the golden army action adventure fantasy sci fi
57669,In Bruges,Comedy Crime Drama Thriller,2008.0,black comedy colin farrell dark comedy drugs friendship irreverent ralph fiennes stylized,in bruges comedy crime drama thriller black comedy colin farrell dark comedy drugs friendship irreverent ralph fiennes stylized
57772,World on a Wire (Welt am Draht),Crime Sci-Fi,1973.0,,world on a wire welt am draht crime sci fi
57843,Rise of the Footsoldier,Action Crime Drama,2007.0,,rise of the footsoldier action crime drama
57910,Teeth,Comedy Horror,2007.0,,teeth comedy horror
57951,Fool's Gold,Action Adventure Comedy Romance,2008.0,,fool s gold action adventure comedy romance
58025,Jumper,Action Adventure Drama Sci-Fi Thriller,2008.0,,jumper action adventure drama sci fi thriller
58047,"Definitely, Maybe",Comedy Drama Romance,2008.0,rachel weisz ryan reynolds,definitely maybe comedy drama romance rachel weisz ryan reynolds
58078,"Air I Breathe, The",Crime Drama Romance Thriller,2007.0,,air i breathe the crime drama romance thriller
58103,Vantage Point,Action Drama Thriller,2008.0,,vantage point action drama thriller
58105,"Spiderwick Chronicles, The",Adventure Children Drama Fantasy IMAX,2008.0,,spiderwick chronicles the adventure children drama fantasy imax
58107,Step Up 2 the Streets,Drama Musical Romance,2008.0,,step up 2 the streets drama musical romance
58154,"Other Boleyn Girl, The",Drama Romance,2008.0,,other boleyn girl the drama romance
58156,Semi-Pro,Comedy,2008.0,,semi pro comedy
58162,Run Fatboy Run,Comedy Romance,2007.0,,run fatboy run comedy romance
58191,Taxi to the Dark Side,Documentary,2007.0,,taxi to the dark side documentary
58287,Descent,Drama Thriller,2007.0,,descent drama thriller
58291,College Road Trip,Comedy,2008.0,,college road trip comedy
58293,"10,000 BC",Adventure Romance Thriller,2008.0,,10 000 bc adventure romance thriller
58295,"Bank Job, The",Action Crime Thriller,2008.0,heist robbery small time criminals,bank job the action crime thriller heist robbery small time criminals
58297,Doomsday,Action Drama Sci-Fi Thriller,2008.0,,doomsday action drama sci fi thriller
58299,Horton Hears a Who!,Adventure Animation Children Comedy,2008.0,,horton hears a who adventure animation children comedy
58301,Funny Games U.S.,Drama Thriller,2007.0,dark humor dark dark humor intelligent thought-provoking,funny games u s drama thriller dark humor dark dark humor intelligent thought provoking
58303,"Counterfeiters, The (Die Fälscher)",Crime Drama War,2007.0,,counterfeiters the die f lscher crime drama war
58306,Mongol,Drama War,2007.0,,mongol drama war
58309,War Dance,Documentary,2007.0,,war dance documentary
58315,"Love Guru, The",Comedy,2008.0,,love guru the comedy
58332,Diary of the Dead,Horror Sci-Fi,2007.0,,diary of the dead horror sci fi
58347,Penelope,Comedy Fantasy Romance,2006.0,,penelope comedy fantasy romance
58351,City of Men (Cidade dos Homens),Drama,2007.0,,city of men cidade dos homens drama
58376,Zeitgeist: The Movie,Documentary War,2007.0,,zeitgeist the movie documentary war
58404,Justice League: The New Frontier,Action Adventure Animation Fantasy Sci-Fi,2008.0,,justice league the new frontier action adventure animation fantasy sci fi
58425,Heima,Documentary,2007.0,,heima documentary
58492,Snow Angels,Drama,2007.0,,snow angels drama
58554,"Class, The (Klass)",Drama,2007.0,,class the klass drama
58559,"Dark Knight, The",Action Crime Drama IMAX,2008.0,psychology superhero dark gritty,dark knight the action crime drama imax psychology superhero dark gritty
58627,Never Back Down,Action,2008.0,,never back down action
58655,Drillbit Taylor,Comedy,2008.0,,drillbit taylor comedy
58783,Youth Without Youth,Drama Romance Sci-Fi,2007.0,,youth without youth drama romance sci fi
58803,21,Crime Drama Romance Thriller,2008.0,,21 crime drama romance thriller
58806,Smart People,Comedy Drama Romance,2008.0,,smart people comedy drama romance
58826,"Shepherd: Border Patrol, The",Action Crime Thriller,2008.0,,shepherd border patrol the action crime thriller
58839,Leatherheads,Comedy Drama Romance,2008.0,,leatherheads comedy drama romance
58842,Assembly (Ji jie hao),Action Drama War,2007.0,,assembly ji jie hao action drama war
58870,Zebraman,Comedy,2004.0,,zebraman comedy
58876,Stop-Loss,Drama War,2008.0,,stop loss drama war
58879,Shine a Light,Documentary Musical IMAX,2008.0,,shine a light documentary musical imax
58964,Inside (À l'intérieur),Horror Thriller,2007.0,,inside l int rieur horror thriller
58972,Nim's Island,Adventure Comedy Fantasy,2008.0,,nim s island adventure comedy fantasy
58975,"Ruins, The",Horror Thriller,2008.0,,ruins the horror thriller
58998,Forgetting Sarah Marshall,Comedy Romance,2008.0,,forgetting sarah marshall comedy romance
59014,Superhero Movie,Action Comedy Sci-Fi,2008.0,,superhero movie action comedy sci fi
59016,Street Kings,Crime Drama Thriller,2008.0,,street kings crime drama thriller
59018,"Visitor, The",Drama Romance,2007.0,,visitor the drama romance
59022,Harold & Kumar Escape from Guantanamo Bay,Adventure Comedy,2008.0,,harold kumar escape from guantanamo bay adventure comedy
59026,99 francs,Comedy,2007.0,,99 francs comedy
59037,Speed Racer,Action Children Sci-Fi IMAX,2008.0,,speed racer action children sci fi imax
59103,"Forbidden Kingdom, The",Action Adventure Comedy Fantasy,2008.0,jackie chan kung fu,forbidden kingdom the action adventure comedy fantasy jackie chan kung fu
59118,Happy-Go-Lucky,Comedy Drama,2008.0,,happy go lucky comedy drama
59126,Religulous,Comedy Documentary,2008.0,,religulous comedy documentary
59129,Outpost,Action Horror,2008.0,,outpost action horror
59131,Are You Scared?,Horror,2006.0,,are you scared horror
59141,Son of Rambow,Children Comedy Drama,2007.0,movies about movies,son of rambow children comedy drama movies about movies
59143,Super High Me,Comedy Documentary,2007.0,,super high me comedy documentary
59220,Outsourced,Comedy Romance,2006.0,,outsourced comedy romance
59258,Baby Mama,Comedy,2008.0,,baby mama comedy
59295,Expelled: No Intelligence Allowed,Documentary,2008.0,,expelled no intelligence allowed documentary
59306,Prom Night,Horror Mystery Thriller,2008.0,,prom night horror mystery thriller
59315,Iron Man,Action Adventure Sci-Fi,2008.0,,iron man action adventure sci fi
59333,Made of Honor,Comedy Romance,2008.0,,made of honor comedy romance
59336,Redbelt,Action Drama,2008.0,,redbelt action drama
59369,Taken,Action Crime Drama Thriller,2008.0,,taken action crime drama thriller
59387,"Fall, The",Adventure Drama Fantasy,2006.0,,fall the adventure drama fantasy
59421,What Happens in Vegas...,Comedy Romance,2008.0,,what happens in vegas comedy romance
59429,American Pie Presents Beta House (American Pie 6: Beta House),Comedy,2007.0,,american pie presents beta house american pie 6 beta house comedy
59440,Bella,Drama Romance,2006.0,,bella drama romance
59501,"Chronicles of Narnia: Prince Caspian, The",Adventure Children Fantasy,2008.0,fantasy lion narnia tilda swinton,chronicles of narnia prince caspian the adventure children fantasy fantasy lion narnia tilda swinton
59549,Shelter,Drama Romance,2007.0,,shelter drama romance
59604,"Girl Next Door, The",Crime Drama Horror Thriller,2007.0,,girl next door the crime drama horror thriller
59615,Indiana Jones and the Kingdom of the Crystal Skull,Action Adventure Comedy Sci-Fi,2008.0,,indiana jones and the kingdom of the crystal skull action adventure comedy sci fi
59667,Nina's Heavenly Delights,Comedy,2006.0,,nina s heavenly delights comedy
59725,Sex and the City,Comedy Romance,2008.0,,sex and the city comedy romance
59727,"Strangers, The",Horror Thriller,2008.0,,strangers the horror thriller
59731,"Bigger, Stronger, Faster*",Documentary,2008.0,,bigger stronger faster documentary
59738,All the Boys Love Mandy Lane,Horror Mystery Thriller,2006.0,,all the boys love mandy lane horror mystery thriller
59784,Kung Fu Panda,Action Animation Children Comedy IMAX,2008.0,,kung fu panda action animation children comedy imax
59810,Recount,Drama,2008.0,,recount drama
59814,Ex Drummer,Comedy Crime Drama Horror,2007.0,,ex drummer comedy crime drama horror
59900,You Don't Mess with the Zohan,Comedy,2008.0,,you don t mess with the zohan comedy
59915,Stuck,Horror Thriller,2007.0,,stuck horror thriller
59947,"Protector, The",Action Comedy Drama Thriller,1985.0,,protector the action comedy drama thriller
59985,Chaos Theory,Comedy Drama Romance,2007.0,,chaos theory comedy drama romance
59995,Boy A,Crime Drama,2007.0,,boy a crime drama
60030,Spiral,Drama Horror Thriller,2007.0,,spiral drama horror thriller
60037,"Happening, The",Drama Sci-Fi Thriller,2008.0,,happening the drama sci fi thriller
60040,"Incredible Hulk, The",Action Sci-Fi,2008.0,,incredible hulk the action sci fi
60046,"Children of Huang Shi, The",Drama War,2008.0,,children of huang shi the drama war
60069,WALL·E,Adventure Animation Children Romance Sci-Fi,2008.0,last man on earth love story post apocalyptic social commentary,wall e adventure animation children romance sci fi last man on earth love story post apocalyptic social commentary
60072,Wanted,Action Thriller,2008.0,,wanted action thriller
60074,Hancock,Action Adventure Comedy Crime Fantasy,2008.0,bad script charlize theron will smith,hancock action adventure comedy crime fantasy bad script charlize theron will smith
60126,Get Smart,Action Comedy,2008.0,anne hathaway steve carell,get smart action comedy anne hathaway steve carell
60128,Young People Fucking (a.k.a. YPF),Comedy,2007.0,,young people fucking a k a ypf comedy
60141,St. Trinian's,Children Comedy,2007.0,,st trinian s children comedy
60161,Futurama: The Beast with a Billion Backs,Action Animation Comedy Romance Sci-Fi,2008.0,,futurama the beast with a billion backs action animation comedy romance sci fi
60289,Kit Kittredge: An American Girl,Children Comedy Drama Mystery,2008.0,,kit kittredge an american girl children comedy drama mystery
60291,Gonzo: The Life and Work of Dr. Hunter S. Thompson,Documentary,2008.0,,gonzo the life and work of dr hunter s thompson documentary
60293,"Wackness, The",Comedy Drama Romance,2008.0,,wackness the comedy drama romance
60303,Strange Circus (Kimyô na sâkasu),Horror Mystery Thriller,2005.0,,strange circus kimy na s kasu horror mystery thriller
60333,Encounters at the End of the World,Documentary,2008.0,,encounters at the end of the world documentary
60363,Zombie Strippers!,Comedy Horror,2008.0,,zombie strippers comedy horror
60365,Frosty the Snowman,Animation Children Comedy Fantasy Musical,1969.0,,frosty the snowman animation children comedy fantasy musical
60389,Battle for Haditha,War,2007.0,,battle for haditha war
60397,Mamma Mia!,Comedy Musical Romance,2008.0,,mamma mia comedy musical romance
60408,Welcome to the Sticks (Bienvenue chez les Ch'tis),Comedy,2008.0,,welcome to the sticks bienvenue chez les ch tis comedy
60471,Rogue,Action Adventure Horror Sci-Fi Thriller,2007.0,,rogue action adventure horror sci fi thriller
60487,"It's the Great Pumpkin, Charlie Brown",Animation Children Comedy,1966.0,,it s the great pumpkin charlie brown animation children comedy
60514,Journey to the Center of the Earth,Action Adventure Sci-Fi,2008.0,,journey to the center of the earth action adventure sci fi
60516,Meet Dave,Adventure Children Comedy Romance Sci-Fi,2008.0,enjoyable,meet dave adventure children comedy romance sci fi enjoyable
60522,"Machine Girl, The (Kataude mashin gâru)",Action Comedy Fantasy Horror Thriller,2008.0,,machine girl the kataude mashin g ru action comedy fantasy horror thriller
60538,Shrooms,Horror Thriller,2007.0,,shrooms horror thriller
60647,Transsiberian,Crime Drama Thriller,2008.0,,transsiberian crime drama thriller
60674,Stargate: Continuum,Sci-Fi,2008.0,,stargate continuum sci fi
60684,Watchmen,Action Drama Mystery Sci-Fi Thriller IMAX,2009.0,,watchmen action drama mystery sci fi thriller imax
60735,Shotgun Stories,Drama Thriller,2007.0,,shotgun stories drama thriller
60737,Watching the Detectives,Comedy Romance,2007.0,,watching the detectives comedy romance
60753,Felon,Crime Drama,2008.0,,felon crime drama
60756,Step Brothers,Comedy,2008.0,funny highly quotable will ferrell comedy funny will ferrell funny will ferrell,step brothers comedy funny highly quotable will ferrell comedy funny will ferrell funny will ferrell
60760,"X-Files: I Want to Believe, The",Drama Mystery Sci-Fi Thriller,2008.0,,x files i want to believe the drama mystery sci fi thriller
60766,Man on Wire,Documentary,2008.0,,man on wire documentary
60803,"Little Drummer Boy, The",Animation Children Musical,1968.0,,little drummer boy the animation children musical
60818,Hogfather (Terry Pratchett's Hogfather),Adventure Fantasy Thriller,2006.0,,hogfather terry pratchett s hogfather adventure fantasy thriller
60832,Pathology,Crime Horror Thriller,2008.0,,pathology crime horror thriller
60857,"Tracey Fragments, The",Drama,2007.0,,tracey fragments the drama
60885,"Zone, The (La Zona)",Drama Thriller,2007.0,,zone the la zona drama thriller
60894,"Edge of Love, The",Drama Romance War,2008.0,,edge of love the drama romance war
60904,Heart of a Dog (Sobachye serdtse),Comedy Drama Sci-Fi,1988.0,,heart of a dog sobachye serdtse comedy drama sci fi
60937,"Mummy: Tomb of the Dragon Emperor, The",Action Adventure Fantasy Thriller,2008.0,,mummy tomb of the dragon emperor the action adventure fantasy thriller
60941,"Midnight Meat Train, The",Horror Mystery Thriller,2008.0,,midnight meat train the horror mystery thriller
60943,Frozen River,Drama,2008.0,,frozen river drama
60950,Vicky Cristina Barcelona,Comedy Drama Romance,2008.0,threesome,vicky cristina barcelona comedy drama romance threesome
60979,Batman: Gotham Knight,Action Animation Crime,2008.0,,batman gotham knight action animation crime
61011,"Walker, The",Drama Mystery,2007.0,,walker the drama mystery
61024,Pineapple Express,Action Comedy Crime,2008.0,comedy james franco seth rogen stoner movie,pineapple express action comedy crime comedy james franco seth rogen stoner movie
61026,Red Cliff (Chi bi),Action Adventure Drama War,2008.0,,red cliff chi bi action adventure drama war
61071,"Sisterhood of the Traveling Pants 2, The",Adventure Comedy Drama Romance,2008.0,,sisterhood of the traveling pants 2 the adventure comedy drama romance
61073,Hell Ride,Action Drama Thriller,2008.0,,hell ride action drama thriller
61123,High School Musical 2,Comedy Drama Musical Romance,2007.0,,high school musical 2 comedy drama musical romance
61132,Tropic Thunder,Action Adventure Comedy War,2008.0,,tropic thunder action adventure comedy war
61160,Star Wars: The Clone Wars,Action Adventure Animation Sci-Fi,2008.0,,star wars the clone wars action adventure animation sci fi
61167,Henry Poole is Here,Drama Mystery,2008.0,,henry poole is here drama mystery
61210,Mutant Chronicles,Action Adventure Sci-Fi,2008.0,,mutant chronicles action adventure sci fi
61236,Waltz with Bashir (Vals im Bashir),Animation Documentary Drama War,2008.0,,waltz with bashir vals im bashir animation documentary drama war
61240,Let the Right One In (Låt den rätte komma in),Drama Fantasy Horror Romance,2008.0,,let the right one in l t den r tte komma in drama fantasy horror romance
61246,Hamlet 2,Comedy,2008.0,,hamlet 2 comedy
61248,Death Race,Action Adventure Sci-Fi Thriller,2008.0,,death race action adventure sci fi thriller
61250,"House Bunny, The",Comedy,2008.0,,house bunny the comedy
61255,"Rocker, The",Comedy,2008.0,,rocker the comedy
61257,I.O.U.S.A. (a.k.a. IOUSA),Documentary,2008.0,,i o u s a a k a iousa documentary
61262,Mirrors,Horror Mystery Thriller,2008.0,,mirrors horror mystery thriller
61289,Sukiyaki Western Django,Action Western,2008.0,,sukiyaki western django action western
61319,Somers Town,Drama,2008.0,,somers town drama
61323,Burn After Reading,Comedy Crime Drama,2008.0,dark comedy brad pitt coen bros coen brothers dark comedy espionage george clooney john malkovich satire twists & turns weird,burn after reading comedy crime drama dark comedy brad pitt coen bros coen brothers dark comedy espionage george clooney john malkovich satire twists turns weird
61348,Disaster Movie,Comedy,2008.0,,disaster movie comedy
61350,Babylon A.D.,Action Adventure Sci-Fi Thriller,2008.0,,babylon a d action adventure sci fi thriller
61352,Traitor,Crime Drama Thriller,2008.0,,traitor crime drama thriller
61394,"Onion Movie, The",Comedy,2008.0,,onion movie the comedy
61401,"Spirit, The",Action Comedy Fantasy Thriller,2008.0,,spirit the action comedy fantasy thriller
61406,John Adams,Drama,2008.0,,john adams drama
61465,Bangkok Dangerous,Action Crime Thriller,2008.0,,bangkok dangerous action crime thriller
61628,Sunflower (Xiang ri kui),Drama,2005.0,,sunflower xiang ri kui drama
61692,Altered,Horror Sci-Fi Thriller,2006.0,,altered horror sci fi thriller
61697,Righteous Kill,Crime Mystery Thriller,2008.0,,righteous kill crime mystery thriller
61705,Lakeview Terrace,Drama Thriller,2008.0,,lakeview terrace drama thriller
61729,Ghost Town,Comedy Fantasy Romance,2008.0,,ghost town comedy fantasy romance
61818,"Crow, The: Wicked Prayer",Action Adventure Fantasy Thriller,2005.0,,crow the wicked prayer action adventure fantasy thriller
61986,Appaloosa,Western,2008.0,,appaloosa western
62008,Dead Fury,Action Animation Comedy Horror,2008.0,,dead fury action animation comedy horror
62081,Eagle Eye,Action Crime Thriller IMAX,2008.0,,eagle eye action crime thriller imax
62113,How to Lose Friends & Alienate People,Comedy,2008.0,,how to lose friends alienate people comedy
62155,Nick and Norah's Infinite Playlist,Comedy Drama Romance,2008.0,,nick and norah s infinite playlist comedy drama romance
62208,"Sound of the Mountain (Thunder of the Mountain, The) (Yama no oto)",Drama,1954.0,,sound of the mountain thunder of the mountain the yama no oto drama
62250,Gomorrah (Gomorra),Crime Drama,2008.0,,gomorrah gomorra crime drama
62293,"Duchess, The",Drama Romance,2008.0,,duchess the drama romance
62299,Alone in the Dark II,Action Horror,2008.0,,alone in the dark ii action horror
62336,FLCL,Animation Comedy Fantasy Sci-Fi,2000.0,2d animation cult film stylish surreal,flcl animation comedy fantasy sci fi 2d animation cult film stylish surreal
62344,Rachel Getting Married,Drama Romance,2008.0,,rachel getting married drama romance
62374,Body of Lies,Action Drama Thriller,2008.0,,body of lies action drama thriller
62376,City of Ember,Adventure Children Sci-Fi,2008.0,,city of ember adventure children sci fi
62383,"20,000 Leagues Under the Sea",Action Adventure Sci-Fi,1916.0,,20 000 leagues under the sea action adventure sci fi
62394,Max Payne,Action Crime Drama Thriller,2008.0,,max payne action crime drama thriller
62434,Zack and Miri Make a Porno,Comedy Drama Romance,2008.0,seth rogen sexual humor,zack and miri make a porno comedy drama romance seth rogen sexual humor
62437,W.,Drama,2008.0,,w drama
62439,My Best Friend's Girl,Comedy Romance,2008.0,,my best friend s girl comedy romance
62511,"Synecdoche, New York",Comedy Drama,2008.0,,synecdoche new york comedy drama
62553,"Secret Life of Bees, The",Drama,2008.0,,secret life of bees the drama
62586,"American Carol, An",Comedy Fantasy,2008.0,,american carol an comedy fantasy
62644,"Wave, The (Welle, Die)",Drama,2008.0,,wave the welle die drama
62662,Tokyo-Ga,Documentary,1985.0,,tokyo ga documentary
62718,"Angus, Thongs and Perfect Snogging",Comedy Romance,2008.0,,angus thongs and perfect snogging comedy romance
62792,Pride and Glory,Crime Drama,2008.0,,pride and glory crime drama
62799,"Express, The",Drama,2008.0,,express the drama
62834,Babylon 5: The Legend of the Rangers: To Live and Die in Starlight,Sci-Fi,2002.0,,babylon 5 the legend of the rangers to live and die in starlight sci fi
62836,Babylon 5: The Lost Tales - Voices in the Dark,Sci-Fi,2007.0,,babylon 5 the lost tales voices in the dark sci fi
62849,RocknRolla,Action Crime,2008.0,,rocknrolla action crime
62956,Futurama: Bender's Game,Action Adventure Animation Comedy Fantasy Sci-Fi,2008.0,,futurama bender s game action adventure animation comedy fantasy sci fi
62970,Tin Man,Adventure Fantasy Sci-Fi,2007.0,,tin man adventure fantasy sci fi
62999,Madagascar: Escape 2 Africa,Action Adventure Animation Children Comedy IMAX,2008.0,,madagascar escape 2 africa action adventure animation children comedy imax
63033,Blindness,Drama Mystery Romance Thriller,2008.0,,blindness drama mystery romance thriller
63062,Changeling,Crime Drama Mystery,2008.0,emotional,changeling crime drama mystery emotional
63072,"Road, The",Adventure Drama Thriller,2009.0,,road the adventure drama thriller
63082,Slumdog Millionaire,Crime Drama Romance,2008.0,,slumdog millionaire crime drama romance
63113,Quantum of Solace,Action Adventure Thriller,2008.0,,quantum of solace action adventure thriller
63131,Role Models,Comedy,2008.0,,role models comedy
63179,Tokyo!,Drama,2008.0,,tokyo drama
63222,JCVD,Action Drama Thriller,2008.0,,jcvd action drama thriller
63239,Cinderella,Children Fantasy Musical Romance,1997.0,,cinderella children fantasy musical romance
63276,Crows Zero (Kurôzu zero),Action,2007.0,,crows zero kur zu zero action
63312,Krabat,Drama Fantasy,2008.0,,krabat drama fantasy
63393,Camp Rock,Comedy Musical Romance,2008.0,,camp rock comedy musical romance
63433,Farscape: The Peacekeeper Wars,Action Adventure Sci-Fi,2004.0,,farscape the peacekeeper wars action adventure sci fi
63436,Saw V,Crime Horror Thriller,2008.0,,saw v crime horror thriller
63479,Sex Drive,Comedy,2008.0,,sex drive comedy
63515,The Island,Drama Mystery,2006.0,,the island drama mystery
63540,Beverly Hills Chihuahua,Adventure Children Comedy,2008.0,,beverly hills chihuahua adventure children comedy
63768,Tattooed Life (Irezumi ichidai),Crime Drama,1965.0,,tattooed life irezumi ichidai crime drama
63808,"Class, The (Entre les murs)",Drama,2008.0,,class the entre les murs drama
63826,Splinter,Action Horror Thriller,2008.0,,splinter action horror thriller
63853,Australia,Adventure Drama War Western,2008.0,,australia adventure drama war western
63859,Bolt,Action Adventure Animation Children Comedy,2008.0,,bolt action adventure animation children comedy
63876,Milk,Drama,2008.0,,milk drama
63992,Twilight,Drama Fantasy Romance Thriller,2008.0,audience intelligence underestimated boring chick flick overrated teen movie,twilight drama fantasy romance thriller audience intelligence underestimated boring chick flick overrated teen movie
64010,"Children, The",Horror,2008.0,,children the horror
64030,Transporter 3,Action Adventure Crime Thriller,2008.0,,transporter 3 action adventure crime thriller
64032,Four Christmases,Comedy,2008.0,,four christmases comedy
64034,"Boy in the Striped Pajamas, The (Boy in the Striped Pyjamas, The)",Drama War,2008.0,childish naivity friendship,boy in the striped pajamas the boy in the striped pyjamas the drama war childish naivity friendship
64114,Fireproof,Drama Romance,2008.0,,fireproof drama romance
64116,Igor,Animation Comedy,2008.0,,igor animation comedy
64167,Dinotopia,Adventure Fantasy,2002.0,,dinotopia adventure fantasy
64197,Hunger,Drama,2008.0,,hunger drama
64231,Punisher: War Zone,Action Crime Drama Thriller,2008.0,,punisher war zone action crime drama thriller
64249,Shrek the Halls,Adventure Animation Comedy Fantasy,2007.0,,shrek the halls adventure animation comedy fantasy
64278,"Pervert's Guide to Cinema, The",Documentary,2006.0,,pervert s guide to cinema the documentary
64285,Wallace and Gromit in 'A Matter of Loaf and Death',Animation Comedy,2008.0,,wallace and gromit in a matter of loaf and death animation comedy
64497,"Day the Earth Stood Still, The",Drama Sci-Fi Thriller IMAX,2008.0,,day the earth stood still the drama sci fi thriller imax
64499,Che: Part One,Drama War,2008.0,,che part one drama war
64501,Che: Part Two,Drama War,2008.0,,che part two drama war
64575,Doubt,Drama Mystery,2008.0,,doubt drama mystery
64614,Gran Torino,Crime Drama,2008.0,,gran torino crime drama
64620,Frost/Nixon,Drama,2008.0,,frost nixon drama
64622,"Reader, The",Drama Romance,2008.0,,reader the drama romance
64695,Sword of the Stranger (Sutorejia: Mukô hadan),Action Adventure Animation,2007.0,,sword of the stranger sutorejia muk hadan action adventure animation
64716,Seven Pounds,Drama,2008.0,,seven pounds drama
64839,"Wrestler, The",Drama,2008.0,,wrestler the drama
64957,"Curious Case of Benjamin Button, The",Drama Fantasy Mystery Romance,2008.0,,curious case of benjamin button the drama fantasy mystery romance
64969,Yes Man,Comedy,2008.0,,yes man comedy
64983,Valkyrie,Drama Thriller War,2008.0,,valkyrie drama thriller war
64993,5 Centimeters per Second (Byôsoku 5 senchimêtoru),Animation Drama Romance,2007.0,,5 centimeters per second by soku 5 senchim toru animation drama romance
64997,War of the Worlds,Action Sci-Fi,2005.0,,war of the worlds action sci fi
65037,Ben X,Drama,2007.0,,ben x drama
65088,Bedtime Stories,Adventure Children Comedy,2008.0,,bedtime stories adventure children comedy
65126,Choke,Comedy Drama,2008.0,,choke comedy drama
65130,Revolutionary Road,Drama Romance,2008.0,,revolutionary road drama romance
65133,Blackadder Back & Forth,Comedy,1999.0,,blackadder back forth comedy
65135,Blackadder's Christmas Carol,Comedy,1988.0,,blackadder s christmas carol comedy
65188,Dear Zachary: A Letter to a Son About His Father,Documentary,2008.0,,dear zachary a letter to a son about his father documentary
65193,Wild Child,Drama Romance,2008.0,,wild child drama romance
65216,Defiance,Drama Thriller War,2008.0,,defiance drama thriller war
65225,Zeitgeist: Addendum,Documentary,2008.0,,zeitgeist addendum documentary
65230,Marley & Me,Comedy Drama,2008.0,,marley me comedy drama
65261,Ponyo (Gake no ue no Ponyo),Adventure Animation Children Fantasy,2008.0,,ponyo gake no ue no ponyo adventure animation children fantasy
65350,"General Died at Dawn, The",Adventure Crime Thriller,1936.0,,general died at dawn the adventure crime thriller
65359,Earthsea (Legend of Earthsea),Adventure Drama Fantasy,2004.0,,earthsea legend of earthsea adventure drama fantasy
65514,Ip Man,Action Drama War,2008.0,,ip man action drama war
65577,"Tale of Despereaux, The",Adventure Animation Children Comedy Fantasy,2008.0,,tale of despereaux the adventure animation children comedy fantasy
65585,Bride Wars,Comedy Romance,2009.0,,bride wars comedy romance
65588,"Gamers, The: Dorkness Rising",Action Adventure Comedy Fantasy,2008.0,,gamers the dorkness rising action adventure comedy fantasy
65596,Mesrine: Killer Instinct (L'instinct de mort),Action Crime Drama Thriller,2008.0,,mesrine killer instinct l instinct de mort action crime drama thriller
65601,My Bloody Valentine 3-D,Horror Thriller,2009.0,,my bloody valentine 3 d horror thriller
65631,Battle in Seattle,Action Drama,2007.0,,battle in seattle action drama
65642,"Timecrimes (Cronocrímenes, Los)",Sci-Fi Thriller,2007.0,,timecrimes cronocr menes los sci fi thriller
65651,Fire and Ice,Adventure Fantasy,2008.0,,fire and ice adventure fantasy
65682,Underworld: Rise of the Lycans,Action Fantasy Horror Thriller,2009.0,,underworld rise of the lycans action fantasy horror thriller
65685,Inkheart,Adventure Fantasy,2008.0,,inkheart adventure fantasy
65738,Revenge of the Nerds III: The Next Generation,Comedy,1992.0,,revenge of the nerds iii the next generation comedy
65740,Revenge of the Nerds IV: Nerds in Love,Comedy Romance,1994.0,,revenge of the nerds iv nerds in love comedy romance
65802,Paul Blart: Mall Cop,Action Comedy Crime,2009.0,,paul blart mall cop action comedy crime
65810,Notorious,Drama Musical,2009.0,,notorious drama musical
65882,"Uninvited, The",Drama Horror Mystery Thriller,2009.0,,uninvited the drama horror mystery thriller
65982,Outlander,Action Adventure Sci-Fi,2008.0,,outlander action adventure sci fi
66090,Eden Lake,Horror Thriller,2008.0,,eden lake horror thriller
66097,Coraline,Animation Fantasy Thriller,2009.0,claymation creepy dark dark fairy tale surreal tim burton,coraline animation fantasy thriller claymation creepy dark dark fairy tale surreal tim burton
66171,Push,Sci-Fi Thriller,2009.0,,push sci fi thriller
66198,"International, The",Drama Thriller,2009.0,,international the drama thriller
66203,He's Just Not That Into You,Comedy Drama Romance,2009.0,,he s just not that into you comedy drama romance
66240,Dead Like Me: Life After Death,Comedy Fantasy,2009.0,,dead like me life after death comedy fantasy
66297,Futurama: Into the Wild Green Yonder,Action Animation Comedy Sci-Fi,2009.0,,futurama into the wild green yonder action animation comedy sci fi
66310,Frontière(s),Drama Horror Thriller,2007.0,,fronti re s drama horror thriller
66320,"11th Hour, The",Documentary,2007.0,,11th hour the documentary
66335,Afro Samurai: Resurrection,Animation,2009.0,,afro samurai resurrection animation
66371,Departures (Okuribito),Drama,2008.0,,departures okuribito drama
66427,My Name Is Bruce,Comedy Horror,2007.0,,my name is bruce comedy horror
66509,Funny People,Comedy Drama,2009.0,,funny people comedy drama
66511,Berlin Calling,Comedy Drama,2008.0,,berlin calling comedy drama
66544,Nuremberg,Drama War,2000.0,,nuremberg drama war
66665,Away We Go,Comedy Drama Romance,2009.0,,away we go comedy drama romance
66744,"Divo, Il",Drama,2008.0,,divo il drama
66783,Friday the 13th,Horror,2009.0,,friday the 13th horror
66785,"Good, the Bad, the Weird, The (Joheunnom nabbeunnom isanghannom)",Action Adventure Comedy Western,2008.0,,good the bad the weird the joheunnom nabbeunnom isanghannom action adventure comedy western
66798,"Pink Panther 2, The",Adventure Comedy Mystery,2009.0,,pink panther 2 the adventure comedy mystery
66915,Rock-A-Doodle,Adventure Animation Children Musical,1991.0,,rock a doodle adventure animation children musical
66934,Dr. Horrible's Sing-Along Blog,Comedy Drama Musical Sci-Fi,2008.0,joss whedon nathan fillion neil patrick harris parody,dr horrible s sing along blog comedy drama musical sci fi joss whedon nathan fillion neil patrick harris parody
66943,"Cottage, The",Comedy Crime Horror Thriller,2008.0,,cottage the comedy crime horror thriller
67087,"I Love You, Man",Comedy,2009.0,andy samberg bromance bromantic comedy jaime pressly jason segel masculinity paul rudd,i love you man comedy andy samberg bromance bromantic comedy jaime pressly jason segel masculinity paul rudd
67168,Dance of the Dead,Adventure Comedy Horror,2008.0,,dance of the dead adventure comedy horror
67186,"Haunting in Connecticut, The",Horror Thriller,2009.0,,haunting in connecticut the horror thriller
67193,Duplicity,Crime Romance Thriller,2009.0,,duplicity crime romance thriller
67197,Knowing,Action Drama Mystery Sci-Fi Thriller,2009.0,,knowing action drama mystery sci fi thriller
67255,"Girl with the Dragon Tattoo, The (Män som hatar kvinnor)",Crime Drama Mystery Thriller,2009.0,,girl with the dragon tattoo the m n som hatar kvinnor crime drama mystery thriller
67267,Sunshine Cleaning,Comedy Drama,2008.0,,sunshine cleaning comedy drama
67295,Kung Fu Panda: Secrets of the Furious Five,Action Animation Children Comedy,2008.0,,kung fu panda secrets of the furious five action animation children comedy
67361,Echelon Conspiracy,Action Mystery Thriller,2009.0,,echelon conspiracy action mystery thriller
67408,Monsters vs. Aliens,Animation Sci-Fi IMAX,2009.0,,monsters vs aliens animation sci fi imax
67508,"Baader Meinhof Komplex, Der",Action Crime Drama Thriller,2008.0,,baader meinhof komplex der action crime drama thriller
67534,Big Stan,Comedy,2007.0,,big stan comedy
67618,Strictly Sexual,Comedy Drama Romance,2008.0,,strictly sexual comedy drama romance
67665,Anvil! The Story of Anvil,Documentary Musical,2008.0,,anvil the story of anvil documentary musical
67695,Observe and Report,Action Comedy,2009.0,seth rogen,observe and report action comedy seth rogen
67734,Adventureland,Comedy Drama,2009.0,,adventureland comedy drama
67788,Confessions of a Shopaholic,Comedy Romance,2009.0,,confessions of a shopaholic comedy romance
67799,The Butterfly Effect 3: Revelations,Drama Fantasy Sci-Fi Thriller,2009.0,,the butterfly effect 3 revelations drama fantasy sci fi thriller
67888,Man on the Flying Trapeze,Comedy,1935.0,,man on the flying trapeze comedy
67923,"Fast & Furious (Fast and the Furious 4, The)",Action Crime Drama Thriller,2009.0,,fast furious fast and the furious 4 the action crime drama thriller
67997,In the Loop,Comedy,2009.0,,in the loop comedy
68073,Pirate Radio,Comedy Drama,2009.0,,pirate radio comedy drama
68135,17 Again,Comedy Drama,2009.0,,17 again comedy drama
68157,Inglourious Basterds,Action Drama War,2009.0,black comedy brad pitt christoph waltz quentin tarantino satire,inglourious basterds action drama war black comedy brad pitt christoph waltz quentin tarantino satire
68159,State of Play,Crime Drama Thriller,2009.0,,state of play crime drama thriller
68194,"Damned United, The",Drama,2009.0,,damned united the drama
68205,Crank: High Voltage,Action Comedy Crime,2009.0,,crank high voltage action comedy crime
68237,Moon,Drama Mystery Sci-Fi Thriller,2009.0,2001-like sci-fi solitude,moon drama mystery sci fi thriller 2001 like sci fi solitude
68269,"Young Victoria, The",Drama Romance,2009.0,,young victoria the drama romance
68319,X-Men Origins: Wolverine,Action Sci-Fi Thriller,2009.0,comic book bad plot comic book hugh jackman ryan reynolds too many characters,x men origins wolverine action sci fi thriller comic book bad plot comic book hugh jackman ryan reynolds too many characters
68347,Sin Nombre,Crime Drama Thriller,2009.0,,sin nombre crime drama thriller
68358,Star Trek,Action Adventure Sci-Fi IMAX,2009.0,future lack of development lack of story quick cuts sci-fi simon pegg space space travel time travel,star trek action adventure sci fi imax future lack of development lack of story quick cuts sci fi simon pegg space space travel time travel
68444,"Great Buck Howard, The",Comedy,2008.0,,great buck howard the comedy
68480,Flatfoot on the Nile (Piedone d'Egitto),Action Comedy Crime,1980.0,,flatfoot on the nile piedone d egitto action comedy crime
68486,Red Cliff Part II (Chi Bi Xia: Jue Zhan Tian Xia),Action Drama War,2009.0,,red cliff part ii chi bi xia jue zhan tian xia action drama war
68522,Earth,Documentary,2007.0,,earth documentary
68536,Stanley Kubrick: A Life in Pictures,Documentary,2001.0,,stanley kubrick a life in pictures documentary
68552,Crossing Over,Drama,2009.0,,crossing over drama
68554,Angels & Demons,Crime Drama Mystery Thriller,2009.0,,angels demons crime drama mystery thriller
68597,Scorpio,Action Drama Thriller,1973.0,,scorpio action drama thriller
68600,Balls Out: Gary the Tennis Coach,Comedy,2009.0,,balls out gary the tennis coach comedy
68650,Powder Blue,Drama,2009.0,,powder blue drama
68659,Fanboys,Adventure Comedy Drama,2009.0,,fanboys adventure comedy drama
68791,Terminator Salvation,Action Adventure Sci-Fi Thriller,2009.0,artificial intelligence bad acting bad plot bad script christian bale fighting the system franchise new composer post-apocalyptic robots sci-fi sequel,terminator salvation action adventure sci fi thriller artificial intelligence bad acting bad plot bad script christian bale fighting the system franchise new composer post apocalyptic robots sci fi sequel
68793,Night at the Museum: Battle of the Smithsonian,Action Comedy IMAX,2009.0,,night at the museum battle of the smithsonian action comedy imax
68835,Were the World Mine,Adventure Fantasy Musical Romance,2008.0,,were the world mine adventure fantasy musical romance
68848,"Brothers Bloom, The",Adventure Comedy Crime Romance,2008.0,adrien brody con artists funny interesting characters mark ruffalo rachel weisz,brothers bloom the adventure comedy crime romance adrien brody con artists funny interesting characters mark ruffalo rachel weisz
68872,Paisan (Paisà),Drama War,1946.0,,paisan pais drama war
68886,I Do: How to Get Married and Stay Single (Prête-moi ta main),Comedy Romance,2006.0,,i do how to get married and stay single pr te moi ta main comedy romance
68932,"Soloist, The",Drama Musical,2009.0,,soloist the drama musical
68945,Neon Genesis Evangelion: Death & Rebirth (Shin seiki Evangelion Gekijô-ban: Shito shinsei),Action Animation Mystery Sci-Fi,1997.0,recap,neon genesis evangelion death rebirth shin seiki evangelion gekij ban shito shinsei action animation mystery sci fi recap
68952,Drag Me to Hell,Comedy Horror,2009.0,,drag me to hell comedy horror
68954,Up,Adventure Animation Children Drama,2009.0,adventure bechdel test:fail cartoon children computer animation divorce dogs dreams pixar bittersweet emotional heartbreaking touching,up adventure animation children drama adventure bechdel test fail cartoon children computer animation divorce dogs dreams pixar bittersweet emotional heartbreaking touching
68959,Fullmetal Alchemist the Movie: Conqueror of Shamballa (Gekijô-ban hagane no renkinjutsushi: Shanbara wo yuku mono),Action Adventure Animation Drama,2005.0,,fullmetal alchemist the movie conqueror of shamballa gekij ban hagane no renkinjutsushi shanbara wo yuku mono action adventure animation drama
69069,Fired Up,Comedy,2009.0,,fired up comedy
69118,In the Electric Mist,Drama Mystery,2009.0,,in the electric mist drama mystery
69122,"Hangover, The",Comedy Crime,2009.0,casino comedy funny hotel las vegas,hangover the comedy crime casino comedy funny hotel las vegas
69131,Killshot,Action Crime Drama Thriller,2008.0,,killshot action crime drama thriller
69134,Antichrist,Drama Fantasy,2009.0,,antichrist drama fantasy
69140,Sweeney Todd,Crime Drama Horror Thriller,2006.0,,sweeney todd crime drama horror thriller
69211,Boy Eats Girl,Comedy Horror,2005.0,,boy eats girl comedy horror
69224,Marius and Jeanette (Marius et Jeannette),Comedy Drama Romance,1997.0,,marius and jeanette marius et jeannette comedy drama romance
69227,Ernest Rides Again,Children Comedy,1993.0,,ernest rides again children comedy
69251,Special,Drama Fantasy,2006.0,,special drama fantasy
69275,Dead Snow (Død snø),Action Adventure Comedy Horror,2009.0,,dead snow d d sn action adventure comedy horror
69278,Land of the Lost,Action Adventure Comedy Sci-Fi,2009.0,,land of the lost action adventure comedy sci fi
69304,Imagine That,Comedy Drama Fantasy,2009.0,,imagine that comedy drama fantasy
69306,"Taking of Pelham 1 2 3, The",Crime Drama Thriller,2009.0,,taking of pelham 1 2 3 the crime drama thriller
69394,"Stoning of Soraya M., The",Crime Drama,2008.0,,stoning of soraya m the crime drama
69406,"Proposal, The",Comedy Romance,2009.0,,proposal the comedy romance
69436,Year One,Adventure Comedy,2009.0,,year one adventure comedy
69453,"Land That Time Forgot, The",Adventure Sci-Fi,1975.0,,land that time forgot the adventure sci fi
69469,Garfield's Pet Force,Animation,2009.0,,garfield s pet force animation
69481,"Hurt Locker, The",Action Drama Thriller War,2008.0,war,hurt locker the action drama thriller war war
69495,Breakfast with Scot,Drama Romance,2007.0,,breakfast with scot drama romance
69516,"Limits of Control, The",Crime Drama Film-Noir,2009.0,,limits of control the crime drama film noir
69524,Raiders of the Lost Ark: The Adaptation,Action Adventure Thriller,1989.0,,raiders of the lost ark the adaptation action adventure thriller
69526,Transformers: Revenge of the Fallen,Action Adventure Sci-Fi IMAX,2009.0,bad plot michael bay needed more autobots plot holes ridiculous shia labeouf stop using useless characters for filler,transformers revenge of the fallen action adventure sci fi imax bad plot michael bay needed more autobots plot holes ridiculous shia labeouf stop using useless characters for filler
69529,Home,Documentary,2009.0,,home documentary
69604,Whatever Works,Comedy Romance,2009.0,,whatever works comedy romance
69606,Ghosts of Girlfriends Past,Comedy Fantasy Romance,2009.0,,ghosts of girlfriends past comedy fantasy romance
69640,Public Enemies,Crime Drama Thriller,2009.0,,public enemies crime drama thriller
69644,Ice Age: Dawn of the Dinosaurs,Action Adventure Animation Children Comedy Romance,2009.0,,ice age dawn of the dinosaurs action adventure animation children comedy romance
69654,Prison Break: The Final Break,Action Drama Thriller,2009.0,,prison break the final break action drama thriller
69685,Daria: Is It College Yet?,Animation Comedy,2002.0,,daria is it college yet animation comedy
69712,My Sister's Keeper,Drama,2009.0,,my sister s keeper drama
69720,Hood of Horror,Comedy Drama Horror,2006.0,,hood of horror comedy drama horror
69746,Watchmen: Tales of the Black Freighter,Action Adventure Animation Horror,2009.0,,watchmen tales of the black freighter action adventure animation horror
69757,(500) Days of Summer,Comedy Drama Romance,2009.0,artistic funny humorous inspiring intelligent quirky romance zooey deschanel,500 days of summer comedy drama romance artistic funny humorous inspiring intelligent quirky romance zooey deschanel
69784,Brüno (Bruno),Comedy,2009.0,,br no bruno comedy
69805,"Librarian, The: The Curse of the Judas Chalice",Action Adventure Fantasy,2008.0,,librarian the the curse of the judas chalice action adventure fantasy
69844,Harry Potter and the Half-Blood Prince,Adventure Fantasy Mystery Romance IMAX,2009.0,,harry potter and the half blood prince adventure fantasy mystery romance imax
69849,Roots,Drama War,1977.0,,roots drama war
69860,Eichmann,Drama War,2007.0,,eichmann drama war
69904,Open Water 2: Adrift,Drama Thriller,2006.0,,open water 2 adrift drama thriller
69951,"Imaginarium of Doctor Parnassus, The",Drama Fantasy,2009.0,,imaginarium of doctor parnassus the drama fantasy
69953,9to5: Days in Porn (a.k.a. 9 to 5: Days in Porn),Documentary,2008.0,,9to5 days in porn a k a 9 to 5 days in porn documentary
69988,Humpday,Comedy,2009.0,,humpday comedy
70015,Polytechnique,Crime Drama,2009.0,,polytechnique crime drama
70159,Orphan,Drama Horror Mystery Thriller,2009.0,,orphan drama horror mystery thriller
70183,"Ugly Truth, The",Comedy Drama Romance,2009.0,,ugly truth the comedy drama romance
70206,"Collector, The",Crime Horror Thriller,2009.0,,collector the crime horror thriller
70208,"Perfect Getaway, A",Horror Thriller,2009.0,,perfect getaway a horror thriller
70286,District 9,Mystery Sci-Fi Thriller,2009.0,intelligent sci-fi,district 9 mystery sci fi thriller intelligent sci fi
70293,Julie & Julia,Comedy Drama Romance,2009.0,,julie julia comedy drama romance
70301,Obsessed,Crime Drama Thriller,2009.0,,obsessed crime drama thriller
70305,Race to Witch Mountain,Adventure Children Fantasy Sci-Fi Thriller,2009.0,,race to witch mountain adventure children fantasy sci fi thriller
70334,Hannah Montana: The Movie,Comedy Drama Musical Romance,2009.0,,hannah montana the movie comedy drama musical romance
70336,G.I. Joe: The Rise of Cobra,Action Adventure Sci-Fi Thriller,2009.0,,g i joe the rise of cobra action adventure sci fi thriller
70361,12 Rounds,Action Thriller,2009.0,,12 rounds action thriller
70451,Max Manus,Action Drama War,2008.0,,max manus action drama war
70492,Winds of the Wasteland,Western,1936.0,,winds of the wasteland western
70521,Lost in Austen,Drama Fantasy Romance Sci-Fi,2008.0,,lost in austen drama fantasy romance sci fi
70533,Evangelion: 1.0 You Are (Not) Alone (Evangerion shin gekijôban: Jo),Action Animation Sci-Fi,2007.0,,evangelion 1 0 you are not alone evangerion shin gekij ban jo action animation sci fi
70545,"Deal, The",Comedy,2008.0,,deal the comedy
70565,"Goods: Live Hard, Sell Hard, The",Comedy,2009.0,,goods live hard sell hard the comedy
70599,"Time Traveler's Wife, The",Drama Romance Sci-Fi,2009.0,,time traveler s wife the drama romance sci fi
70637,I Can't Think Straight,Drama Romance,2007.0,,i can t think straight drama romance
70641,Miss March,Comedy,2009.0,,miss march comedy
70663,"I Love You, Beth Cooper",Comedy Romance,2009.0,,i love you beth cooper comedy romance
70687,Paper Heart,Comedy Documentary Drama Romance,2009.0,,paper heart comedy documentary drama romance
70697,G-Force,Action Adventure Children Fantasy,2009.0,,g force action adventure children fantasy
70703,Christopher Columbus: The Discovery,Adventure,1992.0,,christopher columbus the discovery adventure
70708,Tetro,Drama Mystery,2009.0,,tetro drama mystery
70728,Bronson,Action Comedy Drama Thriller,2009.0,,bronson action comedy drama thriller
70862,It Might Get Loud,Documentary,2008.0,,it might get loud documentary
70932,My Life in Ruins,Comedy,2009.0,,my life in ruins comedy
70946,Troll 2,Fantasy Horror,1990.0,,troll 2 fantasy horror
70984,Taking Woodstock,Comedy,2009.0,,taking woodstock comedy
70990,If These Walls Could Talk,Drama,1996.0,,if these walls could talk drama
70994,Halloween II,Horror Thriller,2009.0,,halloween ii horror thriller
71033,"Secret in Their Eyes, The (El secreto de sus ojos)",Crime Drama Mystery Romance Thriller,2009.0,,secret in their eyes the el secreto de sus ojos crime drama mystery romance thriller
71057,9,Adventure Animation Sci-Fi,2009.0,,9 adventure animation sci fi
71106,Frequently Asked Questions About Time Travel,Comedy Sci-Fi,2009.0,,frequently asked questions about time travel comedy sci fi
71108,"White Ribbon, The (Das weiße Band)",Drama Mystery,2009.0,,white ribbon the das wei e band drama mystery
71129,Green Lantern: First Flight,Action Adventure Animation Fantasy Sci-Fi,2009.0,,green lantern first flight action adventure animation fantasy sci fi
71131,"Most Hated Family in America, The",Documentary,2007.0,,most hated family in america the documentary
71135,Pandorum,Horror Sci-Fi Thriller,2009.0,,pandorum horror sci fi thriller
71147,Death of a Cyclist (Muerte de un ciclista),Drama,1955.0,,death of a cyclist muerte de un ciclista drama
71156,"Men Who Stare at Goats, The",Action Comedy Drama,2009.0,,men who stare at goats the action comedy drama
71160,"Hunt For Gollum, The",Action Adventure Fantasy,2009.0,,hunt for gollum the action adventure fantasy
71205,Jennifer's Body,Comedy Horror Sci-Fi Thriller,2009.0,,jennifer s body comedy horror sci fi thriller
71211,"Informant!, The",Comedy Crime Drama Thriller,2009.0,,informant the comedy crime drama thriller
71248,Extract,Comedy,2009.0,,extract comedy
71252,"Final Destination, The (Final Destination 4) (Final Destination in 3-D, The)",Horror Thriller,2009.0,,final destination the final destination 4 final destination in 3 d the horror thriller
71254,Gamer,Action Sci-Fi Thriller,2009.0,,gamer action sci fi thriller
71264,Cloudy with a Chance of Meatballs,Animation Children Fantasy IMAX,2009.0,,cloudy with a chance of meatballs animation children fantasy imax
71268,Tyler Perry's I Can Do Bad All by Myself,Comedy Drama,2009.0,,tyler perry s i can do bad all by myself comedy drama
71282,"Food, Inc.",Documentary,2008.0,,food inc documentary
71302,Attack of the 50 Foot Woman,Comedy Sci-Fi,1958.0,,attack of the 50 foot woman comedy sci fi
71304,Thirst (Bakjwi),Drama Horror,2009.0,,thirst bakjwi drama horror
71327,Bright Star,Drama Romance,2009.0,,bright star drama romance
71341,Blood Creek (a.k.a. Town Creek),Horror,2009.0,,blood creek a k a town creek horror
71379,Paranormal Activity,Horror Thriller,2009.0,,paranormal activity horror thriller
71429,World's Greatest Dad,Comedy Drama,2009.0,,world s greatest dad comedy drama
71438,Still Walking (Aruitemo aruitemo),Drama,2008.0,,still walking aruitemo aruitemo drama
71453,"Blood of the Beasts (Sang des bêtes, Le)",Documentary Drama,1949.0,,blood of the beasts sang des b tes le documentary drama
71462,"Cove, The",Documentary,2009.0,,cove the documentary
71464,"Serious Man, A",Comedy Drama,2009.0,,serious man a comedy drama
71466,City Island,Comedy Drama,2009.0,,city island comedy drama
71468,Ink,Action Fantasy Sci-Fi,2009.0,,ink action fantasy sci fi
71484,Metropia,Animation Sci-Fi,2009.0,,metropia animation sci fi
71494,"Haunted World of El Superbeasto, The",Action Animation Comedy Horror Thriller,2009.0,narrative pisstake,haunted world of el superbeasto the action animation comedy horror thriller narrative pisstake
71500,Trick 'r Treat,Comedy Horror Thriller,2007.0,,trick r treat comedy horror thriller
71518,Whip It,Comedy Drama,2009.0,,whip it comedy drama
71520,"Invention of Lying, The",Comedy,2009.0,,invention of lying the comedy
71530,Surrogates,Action Sci-Fi Thriller,2009.0,,surrogates action sci fi thriller
71535,Zombieland,Action Comedy Horror,2009.0,bill murray dark comedy emma stone funny jesse eisenberg woody harrelson,zombieland action comedy horror bill murray dark comedy emma stone funny jesse eisenberg woody harrelson
71550,Assassination of a High School President,Comedy Drama Mystery,2008.0,,assassination of a high school president comedy drama mystery
71579,"Education, An",Drama Romance,2009.0,,education an drama romance
71619,Coco Before Chanel (Coco avant Chanel),Drama,2009.0,,coco before chanel coco avant chanel drama
71640,Burma VJ: Reporting from a Closed Country (Burma VJ: Reporter i et lukket land),Documentary,2008.0,,burma vj reporting from a closed country burma vj reporter i et lukket land documentary
71668,Couples Retreat,Comedy Romance,2009.0,,couples retreat comedy romance
71732,I Sell the Dead,Comedy Horror,2008.0,,i sell the dead comedy horror
71745,Where the Wild Things Are,Adventure Children Drama Fantasy IMAX,2009.0,,where the wild things are adventure children drama fantasy imax
71810,Legionnaire,Action Adventure Drama War,1998.0,,legionnaire action adventure drama war
71823,"New York, I Love You",Drama Romance,2009.0,,new york i love you drama romance
71838,Law Abiding Citizen,Drama Thriller,2009.0,,law abiding citizen drama thriller
71867,"Misfortunates, The (De helaasheid der dingen)",Drama,2009.0,,misfortunates the de helaasheid der dingen drama
71899,Mary and Max,Animation Comedy Drama,2009.0,bittersweet black comedy character study dark comedy friendship loneliness mental illness philosophical poignant quirky sad sweet touching,mary and max animation comedy drama bittersweet black comedy character study dark comedy friendship loneliness mental illness philosophical poignant quirky sad sweet touching
71902,Spread,Drama Romance,2009.0,,spread drama romance
71910,"Tournament, The",Action,2009.0,,tournament the action
71970,"Princess and the Pirate, The",Adventure Comedy Romance,1944.0,,princess and the pirate the adventure comedy romance
71999,Aelita: The Queen of Mars (Aelita),Action Adventure Drama Fantasy Romance Sci-Fi Thriller,1924.0,,aelita the queen of mars aelita action adventure drama fantasy romance sci fi thriller
72011,Up in the Air,Drama Romance,2009.0,,up in the air drama romance
72104,Balance,Animation Drama Mystery Sci-Fi Thriller,1989.0,,balance animation drama mystery sci fi thriller
72129,Saw VI,Crime Horror Mystery Thriller,2009.0,,saw vi crime horror mystery thriller
72142,Love Exposure (Ai No Mukidashi),Action Comedy Drama Romance,2008.0,,love exposure ai no mukidashi action comedy drama romance
72165,Cirque du Freak: The Vampire's Assistant,Action Adventure Comedy Fantasy Horror Thriller,2009.0,,cirque du freak the vampire s assistant action adventure comedy fantasy horror thriller
72167,"Boondock Saints II: All Saints Day, The",Action Crime Drama Thriller,2009.0,,boondock saints ii all saints day the action crime drama thriller
72171,Black Dynamite,Action Comedy,2009.0,,black dynamite action comedy
72178,Welcome to Dongmakgol,Comedy Drama War,2005.0,,welcome to dongmakgol comedy drama war
72224,Gentlemen Broncos,Comedy,2009.0,bad humor,gentlemen broncos comedy bad humor
72226,Fantastic Mr. Fox,Adventure Animation Children Comedy Crime,2009.0,,fantastic mr fox adventure animation children comedy crime
72294,"Christmas Carol, A",Animation Children Drama Fantasy IMAX,2009.0,,christmas carol a animation children drama fantasy imax
72308,Battlestar Galactica: The Plan,Action Adventure Drama Sci-Fi,2009.0,,battlestar galactica the plan action adventure drama sci fi
72330,"Private Lives of Pippa Lee, The",Drama,2009.0,,private lives of pippa lee the drama
72356,Partly Cloudy,Animation Children Comedy Fantasy,2009.0,,partly cloudy animation children comedy fantasy
72378,2012,Action Drama Sci-Fi Thriller,2009.0,,2012 action drama sci fi thriller
72395,Precious,Drama,2009.0,,precious drama
72405,Bad Lieutenant: Port of Call New Orleans,Crime Drama,2009.0,,bad lieutenant port of call new orleans crime drama
72407,"Twilight Saga: New Moon, The",Drama Fantasy Horror Romance Thriller,2009.0,,twilight saga new moon the drama fantasy horror romance thriller
72424,Derailed,Action Thriller,2002.0,,derailed action thriller
72479,"Messenger, The",Drama Romance War,2009.0,,messenger the drama romance war
72489,Ninja Assassin,Action Crime Drama Thriller,2009.0,,ninja assassin action crime drama thriller
72554,Cell 211 (Celda 211),Action Drama,2009.0,,cell 211 celda 211 action drama
72591,"Patriot, The",Action Thriller,1998.0,,patriot the action thriller
72601,Teenage Mutant Ninja Turtles: Turtles Forever,Action Adventure Animation Comedy Thriller,2009.0,,teenage mutant ninja turtles turtles forever action adventure animation comedy thriller
72603,Merry Madagascar,Animation,2009.0,,merry madagascar animation
72605,Brothers,Drama Thriller War,2009.0,,brothers drama thriller war
72624,Garage,Drama,2007.0,,garage drama
72641,"Blind Side, The",Drama,2009.0,,blind side the drama
72692,Mickey's Once Upon a Christmas,Animation Comedy Fantasy,1999.0,,mickey s once upon a christmas animation comedy fantasy
72694,Shrink,Drama,2009.0,,shrink drama
72696,Old Dogs,Comedy,2009.0,,old dogs comedy
72701,Planet 51,Adventure Animation Children Comedy Sci-Fi,2009.0,,planet 51 adventure animation children comedy sci fi
72714,Earthlings,Documentary,2006.0,,earthlings documentary
72720,"Single Man, A",Drama,2009.0,,single man a drama
72731,"Lovely Bones, The",Crime Drama Fantasy Horror Thriller,2009.0,,lovely bones the crime drama fantasy horror thriller
72733,Invictus,Drama,2009.0,,invictus drama
72737,"Princess and the Frog, The",Animation Children Fantasy Musical Romance,2009.0,,princess and the frog the animation children fantasy musical romance
72874,"Peacekeeper, The",Action,1997.0,,peacekeeper the action
72919,Did You Hear About the Morgans?,Comedy Crime Drama Romance,2009.0,,did you hear about the morgans comedy crime drama romance
72921,Snow White,Fantasy Romance,1916.0,,snow white fantasy romance
72982,Alice,Action Adventure Fantasy,2009.0,,alice action adventure fantasy
72998,Avatar,Action Adventure Sci-Fi IMAX,2009.0,bad science futuristic graphic design james cameron military poor dialogue sci-fi superficial plot unoriginal white guilt beautiful scenery graphic design music politics romance thought-provoking too long visually stunning,avatar action adventure sci fi imax bad science futuristic graphic design james cameron military poor dialogue sci fi superficial plot unoriginal white guilt beautiful scenery graphic design music politics romance thought provoking too long visually stunning
73015,It's Complicated,Comedy Romance,2009.0,,it s complicated comedy romance
73017,Sherlock Holmes,Action Crime Mystery Thriller,2009.0,,sherlock holmes action crime mystery thriller
73023,Crazy Heart,Drama Romance,2009.0,,crazy heart drama romance
73042,Alvin and the Chipmunks: The Squeakquel,Animation Children Comedy Musical,2009.0,,alvin and the chipmunks the squeakquel animation children comedy musical
73106,American Pie Presents: The Book of Love (American Pie 7: The Book of Love),Comedy,2009.0,,american pie presents the book of love american pie 7 the book of love comedy
73160,Sorority Babes in the Slimeball Bowl-O-Rama,Comedy Horror,1988.0,,sorority babes in the slimeball bowl o rama comedy horror
73211,Pontypool,Horror Thriller,2008.0,,pontypool horror thriller
73266,Youth in Revolt,Comedy Drama Romance,2009.0,,youth in revolt comedy drama romance
73268,Daybreakers,Action Drama Horror Thriller,2010.0,,daybreakers action drama horror thriller
73290,Hachiko: A Dog's Story (a.k.a. Hachi: A Dog's Tale),Drama,2009.0,,hachiko a dog s story a k a hachi a dog s tale drama
73319,Leap Year,Comedy Romance,2010.0,,leap year comedy romance
73321,"Book of Eli, The",Action Adventure Drama,2010.0,,book of eli the action adventure drama
73323,"Girl Who Kicked the Hornet's Nest, The (Luftslottet som sprängdes)",Action Crime Mystery,2009.0,,girl who kicked the hornet s nest the luftslottet som spr ngdes action crime mystery
73344,"Prophet, A (Un Prophète)",Crime Drama,2009.0,,prophet a un proph te crime drama
73386,Staten Island,Crime Drama,2009.0,,staten island crime drama
73431,"Maiden Heist, The",Comedy Crime,2009.0,,maiden heist the comedy crime
73488,Blood: The Last Vampire,Action Horror Thriller,2009.0,,blood the last vampire action horror thriller
73499,MacGyver: Lost Treasure of Atlantis,Action Adventure,1994.0,,macgyver lost treasure of atlantis action adventure
73501,Pekka ja Pätkä Suezilla,Comedy,1958.0,,pekka ja p tk suezilla comedy
73515,Bart Got a Room,Comedy Romance,2008.0,,bart got a room comedy romance
73569,Project A 2 ('A' gai wak juk jap),Action Comedy Crime,1987.0,,project a 2 a gai wak juk jap action comedy crime
73676,Robin-B-Hood (Bo bui gai wak),Action Comedy Drama,2006.0,,robin b hood bo bui gai wak action comedy drama
73681,"Concert, Le",Comedy Drama,2009.0,,concert le comedy drama
73741,Ninja,Action Crime Drama Thriller,2009.0,,ninja action crime drama thriller
73804,Asterix at the Olympic Games (Astérix aux jeux olympiques),Adventure Children Comedy Fantasy,2008.0,,asterix at the olympic games ast rix aux jeux olympiques adventure children comedy fantasy
73808,"Chaser, The (Chugyeogja)",Crime Drama Thriller,2008.0,,chaser the chugyeogja crime drama thriller
73822,Meantime,Comedy Drama,1984.0,,meantime comedy drama
73854,"Rudolph, the Red-Nosed Reindeer",Adventure Animation Children Fantasy Musical,1964.0,,rudolph the red nosed reindeer adventure animation children fantasy musical
73858,"Dennis the Menace Christmas, A",Comedy,2007.0,,dennis the menace christmas a comedy
73876,Undisputed II: Last Man Standing,Action Crime Drama,2006.0,,undisputed ii last man standing action crime drama
73881,3 Idiots,Comedy Drama Romance,2009.0,,3 idiots comedy drama romance
73929,Legion,Action Fantasy Horror Thriller,2010.0,,legion action fantasy horror thriller
74075,Stan Helsing,Comedy Horror,2009.0,,stan helsing comedy horror
74089,Peter Pan,Children Fantasy Musical,1960.0,,peter pan children fantasy musical
74095,Wicked City (Yôjû toshi),Animation Fantasy Horror Sci-Fi,1987.0,,wicked city y j toshi animation fantasy horror sci fi
74154,When in Rome,Comedy Romance,2010.0,,when in rome comedy romance
74226,"Dream of Light (a.k.a. Quince Tree Sun, The) (Sol del membrillo, El)",Documentary Drama,1992.0,,dream of light a k a quince tree sun the sol del membrillo el documentary drama
74228,Triangle,Drama Horror Mystery Thriller,2009.0,,triangle drama horror mystery thriller
74275,I Love You Phillip Morris,Comedy Drama Romance,2009.0,,i love you phillip morris comedy drama romance
74282,Anne of Green Gables: The Sequel (a.k.a. Anne of Avonlea),Children Drama Romance,1987.0,,anne of green gables the sequel a k a anne of avonlea children drama romance
74324,Temple Grandin,Drama,2010.0,,temple grandin drama
74342,"Captain Newman, M.D.",Comedy Drama War,1963.0,,captain newman m d comedy drama war
74370,"House of the Devil, The",Horror Thriller,2009.0,,house of the devil the horror thriller
74450,Valentine's Day,Comedy Romance,2010.0,,valentine s day comedy romance
74452,"Wolfman, The",Horror Thriller,2010.0,,wolfman the horror thriller
74458,Shutter Island,Drama Mystery Thriller,2010.0,insanity leonardo dicaprio martin scorsese plot twist psychological psychological thriller thought-provoking,shutter island drama mystery thriller insanity leonardo dicaprio martin scorsese plot twist psychological psychological thriller thought provoking
74508,Persuasion,Drama Romance,2007.0,,persuasion drama romance
74510,"Girl Who Played with Fire, The (Flickan som lekte med elden)",Action Crime Drama Mystery Thriller,2009.0,,girl who played with fire the flickan som lekte med elden action crime drama mystery thriller
74530,Percy Jackson & the Olympians: The Lightning Thief,Adventure Fantasy,2010.0,,percy jackson the olympians the lightning thief adventure fantasy
74532,Cop Out,Action Comedy Crime,2010.0,,cop out action comedy crime
74545,"Ghost Writer, The",Drama Mystery Thriller,2010.0,,ghost writer the drama mystery thriller
74553,"Secret of Kells, The",Animation Fantasy,2009.0,,secret of kells the animation fantasy
74580,"Spy Next Door, The",Action Children Comedy,2010.0,,spy next door the action children comedy
74624,Agora,Adventure Drama Romance,2009.0,,agora adventure drama romance
74647,Motherhood,Comedy,2009.0,,motherhood comedy
74668,District 13: Ultimatum (Banlieue 13 - Ultimatum),Action Sci-Fi,2009.0,,district 13 ultimatum banlieue 13 ultimatum action sci fi
74677,"Yes Men Fix the World, The",Documentary,2009.0,,yes men fix the world the documentary
74683,Mike Bassett: England Manager,Comedy,2001.0,,mike bassett england manager comedy
74685,"Crazies, The",Action Drama Horror Sci-Fi Thriller,2010.0,,crazies the action drama horror sci fi thriller
74688,Dear John,Drama Romance War,2010.0,,dear john drama romance war
74696,Last Train Home,Documentary Drama,2009.0,,last train home documentary drama
74698,Tooth Fairy,Comedy Fantasy,2010.0,,tooth fairy comedy fantasy
74727,Gentlemen of Fortune (Dzhentlmeny udachi),Comedy Crime Drama Mystery,1972.0,,gentlemen of fortune dzhentlmeny udachi comedy crime drama mystery
74750,[REC]²,Horror Thriller,2009.0,,rec horror thriller
74754,"Room, The",Comedy Drama Romance,2003.0,,room the comedy drama romance
74789,Alice in Wonderland,Adventure Fantasy IMAX,2010.0,,alice in wonderland adventure fantasy imax
74791,"Town Called Panic, A (Panique au village)",Animation,2009.0,surreal whimsical,town called panic a panique au village animation surreal whimsical
74795,Green Zone,Action Drama Thriller War,2010.0,,green zone action drama thriller war
74851,From Paris with Love,Action Crime,2010.0,,from paris with love action crime
74868,Dorian Gray,Drama Horror Sci-Fi,2009.0,,dorian gray drama horror sci fi
74916,Greenberg,Comedy Drama,2010.0,,greenberg comedy drama
74946,She's Out of My League,Comedy,2010.0,,she s out of my league comedy
74948,Harry Brown,Crime Drama Thriller,2009.0,,harry brown crime drama thriller
75341,Remember Me,Drama Romance,2010.0,,remember me drama romance
75389,"Burrowers, The",Horror Thriller Western,2008.0,,burrowers the horror thriller western
75395,Frozen,Drama Horror Thriller,2010.0,,frozen drama horror thriller
75416,Generation X,Action Adventure Sci-Fi,1996.0,,generation x action adventure sci fi
75446,Little Ashes,Drama,2008.0,,little ashes drama
75803,Our Family Wedding,Comedy,2010.0,,our family wedding comedy
75805,"Bounty Hunter, The",Action Comedy Romance,2010.0,,bounty hunter the action comedy romance
75813,Leaves of Grass,Comedy Crime Drama Thriller,2009.0,,leaves of grass comedy crime drama thriller
75816,Women in Trouble,Comedy,2009.0,,women in trouble comedy
75947,Mondo Cane,Documentary,1962.0,,mondo cane documentary
75985,Repo Men,Action Sci-Fi Thriller,2010.0,,repo men action sci fi thriller
76030,Case 39,Horror Thriller,2009.0,,case 39 horror thriller
76054,Oceans (Océans),Documentary Drama,2009.0,,oceans oc ans documentary drama
76060,"Slammin' Salmon, The",Comedy,2009.0,,slammin salmon the comedy
76077,Hot Tub Time Machine,Comedy Sci-Fi,2010.0,,hot tub time machine comedy sci fi
76091,Mother (Madeo),Crime Drama Mystery Thriller,2009.0,,mother madeo crime drama mystery thriller
76093,How to Train Your Dragon,Adventure Animation Children Fantasy IMAX,2010.0,,how to train your dragon adventure animation children fantasy imax
76143,"Bone Man, The (Der Knochenmann)",Crime Thriller,2009.0,,bone man the der knochenmann crime thriller
76173,Micmacs (Micmacs à tire-larigot),Comedy Crime,2009.0,,micmacs micmacs tire larigot comedy crime
76175,Clash of the Titans,Action Adventure Drama Fantasy,2010.0,,clash of the titans action adventure drama fantasy
76251,Kick-Ass,Action Comedy,2010.0,,kick ass action comedy
76293,Date Night,Action Comedy Romance,2010.0,,date night action comedy romance
76301,"Emperor's New Groove 2: Kronk's New Groove, The",Animation Children Comedy Romance,2005.0,,emperor s new groove 2 kronk s new groove the animation children comedy romance
76738,Steam of Life (Miesten vuoro),Documentary,2010.0,,steam of life miesten vuoro documentary
76743,Mortadelo & Filemon: The Big Adventure (La gran aventura de Mortadelo y Filemón),Action Adventure Comedy,2003.0,,mortadelo filemon the big adventure la gran aventura de mortadelo y filem n action adventure comedy
76751,American Drug War: The Last White Hope,Crime Documentary,2007.0,,american drug war the last white hope crime documentary
76763,"Runaways, The",Drama Musical,2010.0,,runaways the drama musical
77177,Wild China,Documentary,2008.0,,wild china documentary
77191,Death at a Funeral,Comedy,2010.0,,death at a funeral comedy
77201,Valhalla Rising,Action Drama War,2009.0,,valhalla rising action drama war
77206,Diary of a Wimpy Kid,Children Comedy,2010.0,,diary of a wimpy kid children comedy
77233,"Union: The Business Behind Getting High, The",Comedy Documentary,2007.0,,union the business behind getting high the comedy documentary
77266,Disgrace,Drama,2008.0,,disgrace drama
77364,"Losers, The",Action Adventure Drama Mystery Thriller,2010.0,,losers the action adventure drama mystery thriller
77414,"Last Song, The",Drama Romance,2010.0,,last song the drama romance
77421,Cyrus,Comedy Drama Romance,2010.0,,cyrus comedy drama romance
77427,"Human Centipede, The (First Sequence)",Horror,2009.0,,human centipede the first sequence horror
77455,Exit Through the Gift Shop,Comedy Documentary,2010.0,,exit through the gift shop comedy documentary
77561,Iron Man 2,Action Adventure Sci-Fi Thriller IMAX,2010.0,,iron man 2 action adventure sci fi thriller imax
77667,MacGruber,Action Comedy,2010.0,,macgruber action comedy
77688,Three Men and a Cradle (3 hommes et un couffin),Comedy,1985.0,,three men and a cradle 3 hommes et un couffin comedy
77709,"Sky Crawlers, The (Sukai kurora)",Adventure Animation Drama,2008.0,,sky crawlers the sukai kurora adventure animation drama
77795,Cargo,Sci-Fi,2009.0,,cargo sci fi
77798,"Nightmare on Elm Street, A",Fantasy Horror Thriller,2010.0,,nightmare on elm street a fantasy horror thriller
77800,Four Lions,Comedy Drama,2010.0,,four lions comedy drama
77841,St Trinian's 2: The Legend of Fritton's Gold,Adventure Comedy,2009.0,,st trinian s 2 the legend of fritton s gold adventure comedy
77846,12 Angry Men,Crime Drama,1997.0,,12 angry men crime drama
77866,Robin Hood,Action Adventure Drama Romance War,2010.0,,robin hood action adventure drama romance war
77881,Lovers & Leavers (Kuutamolla),Drama Romance,2002.0,,lovers leavers kuutamolla drama romance
77893,Merantau,Action Drama,2009.0,,merantau action drama
77931,Stingray Sam,Comedy Musical Sci-Fi Western,2009.0,,stingray sam comedy musical sci fi western
78034,Cemetery Junction,Comedy Drama Romance,2010.0,,cemetery junction comedy drama romance
78039,Blue Valentine,Drama Romance,2010.0,,blue valentine drama romance
78041,Killers,Action Comedy,2010.0,,killers action comedy
78088,Buried,Mystery Thriller,2010.0,,buried mystery thriller
78103,Shake Hands with the Devil,Drama War,2007.0,,shake hands with the devil drama war
78105,Prince of Persia: The Sands of Time,Action Adventure Fantasy Romance IMAX,2010.0,,prince of persia the sands of time action adventure fantasy romance imax
78116,Please Give,Comedy Drama,2010.0,,please give comedy drama
78142,Baarìa,Comedy Drama War,2009.0,,baar a comedy drama war
78160,Ricky Gervais Live: Animals,Comedy,2003.0,,ricky gervais live animals comedy
78174,Sex and the City 2,Comedy Drama Romance,2010.0,,sex and the city 2 comedy drama romance
78209,Get Him to the Greek,Comedy,2010.0,,get him to the greek comedy
78218,Unthinkable,Drama Thriller,2010.0,,unthinkable drama thriller
78264,"Back-up Plan, The",Comedy Romance,2010.0,,back up plan the comedy romance
78266,Splice,Horror Sci-Fi Thriller,2009.0,,splice horror sci fi thriller
78316,Letters to Juliet,Drama Romance,2010.0,,letters to juliet drama romance
78349,Exam,Mystery Thriller,2009.0,,exam mystery thriller
78467,Jonah Hex,Action Drama Thriller Western,2010.0,,jonah hex action drama thriller western
78469,"A-Team, The",Action Comedy Thriller,2010.0,,a team the action comedy thriller
78499,Toy Story 3,Adventure Animation Children Comedy Fantasy IMAX,2010.0,,toy story 3 adventure animation children comedy fantasy imax
78544,Ricky Gervais Live 3: Fame,Comedy,2007.0,,ricky gervais live 3 fame comedy
78574,Winter's Bone,Drama Thriller,2010.0,,winter s bone drama thriller
78620,"Scalphunters, The",Comedy Western,1968.0,,scalphunters the comedy western
78626,Barking Dogs Never Bite (Flandersui gae),Comedy Horror,2000.0,,barking dogs never bite flandersui gae comedy horror
78637,Shrek Forever After (a.k.a. Shrek: The Final Chapter),Adventure Animation Children Comedy Fantasy IMAX,2010.0,,shrek forever after a k a shrek the final chapter adventure animation children comedy fantasy imax
78703,TiMER,Comedy Drama Fantasy Romance,2009.0,,timer comedy drama fantasy romance
78746,Best Worst Movie,Documentary,2009.0,,best worst movie documentary
78772,"Twilight Saga: Eclipse, The",Fantasy Romance Thriller IMAX,2010.0,,twilight saga eclipse the fantasy romance thriller imax
78836,Enter the Void,Drama,2009.0,,enter the void drama
78893,"Last Airbender, The",Action Adventure Fantasy,2010.0,,last airbender the action adventure fantasy
78959,Endgame,Drama,2009.0,,endgame drama
79006,Empire of Dreams: The Story of the 'Star Wars' Trilogy,Documentary,2004.0,,empire of dreams the story of the star wars trilogy documentary
79008,South Park: Imaginationland,Animation Comedy Fantasy,2008.0,,south park imaginationland animation comedy fantasy
79057,Predators,Action Sci-Fi Thriller,2010.0,,predators action sci fi thriller
79073,When You're Strange,Documentary,2009.0,,when you re strange documentary
79091,Despicable Me,Animation Children Comedy Crime,2010.0,,despicable me animation children comedy crime
79132,Inception,Action Crime Drama Mystery Sci-Fi Thriller IMAX,2010.0,action alternate reality leonardo dicaprio sci-fi thought-provoking visually appealing dreamlike surreal visually appealing big budget clever complicated dead wife great soundtrack heist intellectual mindfuck philosophy psychological psychology suspense thought-provoking cerebral dreamlike philosophy thought-provoking,inception action crime drama mystery sci fi thriller imax action alternate reality leonardo dicaprio sci fi thought provoking visually appealing dreamlike surreal visually appealing big budget clever complicated dead wife great soundtrack heist intellectual mindfuck philosophy psychological psychology suspense thought provoking cerebral dreamlike philosophy thought provoking
79134,Grown Ups,Comedy,2010.0,,grown ups comedy
79139,"Sorcerer's Apprentice, The",Action Adventure Children Comedy Fantasy,2010.0,,sorcerer s apprentice the action adventure children comedy fantasy
79185,Knight and Day,Action Comedy Romance,2010.0,,knight and day action comedy romance
79224,"Karate Kid, The",Action Children Drama,2010.0,,karate kid the action children drama
79242,"Kids Are All Right, The",Comedy Drama,2010.0,,kids are all right the comedy drama
79251,"Serbian Film, A (Srpski film)",Horror Thriller,2010.0,,serbian film a srpski film horror thriller
79259,Cherrybomb,Drama Thriller,2009.0,,cherrybomb drama thriller
79274,Batman: Under the Red Hood,Action Animation,2010.0,,batman under the red hood action animation
79293,Salt,Action Thriller,2010.0,,salt action thriller
79299,"No. 1 Ladies' Detective Agency, The",Comedy Crime Mystery,2008.0,,no 1 ladies detective agency the comedy crime mystery
79333,Watch Out for the Automobile (Beregis avtomobilya),Comedy Crime Romance,1966.0,,watch out for the automobile beregis avtomobilya comedy crime romance
79357,Mr. Nobody,Drama Fantasy Romance Sci-Fi,2009.0,,mr nobody drama fantasy romance sci fi
79428,Dinner for Schmucks,Comedy,2010.0,,dinner for schmucks comedy
79501,Deadly Outlaw: Rekka (a.k.a. Violent Fire) (Jitsuroku Andô Noboru kyôdô-den: Rekka),Crime Drama Thriller,2002.0,,deadly outlaw rekka a k a violent fire jitsuroku and noboru ky d den rekka crime drama thriller
79536,Hellsinki (Rööperi),Crime,2009.0,,hellsinki r peri crime
79553,Ip Man 2,Action,2010.0,,ip man 2 action
79572,Ramona and Beezus,Children Comedy,2010.0,,ramona and beezus children comedy
79590,"Rebound, The",Comedy Romance,2009.0,,rebound the comedy romance
79592,"Other Guys, The",Action Comedy,2010.0,,other guys the action comedy
79677,"Two Escobars, The",Crime Documentary,2010.0,,two escobars the crime documentary
79684,Paper Man,Comedy Drama,2009.0,,paper man comedy drama
79695,"Expendables, The",Action Adventure Thriller,2010.0,,expendables the action adventure thriller
79702,Scott Pilgrim vs. the World,Action Comedy Fantasy Musical Romance,2010.0,geeky michael cera stylized video games,scott pilgrim vs the world action comedy fantasy musical romance geeky michael cera stylized video games
79798,I Killed My Mother (J'ai tué ma mère),Drama,2009.0,,i killed my mother j ai tu ma m re drama
79868,Heartless,Fantasy Horror Mystery Thriller,2009.0,,heartless fantasy horror mystery thriller
79879,Piranha (Piranha 3D),Action Horror Thriller,2010.0,,piranha piranha 3d action horror thriller
79895,"Extraordinary Adventures of Adèle Blanc-Sec, The",Action Adventure Fantasy Mystery,2010.0,,extraordinary adventures of ad le blanc sec the action adventure fantasy mystery
79897,Get Low,Comedy Drama Mystery,2009.0,,get low comedy drama mystery
79946,"Joneses, The",Comedy Drama,2009.0,,joneses the comedy drama
80083,Dragon Ball Z: Dead Zone (Doragon bôru Z 1: Ora no Gohan wo kaese),Action Adventure Animation Fantasy Sci-Fi,1989.0,,dragon ball z dead zone doragon b ru z 1 ora no gohan wo kaese action adventure animation fantasy sci fi
80094,"Last Exorcism, The",Horror Thriller,2010.0,,last exorcism the horror thriller
80124,Sisters (Syostry),Action Crime Drama,2001.0,,sisters syostry action crime drama
80126,"American, The",Drama Thriller,2010.0,,american the drama thriller
80139,Jackass 2.5,Comedy Documentary,2007.0,,jackass 2 5 comedy documentary
80162,"Horde, The (La Horde)",Action Horror Thriller,2009.0,,horde the la horde action horror thriller
80166,"Switch, The",Comedy Romance,2010.0,,switch the comedy romance
80219,Machete,Action Adventure Comedy Crime Thriller,2010.0,,machete action adventure comedy crime thriller
80241,Going the Distance,Comedy Romance,2010.0,,going the distance comedy romance
80363,Resident Evil: Afterlife,Action Horror Sci-Fi Thriller IMAX,2010.0,,resident evil afterlife action horror sci fi thriller imax
80454,Princess (Prinsessa),Drama,2010.0,,princess prinsessa drama
80463,"Social Network, The",Drama,2010.0,good dialogue loneliness witty,social network the drama good dialogue loneliness witty
80478,"Man Vanishes, A (Ningen Johatsu)",Documentary Drama Mystery,1967.0,,man vanishes a ningen johatsu documentary drama mystery
80489,"Town, The",Crime Drama Thriller,2010.0,crime fbi romance too much love interest,town the crime drama thriller crime fbi romance too much love interest
80549,Easy A,Comedy Romance,2010.0,,easy a comedy romance
80551,Eat Pray Love,Drama Romance,2010.0,,eat pray love drama romance
80553,Howl,Drama,2010.0,,howl drama
80572,I'm Still Here,Comedy Drama,2010.0,,i m still here comedy drama
80584,"Patrik Age 1.5 (Patrik 1,5)",Comedy Drama Romance,2008.0,,patrik age 1 5 patrik 1 5 comedy drama romance
80586,Flipped,Comedy Drama Romance,2010.0,,flipped comedy drama romance
80590,Wall Street: Money Never Sleeps,Drama,2010.0,,wall street money never sleeps drama
80615,Legend of the Guardians: The Owls of Ga'Hoole,Adventure Animation Fantasy IMAX,2010.0,,legend of the guardians the owls of ga hoole adventure animation fantasy imax
80693,It's Kind of a Funny Story,Comedy Drama,2010.0,,it s kind of a funny story comedy drama
80727,Middle Men,Comedy Crime Drama,2009.0,,middle men comedy crime drama
80748,Alice in Wonderland,Adventure Children Fantasy,1933.0,,alice in wonderland adventure children fantasy
80831,Let Me In,Drama Horror Mystery,2010.0,,let me in drama horror mystery
80834,Sintel,Animation Fantasy,2010.0,adventure animation fantasy,sintel animation fantasy adventure animation fantasy
80839,Secretariat,Adventure Drama,2010.0,,secretariat adventure drama
80846,Devil,Horror Mystery Thriller,2010.0,,devil horror mystery thriller
80858,You Again,Comedy,2010.0,,you again comedy
80860,Life as We Know It,Comedy Romance,2010.0,,life as we know it comedy romance
80862,Catfish,Documentary Mystery,2010.0,,catfish documentary mystery
80864,You Will Meet a Tall Dark Stranger,Comedy Romance,2010.0,,you will meet a tall dark stranger comedy romance
80880,Stone,Drama Thriller,2010.0,,stone drama thriller
80906,Inside Job,Documentary,2010.0,business corruption economics investor corruption politics truth,inside job documentary business corruption economics investor corruption politics truth
80917,Monsters,Drama Sci-Fi,2010.0,,monsters drama sci fi
80969,Never Let Me Go,Drama Romance Sci-Fi,2010.0,,never let me go drama romance sci fi
81018,"Illusionist, The (L'illusionniste)",Animation,2010.0,,illusionist the l illusionniste animation
81087,Luck by Chance,Drama,2009.0,,luck by chance drama
81132,Rubber,Action Adventure Comedy Crime Drama Film-Noir Horror Mystery Thriller Western,2010.0,,rubber action adventure comedy crime drama film noir horror mystery thriller western
81156,Jackass 3D,Action Comedy Documentary,2010.0,,jackass 3d action comedy documentary
81158,Restrepo,Documentary War,2010.0,american idolatry,restrepo documentary war american idolatry
81191,Waiting for 'Superman',Documentary,2010.0,,waiting for superman documentary
81229,Red,Action Comedy,2010.0,,red action comedy
81257,In a Better World (Hævnen),Drama,2010.0,,in a better world h vnen drama
81383,Heartbreaker (L'Arnacoeur),Comedy Romance,2010.0,,heartbreaker l arnacoeur comedy romance
81417,Paranormal Activity 2,Horror IMAX,2010.0,,paranormal activity 2 horror imax
81456,Heartbeats (Les amours imaginaires),Drama Romance,2010.0,,heartbeats les amours imaginaires drama romance
81512,Hereafter,Drama Fantasy,2010.0,,hereafter drama fantasy
81520,Undisputed III: Redemption,Action Crime Drama,2010.0,,undisputed iii redemption action crime drama
81535,Saw VII 3D - The Final Chapter,Horror Mystery Thriller,2010.0,,saw vii 3d the final chapter horror mystery thriller
81537,Due Date,Comedy,2010.0,,due date comedy
81562,127 Hours,Adventure Drama Thriller,2010.0,stranded,127 hours adventure drama thriller stranded
81564,Megamind,Action Animation Children Comedy Sci-Fi IMAX,2010.0,,megamind action animation children comedy sci fi imax
81591,Black Swan,Drama Thriller,2010.0,alter ego atmospheric creepy horror obsession surreal,black swan drama thriller alter ego atmospheric creepy horror obsession surreal
81681,I Shot Jesse James,Drama Romance Western,1949.0,,i shot jesse james drama romance western
81782,Unstoppable,Action Drama Thriller,2010.0,,unstoppable action drama thriller
81784,Morning Glory,Comedy Drama Romance,2010.0,,morning glory comedy drama romance
81786,Certified Copy (Copie conforme),Drama,2010.0,,certified copy copie conforme drama
81788,"Next Three Days, The",Crime Drama Romance Thriller,2010.0,,next three days the crime drama romance thriller
81791,Somewhere,Drama,2010.0,,somewhere drama
81819,Biutiful,Drama,2010.0,,biutiful drama
81831,"First Beautiful Thing, The (La prima cosa bella)",Comedy Drama,2010.0,,first beautiful thing the la prima cosa bella comedy drama
81834,Harry Potter and the Deathly Hallows: Part 1,Action Adventure Fantasy IMAX,2010.0,,harry potter and the deathly hallows part 1 action adventure fantasy imax
81845,"King's Speech, The",Drama,2010.0,,king s speech the drama
81847,Tangled,Animation Children Comedy Fantasy Musical Romance IMAX,2010.0,,tangled animation children comedy fantasy musical romance imax
81910,"Art of the Steal, The",Documentary,2009.0,,art of the steal the documentary
81932,"Fighter, The",Drama,2010.0,,fighter the drama
81949,"Romantics, The",Comedy Drama Romance,2010.0,,romantics the comedy drama romance
82041,"Loved Ones, The",Horror,2009.0,,loved ones the horror
82053,Casino Jack,Comedy Crime,2010.0,,casino jack comedy crime
82088,Vincent Wants to Sea (Vincent will meer),Drama,2010.0,,vincent wants to sea vincent will meer drama
82093,London Boulevard,Crime Romance,2010.0,,london boulevard crime romance
82095,Skyline,Sci-Fi Thriller,2010.0,,skyline sci fi thriller
82152,Beastly,Drama Fantasy Romance,2011.0,,beastly drama fantasy romance
82167,Love and Other Drugs,Comedy Drama Romance,2010.0,,love and other drugs comedy drama romance
82169,"Chronicles of Narnia: The Voyage of the Dawn Treader, The",Adventure Children Fantasy,2010.0,,chronicles of narnia the voyage of the dawn treader the adventure children fantasy
82202,"Tourist, The",Drama Thriller,2010.0,,tourist the drama thriller
82242,Rare Exports: A Christmas Tale (Rare Exports),Action Comedy,2010.0,male nudity,rare exports a christmas tale rare exports action comedy male nudity
82366,Hatchet II,Comedy Horror Thriller,2010.0,,hatchet ii comedy horror thriller
82378,All Good Things,Drama Mystery Thriller,2010.0,,all good things drama mystery thriller
82459,True Grit,Western,2010.0,atmospheric coen brothers jeff bridges matt damon predictable,true grit western atmospheric coen brothers jeff bridges matt damon predictable
82461,Tron: Legacy,Action Adventure Sci-Fi IMAX,2010.0,action choreography horrid characterisation poor plot development sequel soundtrack,tron legacy action adventure sci fi imax action choreography horrid characterisation poor plot development sequel soundtrack
82499,How Do You Know,Comedy Drama Romance,2010.0,,how do you know comedy drama romance
82527,Barney's Version,Drama,2010.0,,barney s version drama
82534,"Company Men, The",Drama,2010.0,,company men the drama
82641,"One-Armed Swordsman, The (Dubei dao)",Action Drama,1967.0,,one armed swordsman the dubei dao action drama
82667,I Saw the Devil (Akmareul boatda),Crime Thriller,2010.0,,i saw the devil akmareul boatda crime thriller
82684,Trash Humpers,Drama,2009.0,,trash humpers drama
82744,Faster,Action Crime Drama,2010.0,,faster action crime drama
82765,Little Big Soldier (Da bing xiao jiang),Action Adventure Comedy Drama War,2010.0,,little big soldier da bing xiao jiang action adventure comedy drama war
82767,Rabbit Hole,Drama,2010.0,,rabbit hole drama
82848,One Week,Comedy,1920.0,,one week comedy
82852,Little Fockers,Comedy,2010.0,,little fockers comedy
82854,Gulliver's Travels,Adventure Comedy Fantasy,2010.0,,gulliver s travels adventure comedy fantasy
82857,Sweetgrass,Adventure Documentary Western,2009.0,,sweetgrass adventure documentary western
83086,Burlesque,Drama Musical Romance,2010.0,,burlesque drama musical romance
83132,"Secret World of Arrietty, The (Kari-gurashi no Arietti)",Animation Children Fantasy,2010.0,,secret world of arrietty the kari gurashi no arietti animation children fantasy
83134,Tucker & Dale vs Evil,Comedy Horror,2010.0,black comedy,tucker dale vs evil comedy horror black comedy
83177,Yogi Bear,Children Comedy,2010.0,,yogi bear children comedy
83270,Made in Dagenham,Comedy Drama,2010.0,,made in dagenham comedy drama
83349,"Green Hornet, The",Action Comedy Crime Fantasy Thriller IMAX,2011.0,,green hornet the action comedy crime fantasy thriller imax
83369,"Way Back, The",Drama,2010.0,,way back the drama
83374,"Warrior's Way, The",Action Fantasy Western,2010.0,,warrior s way the action fantasy western
83480,Season of the Witch,Adventure Drama Fantasy,2011.0,,season of the witch adventure drama fantasy
83601,Amer,Drama Horror,2009.0,,amer drama horror
83613,Cowboys & Aliens,Action Sci-Fi Thriller Western IMAX,2011.0,,cowboys aliens action sci fi thriller western imax
83796,Anything for Her (Pour elle),Crime Drama Thriller,2008.0,,anything for her pour elle crime drama thriller
83803,Day & Night,Animation Children,2010.0,,day night animation children
83827,Marwencol,Documentary,2010.0,,marwencol documentary
83910,"Dilemma, The",Comedy Drama,2011.0,,dilemma the comedy drama
83969,Down Argentine Way,Comedy Drama Romance,1940.0,,down argentine way comedy drama romance
83976,"Trip, The",Comedy Drama,2010.0,,trip the comedy drama
84152,Limitless,Sci-Fi Thriller,2011.0,,limitless sci fi thriller
84156,Happy People: A Year in the Taiga,Documentary,2010.0,,happy people a year in the taiga documentary
84187,Evangelion: 2.0 You Can (Not) Advance (Evangerion shin gekijôban: Ha),Action Animation Drama Sci-Fi,2009.0,,evangelion 2 0 you can not advance evangerion shin gekij ban ha action animation drama sci fi
84189,I Spit on Your Grave,Crime Horror Thriller,2010.0,,i spit on your grave crime horror thriller
84240,Even the Rain (También la lluvia),Drama,2010.0,,even the rain tambi n la lluvia drama
84246,It Happened on Fifth Avenue,Comedy Romance,1947.0,,it happened on fifth avenue comedy romance
84273,Zeitgeist: Moving Forward,Documentary,2011.0,,zeitgeist moving forward documentary
84374,No Strings Attached,Comedy Romance,2011.0,,no strings attached comedy romance
84392,"Lincoln Lawyer, The",Crime Drama Thriller,2011.0,,lincoln lawyer the crime drama thriller
84414,All-Star Superman,Action Adventure Animation Sci-Fi,2011.0,,all star superman action adventure animation sci fi
84512,Girls About Town,Comedy,1931.0,,girls about town comedy
84523,Kill! (Kiru),Action Comedy Drama,1968.0,,kill kiru action comedy drama
84553,Pekka ja Pätkä salapoliiseina,Comedy,1957.0,,pekka ja p tk salapoliiseina comedy
84601,Unknown,Drama Mystery Thriller,2011.0,,unknown drama mystery thriller
84615,Cedar Rapids,Comedy,2011.0,,cedar rapids comedy
84637,Gnomeo & Juliet,Adventure Animation Children Comedy Fantasy Romance,2011.0,,gnomeo juliet adventure animation children comedy fantasy romance
84696,Burke and Hare,Comedy Thriller,2010.0,,burke and hare comedy thriller
84716,Castaway on the Moon (Kimssi pyoryugi),Comedy Drama Romance,2009.0,,castaway on the moon kimssi pyoryugi comedy drama romance
84772,Paul,Adventure Comedy Sci-Fi,2011.0,,paul adventure comedy sci fi
84799,"Asphyx, The",Horror Sci-Fi,1973.0,,asphyx the horror sci fi
84844,Brother 2 (Brat 2),Crime Drama,2000.0,,brother 2 brat 2 crime drama
84847,Emma,Comedy Drama Romance,2009.0,,emma comedy drama romance
84942,Drive Angry,Action Fantasy Thriller,2011.0,,drive angry action fantasy thriller
84944,Rango,Action Adventure Animation Children Comedy Western,2011.0,,rango action adventure animation children comedy western
84950,Take Me Home Tonight,Comedy Drama,2011.0,,take me home tonight comedy drama
84952,Confessions (Kokuhaku),Drama Horror,2010.0,,confessions kokuhaku drama horror
84954,"Adjustment Bureau, The",Romance Sci-Fi Thriller,2011.0,,adjustment bureau the romance sci fi thriller
85020,"Mechanic, The",Action Drama Thriller,2011.0,,mechanic the action drama thriller
85022,Hall Pass,Comedy,2011.0,,hall pass comedy
85025,"Eagle, The",Adventure Drama,2011.0,,eagle the adventure drama
85056,I Am Number Four,Action Sci-Fi Thriller IMAX,2011.0,,i am number four action sci fi thriller imax
85131,Battle: Los Angeles,Action Sci-Fi War,2011.0,,battle los angeles action sci fi war
85179,Summer Wars (Samâ wôzu),Adventure Animation Comedy Sci-Fi,2009.0,,summer wars sam w zu adventure animation comedy sci fi
85213,"Sunset Limited, The",Drama,2011.0,,sunset limited the drama
85259,Winnie the Pooh and the Honey Tree,Animation Children,1966.0,,winnie the pooh and the honey tree animation children
85261,Mars Needs Moms,Action Adventure Animation Children Comedy Sci-Fi IMAX,2011.0,,mars needs moms action adventure animation children comedy sci fi imax
85295,Scooby-Doo! Curse of the Lake Monster,Adventure Children Comedy Mystery,2010.0,,scooby doo curse of the lake monster adventure children comedy mystery
85316,Winnie the Pooh and Tigger Too,Animation Children,1974.0,,winnie the pooh and tigger too animation children
85334,Hard Ticket to Hawaii,Action Comedy,1987.0,,hard ticket to hawaii action comedy
85342,Elite Squad: The Enemy Within (Tropa de Elite 2 - O Inimigo Agora É Outro),Action Crime Drama,2010.0,,elite squad the enemy within tropa de elite 2 o inimigo agora outro action crime drama
85354,Mesrine: Public Enemy #1 (L'ennemi public n°1),Action Crime,2008.0,,mesrine public enemy 1 l ennemi public n 1 action crime
85367,Just Go with It,Comedy Romance,2011.0,,just go with it comedy romance
85394,Cave of Forgotten Dreams,Documentary,2010.0,,cave of forgotten dreams documentary
85397,Red Riding Hood,Fantasy Horror Mystery Thriller,2011.0,,red riding hood fantasy horror mystery thriller
85399,"Big Mommas: Like Father, Like Son",Comedy,2011.0,,big mommas like father like son comedy
85401,Super,Action Comedy Drama,2010.0,,super action comedy drama
85412,"Troll Hunter, The (Trolljegeren)",Fantasy Horror,2010.0,,troll hunter the trolljegeren fantasy horror
85414,Source Code,Action Drama Mystery Sci-Fi Thriller,2011.0,,source code action drama mystery sci fi thriller
85438,Jane Eyre,Drama Romance,2011.0,,jane eyre drama romance
85510,Sucker Punch,Action Fantasy Thriller IMAX,2011.0,,sucker punch action fantasy thriller imax
85565,Chalet Girl,Comedy Romance,2011.0,comedy,chalet girl comedy romance comedy
85736,BURN-E,Adventure Animation Children Sci-Fi,2008.0,,burn e adventure animation children sci fi
85774,Senna,Documentary,2010.0,,senna documentary
85780,Family Guy Presents: It's a Trap,Animation Comedy Sci-Fi,2010.0,,family guy presents it s a trap animation comedy sci fi
85788,Insidious,Fantasy Horror Thriller,2010.0,,insidious fantasy horror thriller
85796,Hobo with a Shotgun,Action Adventure Crime Thriller,2011.0,,hobo with a shotgun action adventure crime thriller
85881,Win Win,Comedy Drama,2011.0,,win win comedy drama
85885,Room in Rome (Habitación en Roma),Drama Romance,2010.0,,room in rome habitaci n en roma drama romance
86000,Boy,Comedy Drama,2010.0,,boy comedy drama
86014,Diary of a Wimpy Kid: Rodrick Rules,Comedy,2011.0,,diary of a wimpy kid rodrick rules comedy
86028,Henry's Crime,Comedy Crime,2010.0,,henry s crime comedy crime
86059,Hop,Animation Children Comedy,2011.0,,hop animation children comedy
86066,Playing the Victim (Izobrazhaya zhertvu),Comedy,2006.0,,playing the victim izobrazhaya zhertvu comedy
86068,Films to Keep You Awake: The Christmas Tale (Películas para no dormir: Cuento de navidad),Horror Thriller,2005.0,,films to keep you awake the christmas tale pel culas para no dormir cuento de navidad horror thriller
86142,13 Assassins (Jûsan-nin no shikaku),Action,2010.0,,13 assassins j san nin no shikaku action
86190,Hanna,Action Adventure Mystery Thriller,2011.0,,hanna action adventure mystery thriller
86237,Connections,Documentary,1978.0,,connections documentary
86279,Into Eternity,Documentary,2010.0,,into eternity documentary
86286,Daffy Duck's Quackbusters,Animation Children Comedy Horror,1988.0,,daffy duck s quackbusters animation children comedy horror
86290,American: The Bill Hicks Story,Comedy Documentary,2009.0,,american the bill hicks story comedy documentary
86293,Arthur,Comedy,2011.0,,arthur comedy
86295,Scream 4,Comedy Horror Mystery Thriller,2011.0,,scream 4 comedy horror mystery thriller
86298,Rio,Adventure Animation Children Comedy,2011.0,,rio adventure animation children comedy
86320,Melancholia,Drama Sci-Fi,2011.0,,melancholia drama sci fi
86332,Thor,Action Adventure Drama Fantasy IMAX,2011.0,,thor action adventure drama fantasy imax
86345,Louis C.K.: Hilarious,Comedy,2010.0,,louis c k hilarious comedy
86347,Louis C.K.: Chewed Up,Comedy,2008.0,,louis c k chewed up comedy
86355,Atlas Shrugged: Part 1,Drama Mystery Sci-Fi,2011.0,,atlas shrugged part 1 drama mystery sci fi
86377,Louis C.K.: Shameless,Comedy,2007.0,,louis c k shameless comedy
86487,Mildred Pierce,Drama,2011.0,,mildred pierce drama
86504,Voices from the List,Documentary,2004.0,,voices from the list documentary
86548,Water for Elephants,Drama Romance,2011.0,,water for elephants drama romance
86593,African Cats,Adventure Documentary,2011.0,,african cats adventure documentary
86628,Kill the Irishman,Action Crime,2011.0,,kill the irishman action crime
86644,"Fast Five (Fast and the Furious 5, The)",Action Crime Drama Thriller IMAX,2011.0,,fast five fast and the furious 5 the action crime drama thriller imax
86668,Louis Theroux: Law & Disorder,Documentary,2008.0,,louis theroux law disorder documentary
86721,Idiots and Angels,Animation Drama Fantasy,2008.0,,idiots and angels animation drama fantasy
86781,Incendies,Drama Mystery War,2010.0,,incendies drama mystery war
86815,Soul Surfer,Action Drama,2011.0,,soul surfer action drama
86817,Something Borrowed,Comedy Drama Romance,2011.0,,something borrowed comedy drama romance
86833,Bridesmaids,Comedy,2011.0,,bridesmaids comedy
86835,Priest,Action Horror Sci-Fi Thriller,2011.0,,priest action horror sci fi thriller
86864,Mothra (Mosura),Adventure Fantasy Sci-Fi,1961.0,,mothra mosura adventure fantasy sci fi
86880,Pirates of the Caribbean: On Stranger Tides,Action Adventure Fantasy IMAX,2011.0,,pirates of the caribbean on stranger tides action adventure fantasy imax
86882,Midnight in Paris,Comedy Fantasy Romance,2011.0,,midnight in paris comedy fantasy romance
86892,The Man from Nowhere,Action Crime Thriller,2010.0,,the man from nowhere action crime thriller
86898,"Tree of Life, The",Drama,2011.0,,tree of life the drama
86911,"Hangover Part II, The",Comedy,2011.0,,hangover part ii the comedy
86922,Nothing to Declare (Rien à déclarer),Comedy,2010.0,,nothing to declare rien d clarer comedy
86960,Across the Hall,Thriller,2009.0,,across the hall thriller
87028,"Roommate, The",Drama Thriller,2011.0,,roommate the drama thriller
87192,Attack the Block,Action Comedy Sci-Fi,2011.0,,attack the block action comedy sci fi
87194,The Way,Adventure Comedy Drama,2010.0,,the way adventure comedy drama
87197,Let the Bullets Fly,Action Comedy,2010.0,,let the bullets fly action comedy
87222,Kung Fu Panda 2,Action Adventure Animation Children Comedy IMAX,2011.0,,kung fu panda 2 action adventure animation children comedy imax
87232,X-Men: First Class,Action Adventure Sci-Fi Thriller War,2011.0,,x men first class action adventure sci fi thriller war
87234,Submarine,Comedy Drama Romance,2010.0,,submarine comedy drama romance
87287,American Grindhouse,Documentary,2010.0,,american grindhouse documentary
87298,Everything Must Go,Comedy Drama,2010.0,,everything must go comedy drama
87304,Beginners,Drama,2010.0,,beginners drama
87306,Super 8,Mystery Sci-Fi Thriller IMAX,2011.0,,super 8 mystery sci fi thriller imax
87413,Bernie,Comedy Drama,1996.0,,bernie comedy drama
87430,Green Lantern,Action Adventure Sci-Fi,2011.0,audience intelligence underestimated cgi cheesy comic book dc dc comics ryan reynolds space superhero,green lantern action adventure sci fi audience intelligence underestimated cgi cheesy comic book dc dc comics ryan reynolds space superhero
87444,Elektra Luxx,Comedy,2010.0,,elektra luxx comedy
87483,Mr. Popper's Penguins,Comedy,2011.0,,mr popper s penguins comedy
87485,Bad Teacher,Comedy,2011.0,,bad teacher comedy
87520,Transformers: Dark of the Moon,Action Adventure Sci-Fi War IMAX,2011.0,,transformers dark of the moon action adventure sci fi war imax
87522,Larry Crowne,Comedy Drama Romance,2011.0,,larry crowne comedy drama romance
87529,Your Highness,Action Adventure Comedy Fantasy,2011.0,,your highness action adventure comedy fantasy
87660,Too Big to Fail,Drama,2011.0,,too big to fail drama
87785,Takers,Action Crime Thriller,2010.0,,takers action crime thriller
87834,My Life as McDull (Mak dau goo si),Animation Comedy Drama,2001.0,,my life as mcdull mak dau goo si animation comedy drama
87867,Zookeeper,Comedy,2011.0,,zookeeper comedy
87869,Horrible Bosses,Comedy Crime,2011.0,,horrible bosses comedy crime
87876,Cars 2,Adventure Animation Children Comedy IMAX,2011.0,,cars 2 adventure animation children comedy imax
87960,Between the Folds,Documentary,2008.0,,between the folds documentary
88069,Delhi Belly,Comedy Crime,2011.0,,delhi belly comedy crime
88094,Upside Down: The Creation Records Story,Documentary,2010.0,britpop indie record label music,upside down the creation records story documentary britpop indie record label music
88108,Monte Carlo,Adventure Comedy Romance,2011.0,,monte carlo adventure comedy romance
88125,Harry Potter and the Deathly Hallows: Part 2,Action Adventure Drama Fantasy Mystery IMAX,2011.0,,harry potter and the deathly hallows part 2 action adventure drama fantasy mystery imax
88129,Drive,Crime Drama Film-Noir Thriller,2011.0,,drive crime drama film noir thriller
88140,Captain America: The First Avenger,Action Adventure Sci-Fi Thriller War,2011.0,,captain america the first avenger action adventure sci fi thriller war
88163,"Crazy, Stupid, Love.",Comedy Drama Romance,2011.0,,crazy stupid love comedy drama romance
88179,One Day,Drama Romance,2011.0,,one day drama romance
88235,"Guard, The",Comedy Crime,2011.0,,guard the comedy crime
88267,Winnie the Pooh,Animation Children Comedy,2011.0,,winnie the pooh animation children comedy
88272,"Woman, The",Horror,2011.0,,woman the horror
88327,"New One-Armed Swordsman, The (Xin du bi dao)",Action Drama War,1971.0,,new one armed swordsman the xin du bi dao action drama war
88345,Mike's New Car,Animation Comedy,2002.0,,mike s new car animation comedy
88356,"Smurfs, The",Animation Children Comedy,2011.0,,smurfs the animation children comedy
88405,Friends with Benefits,Comedy Romance,2011.0,comedy funny happy ending hot actress justin timberlake mila kunis new york city romance sex,friends with benefits comedy romance comedy funny happy ending hot actress justin timberlake mila kunis new york city romance sex
88448,Paper Birds (Pájaros de papel),Comedy Drama,2010.0,,paper birds p jaros de papel comedy drama
88515,Blitz,Action Crime Thriller,2011.0,,blitz action crime thriller
88593,"Yellow Sea, The (a.k.a. The Murderer) (Hwanghae)",Crime Drama Thriller,2010.0,,yellow sea the a k a the murderer hwanghae crime drama thriller
88672,Our Idiot Brother,Comedy,2011.0,,our idiot brother comedy
88697,SUBWAYStories: Tales from the Underground,Drama,1997.0,,subwaystories tales from the underground drama
88699,Death Race 2,Action Sci-Fi Thriller,2010.0,,death race 2 action sci fi thriller
88744,Rise of the Planet of the Apes,Action Drama Sci-Fi Thriller,2011.0,,rise of the planet of the apes action drama sci fi thriller
88746,Terri,Comedy,2011.0,,terri comedy
88785,"Change-Up, The",Comedy,2011.0,,change up the comedy
88810,"Help, The",Drama,2011.0,,help the drama
88812,30 Minutes or Less,Action Comedy Crime,2011.0,,30 minutes or less action comedy crime
88911,My Afternoons with Margueritte (La tête en friche),Comedy,2010.0,,my afternoons with margueritte la t te en friche comedy
88932,Final Destination 5,Horror Thriller IMAX,2011.0,,final destination 5 horror thriller imax
88954,"Very Harold & Kumar 3D Christmas, A",Comedy,2011.0,,very harold kumar 3d christmas a comedy
89028,Don't Be Afraid of the Dark,Horror Thriller,2010.0,,don t be afraid of the dark horror thriller
89030,Fright Night,Comedy Horror,2011.0,,fright night comedy horror
89039,Another Earth,Drama Romance Sci-Fi,2011.0,,another earth drama romance sci fi
89047,Hesher,Drama,2010.0,,hesher drama
89072,Stake Land,Horror,2010.0,,stake land horror
89085,"Debt, The",Drama Thriller,2011.0,,debt the drama thriller
89087,Colombiana,Action Adventure Drama Thriller,2011.0,,colombiana action adventure drama thriller
89090,Bill Cunningham New York,Documentary,2011.0,,bill cunningham new york documentary
89118,"Skin I Live In, The (La piel que habito)",Drama,2011.0,,skin i live in the la piel que habito drama
89190,Conan the Barbarian,Action Adventure Fantasy,2011.0,,conan the barbarian action adventure fantasy
89208,Walled In,Horror Thriller,2009.0,,walled in horror thriller
89281,Birdemic: Shock and Terror,Romance Thriller,2010.0,,birdemic shock and terror romance thriller
89305,"Inbetweeners Movie, The",Adventure Comedy,2011.0,,inbetweeners movie the adventure comedy
89343,Red State,Action Crime Horror Thriller,2011.0,,red state action crime horror thriller
89386,Pearl Jam Twenty,Documentary Musical,2011.0,,pearl jam twenty documentary musical
89388,I Don't Know How She Does It,Comedy,2011.0,,i don t know how she does it comedy
89427,Shark Night 3D,Horror Thriller,2011.0,,shark night 3d horror thriller
89470,Contagion,Sci-Fi Thriller IMAX,2011.0,,contagion sci fi thriller imax
89492,Moneyball,Drama,2011.0,,moneyball drama
89580,Neds,Drama,2010.0,,neds drama
89582,Cold Fish (Tsumetai nettaigyo),Drama Thriller,2010.0,,cold fish tsumetai nettaigyo drama thriller
89586,Phineas and Ferb the Movie: Across the 2nd Dimension,Adventure Animation Children,2011.0,,phineas and ferb the movie across the 2nd dimension adventure animation children
89678,Northanger Abbey,Drama Romance,2007.0,,northanger abbey drama romance
89745,"Avengers, The",Action Adventure Sci-Fi IMAX,2012.0,captain america silly superhero superhero team fun great humor visually appealing,avengers the action adventure sci fi imax captain america silly superhero superhero team fun great humor visually appealing
89753,Tinker Tailor Soldier Spy,Drama Film-Noir Thriller,2011.0,,tinker tailor soldier spy drama film noir thriller
89759,"Separation, A (Jodaeiye Nader az Simin)",Drama,2011.0,,separation a jodaeiye nader az simin drama
89761,"Dangerous Method, A",Drama Thriller,2011.0,,dangerous method a drama thriller
89774,Warrior,Drama,2011.0,boxing story mma tom hardy,warrior drama boxing story mma tom hardy
89804,"Ides of March, The",Drama,2011.0,,ides of march the drama
89837,Kill List,Horror Mystery Thriller,2011.0,,kill list horror mystery thriller
89840,Killer Elite,Action Thriller,2011.0,,killer elite action thriller
89862,Bellflower,Action Drama Romance,2011.0,,bellflower action drama romance
89864,50/50,Comedy Drama,2011.0,,50 50 comedy drama
89898,Generation P,Comedy Drama Sci-Fi,2011.0,,generation p comedy drama sci fi
89904,The Artist,Comedy Drama Romance,2011.0,,the artist comedy drama romance
89939,Gigi,Comedy,1949.0,,gigi comedy
89945,BlinkyTM,Horror Sci-Fi,2011.0,,blinkytm horror sci fi
90057,Take Shelter,Drama,2011.0,,take shelter drama
90243,Three Outlaw Samurai (Sanbiki no samurai),Action Drama,1964.0,,three outlaw samurai sanbiki no samurai action drama
90245,Antonio Gaudí,Documentary,1985.0,,antonio gaud documentary
90249,Real Steel,Action Drama Sci-Fi IMAX,2011.0,,real steel action drama sci fi imax
90343,Footloose,Comedy Drama Musical,2011.0,,footloose comedy drama musical
90345,"Thing, The",Horror Mystery Sci-Fi Thriller,2011.0,,thing the horror mystery sci fi thriller
90353,Beautiful Boy,Drama,2010.0,,beautiful boy drama
90357,Tyrannosaur,Drama,2011.0,,tyrannosaur drama
90374,Martha Marcy May Marlene,Drama Thriller,2011.0,,martha marcy may marlene drama thriller
90376,We Need to Talk About Kevin,Drama Thriller,2011.0,,we need to talk about kevin drama thriller
90384,Behind Enemy Lines II: Axis of Evil,Action Thriller War,2006.0,,behind enemy lines ii axis of evil action thriller war
90403,"Three Musketeers, The",Action Adventure,2011.0,,three musketeers the action adventure
90405,In Time,Crime Sci-Fi Thriller,2011.0,,in time crime sci fi thriller
90428,Margaret,Drama,2011.0,,margaret drama
90430,Carnage,Comedy Drama,2011.0,,carnage comedy drama
90439,Margin Call,Drama Thriller,2011.0,bank big corporations business corruption financial crisis kevin spacey realistic suspense wall street,margin call drama thriller bank big corporations business corruption financial crisis kevin spacey realistic suspense wall street
90469,Paranormal Activity 3,Horror,2011.0,,paranormal activity 3 horror
90471,Puncture,Drama,2011.0,,puncture drama
90522,Johnny English Reborn,Adventure Comedy Thriller,2011.0,,johnny english reborn adventure comedy thriller
90524,Abduction,Action Drama Mystery Thriller,2011.0,,abduction action drama mystery thriller
90528,This Must Be the Place,Crime Drama Thriller,2011.0,,this must be the place crime drama thriller
90531,Shame,Drama,2011.0,,shame drama
90576,What's Your Number?,Comedy Romance,2011.0,,what s your number comedy romance
90600,Headhunters (Hodejegerne),Action Crime Thriller,2011.0,,headhunters hodejegerne action crime thriller
90603,Batman: Year One,Action Animation Crime,2011.0,,batman year one action animation crime
90630,Miss Representation,Documentary,2011.0,,miss representation documentary
90647,Puss in Boots,Adventure Animation Comedy Fantasy IMAX,2011.0,,puss in boots adventure animation comedy fantasy imax
90717,Tower Heist,Action Comedy Crime,2011.0,,tower heist action comedy crime
90719,J. Edgar,Drama,2011.0,,j edgar drama
90738,"Double, The",Action Crime Drama Mystery Thriller,2011.0,,double the action crime drama mystery thriller
90746,"Adventures of Tintin, The",Action Animation Mystery IMAX,2011.0,,adventures of tintin the action animation mystery imax
90769,Starsuckers,Documentary,2009.0,celebrity fetishism mediacentralism system holism,starsuckers documentary celebrity fetishism mediacentralism system holism
90809,Tomboy,Drama,2011.0,,tomboy drama
90863,George Harrison: Living in the Material World,Documentary,2011.0,,george harrison living in the material world documentary
90866,Hugo,Children Drama Mystery,2011.0,,hugo children drama mystery
90888,Immortals,Action Drama Fantasy,2011.0,,immortals action drama fantasy
90890,Jack and Jill,Comedy,2011.0,,jack and jill comedy
90943,Into the Abyss,Documentary,2011.0,,into the abyss documentary
90945,"Sign of Four, The",Adventure Crime Drama,1987.0,,sign of four the adventure crime drama
91077,"Descendants, The",Comedy Drama,2011.0,,descendants the comedy drama
91079,Like Crazy,Drama Romance,2011.0,,like crazy drama romance
91094,"Muppets, The",Children Comedy Musical,2011.0,,muppets the children comedy musical
91104,"Twilight Saga: Breaking Dawn - Part 1, The",Adventure Drama Fantasy Romance,2011.0,,twilight saga breaking dawn part 1 the adventure drama fantasy romance
91126,War Horse,Drama War,2011.0,,war horse drama war
91128,"Rum Diary, The",Comedy Drama Thriller,2011.0,,rum diary the comedy drama thriller
91233,Lifted,Animation Comedy Sci-Fi,2006.0,,lifted animation comedy sci fi
91261,Hipsters (Stilyagi),Drama Musical Romance,2008.0,,hipsters stilyagi drama musical romance
91266,Another Cinderella Story,Children Comedy Musical Romance,2008.0,,another cinderella story children comedy musical romance
91273,Bunraku,Action Drama Fantasy,2010.0,,bunraku action drama fantasy
91323,"Sitter, The",Comedy,2011.0,,sitter the comedy
91325,Extremely Loud and Incredibly Close,Drama,2011.0,,extremely loud and incredibly close drama
91337,Play the Game,Comedy Romance,2009.0,,play the game comedy romance
91353,Asterix in America (a.k.a Asterix Conquers America) (Astérix et les Indiens),Adventure Animation Children Comedy,1994.0,,asterix in america a k a asterix conquers america ast rix et les indiens adventure animation children comedy
91355,Asterix and the Vikings (Astérix et les Vikings),Adventure Animation Children Comedy Fantasy,2006.0,,asterix and the vikings ast rix et les vikings adventure animation children comedy fantasy
91386,Happy Feet Two,Animation Children Comedy IMAX,2011.0,,happy feet two animation children comedy imax
91414,Arthur Christmas,Animation Children Comedy Drama,2011.0,,arthur christmas animation children comedy drama
91470,Violet & Daisy,Action Drama,2011.0,,violet daisy action drama
91483,Bullet to the Head,Action Crime Film-Noir,2012.0,,bullet to the head action crime film noir
91485,"Expendables 2, The",Action Adventure,2012.0,,expendables 2 the action adventure
91488,"Snowman, The",Animation Children Musical,1982.0,,snowman the animation children musical
91500,The Hunger Games,Action Adventure Drama Sci-Fi Thriller,2012.0,ending,the hunger games action adventure drama sci fi thriller ending
91529,"Dark Knight Rises, The",Action Adventure Crime IMAX,2012.0,anne hathaway christian bale christopher nolan comic book great ending morgan freeman political commentary superhero,dark knight rises the action adventure crime imax anne hathaway christian bale christopher nolan comic book great ending morgan freeman political commentary superhero
91535,"Bourne Legacy, The",Action Adventure Drama Thriller IMAX,2012.0,,bourne legacy the action adventure drama thriller imax
91542,Sherlock Holmes: A Game of Shadows,Action Adventure Comedy Crime Mystery Thriller,2011.0,,sherlock holmes a game of shadows action adventure comedy crime mystery thriller
91571,Coriolanus,Drama Thriller,2011.0,,coriolanus drama thriller
91622,Young Adult,Comedy Drama,2011.0,,young adult comedy drama
91628,New Year's Eve,Comedy Romance,2011.0,,new year s eve comedy romance
91630,Mission: Impossible - Ghost Protocol,Action Adventure Thriller IMAX,2011.0,,mission impossible ghost protocol action adventure thriller imax
91653,We Bought a Zoo,Comedy Drama,2011.0,,we bought a zoo comedy drama
91658,"Girl with the Dragon Tattoo, The",Drama Thriller,2011.0,,girl with the dragon tattoo the drama thriller
91660,"Darkest Hour, The",Action Horror Sci-Fi Thriller,2011.0,,darkest hour the action horror sci fi thriller
91666,Last Holiday,Comedy Drama Romance,1950.0,,last holiday comedy drama romance
91671,Alvin and the Chipmunks: Chipwrecked,Animation Comedy,2011.0,,alvin and the chipmunks chipwrecked animation comedy
91688,Salvation Boulevard,Comedy Thriller,2011.0,,salvation boulevard comedy thriller
91690,Friends with Kids,Comedy,2011.0,,friends with kids comedy
91784,Girl Walks Into a Bar,Comedy Drama Fantasy,2011.0,,girl walks into a bar comedy drama fantasy
91842,Contraband,Action Crime Drama Thriller,2012.0,,contraband action crime drama thriller
91860,"Way South, The (De weg naar het zuiden)",Documentary,1981.0,,way south the de weg naar het zuiden documentary
91869,Being Elmo: A Puppeteer's Journey,Documentary,2011.0,,being elmo a puppeteer s journey documentary
91873,Joyful Noise,Comedy Musical,2012.0,,joyful noise comedy musical
91890,"Iron Lady, The",Drama,2011.0,,iron lady the drama
91935,Albatross,Drama,2011.0,,albatross drama
91947,"Revenant, The",Comedy Horror,2009.0,,revenant the comedy horror
91974,Underworld: Awakening,Action Fantasy Horror IMAX,2012.0,,underworld awakening action fantasy horror imax
91976,"Grey, The",Action Drama,2012.0,,grey the action drama
91978,Man on a Ledge,Crime Thriller,2012.0,,man on a ledge crime thriller
91981,Sacrifice (Zhao shi gu er),Drama,2010.0,,sacrifice zhao shi gu er drama
92008,Haywire,Action Thriller,2011.0,,haywire action thriller
92046,Contact High,Comedy,2009.0,,contact high comedy
92048,"Whistleblower, The",Drama Thriller,2010.0,,whistleblower the drama thriller
92094,Einstein and Eddington,Drama,2008.0,,einstein and eddington drama
92192,Apollo 18,Horror Sci-Fi Thriller,2011.0,,apollo 18 horror sci fi thriller
92198,Seeking Justice,Action Drama Thriller,2011.0,,seeking justice action drama thriller
92234,Red Tails,Action Adventure Drama War,2012.0,,red tails action adventure drama war
92243,"Flowers of War, The (Jin líng shí san chai)",Drama War,2011.0,,flowers of war the jin l ng sh san chai drama war
92259,Intouchables,Comedy Drama,2011.0,emotional sexuality,intouchables comedy drama emotional sexuality
92264,One for the Money,Action Comedy Crime,2012.0,,one for the money action comedy crime
92309,"Innkeepers, The",Horror Thriller,2011.0,,innkeepers the horror thriller
92348,Puss in Boots (Nagagutsu o haita neko),Adventure Animation Children Comedy Fantasy Romance,1969.0,,puss in boots nagagutsu o haita neko adventure animation children comedy fantasy romance
92391,Grave Encounters,Horror,2011.0,,grave encounters horror
92420,Chronicle,Action Sci-Fi Thriller,2012.0,,chronicle action sci fi thriller
92422,"Woman in Black, The",Drama Horror Thriller,2012.0,,woman in black the drama horror thriller
92427,Woman in Love (Rubbeldiekatz),Comedy,2011.0,,woman in love rubbeldiekatz comedy
92439,"Art of Getting By, The",Drama Romance,2011.0,,art of getting by the drama romance
92475,All Watched Over by Machines of Loving Grace,Documentary,2011.0,,all watched over by machines of loving grace documentary
92494,Dylan Moran: Monster,Comedy Documentary,2004.0,,dylan moran monster comedy documentary
92507,Safe House,Action Crime Mystery Thriller,2012.0,,safe house action crime mystery thriller
92509,"Vow, The",Drama Romance,2012.0,,vow the drama romance
92535,Louis C.K.: Live at the Beacon Theater,Comedy,2011.0,,louis c k live at the beacon theater comedy
92637,Pitfall (Otoshiana),Crime Drama Fantasy,1962.0,,pitfall otoshiana crime drama fantasy
92643,Monsieur Lazhar,Children Comedy Drama,2011.0,,monsieur lazhar children comedy drama
92665,"For a Good Time, Call...",Comedy Drama Romance,2012.0,,for a good time call comedy drama romance
92674,Janie Jones,Drama Musical,2010.0,,janie jones drama musical
92681,Journey 2: The Mysterious Island,Action Adventure Comedy Sci-Fi IMAX,2012.0,,journey 2 the mysterious island action adventure comedy sci fi imax
92694,Perfect Sense,Drama Romance Sci-Fi,2011.0,,perfect sense drama romance sci fi
92730,Rollo and the Woods Sprite (Rölli ja metsänhenki),Children Fantasy,2001.0,,rollo and the woods sprite r lli ja mets nhenki children fantasy
92760,"Atomic Brain, The",Horror Sci-Fi,1963.0,,atomic brain the horror sci fi
92938,Ghost Rider: Spirit of Vengeance,Action Fantasy Thriller,2012.0,,ghost rider spirit of vengeance action fantasy thriller
92954,Prayers for Bobby,Drama,2009.0,,prayers for bobby drama
93006,"Very Potter Musical, A",Comedy Musical,2009.0,,very potter musical a comedy musical
93008,"Very Potter Sequel, A",Comedy Musical,2010.0,,very potter sequel a comedy musical
93022,Miss Nobody,Comedy Crime,2010.0,,miss nobody comedy crime
93040,"Civil War, The",Documentary War,1990.0,,civil war the documentary war
93114,Ro.Go.Pa.G.,Comedy Drama,1963.0,,ro go pa g comedy drama
93134,"Women on the 6th Floor, The (Les Femmes du 6ème Étage)",Comedy,2010.0,,women on the 6th floor the les femmes du 6 me tage comedy
93139,Mega Shark vs. Crocosaurus,Action Adventure Horror,2010.0,,mega shark vs crocosaurus action adventure horror
93193,Red Hill,Crime Thriller Western,2010.0,,red hill crime thriller western
93208,Mickey's The Prince and the Pauper,Animation Children,1990.0,,mickey s the prince and the pauper animation children
93242,Gone,Drama Thriller,2012.0,,gone drama thriller
93270,Project X,Comedy,2012.0,,project x comedy
93272,Dr. Seuss' The Lorax,Animation Fantasy Musical IMAX,2012.0,,dr seuss the lorax animation fantasy musical imax
93287,"Big Year, The",Comedy,2011.0,,big year the comedy
93297,Act of Valor,Action Thriller War,2012.0,,act of valor action thriller war
93320,Trailer Park Boys,Comedy Crime,1999.0,,trailer park boys comedy crime
93326,This Means War,Action Comedy Romance,2012.0,,this means war action comedy romance
93363,John Carter,Action Adventure Sci-Fi IMAX,2012.0,,john carter action adventure sci fi imax
93443,Goon,Comedy Drama,2011.0,,goon comedy drama
93502,"Ledge, The",Drama Thriller,2011.0,,ledge the drama thriller
93510,21 Jump Street,Action Comedy Crime,2012.0,,21 jump street action comedy crime
93512,"Jeff, Who Lives at Home",Comedy Drama,2012.0,,jeff who lives at home comedy drama
93563,Lockout,Action Sci-Fi Thriller,2012.0,,lockout action sci fi thriller
93598,"Snowtown (Snowtown Murders, The)",Crime Drama Thriller,2011.0,,snowtown snowtown murders the crime drama thriller
93610,Space Battleship Yamato,Action Adventure Drama,2010.0,,space battleship yamato action adventure drama
93721,Jiro Dreams of Sushi,Documentary,2011.0,,jiro dreams of sushi documentary
93723,Damsels in Distress,Comedy Romance,2011.0,,damsels in distress comedy romance
93740,Salmon Fishing in the Yemen,Comedy Drama Romance,2011.0,,salmon fishing in the yemen comedy drama romance
93766,Wrath of the Titans,Action Adventure Fantasy IMAX,2012.0,,wrath of the titans action adventure fantasy imax
93790,Detachment,Drama,2011.0,,detachment drama
93805,Iron Sky,Action Comedy Sci-Fi,2012.0,,iron sky action comedy sci fi
93819,Absentia,Horror,2011.0,,absentia horror
93831,American Reunion (American Pie 4),Comedy,2012.0,,american reunion american pie 4 comedy
93838,The Raid: Redemption,Action Crime,2011.0,,the raid redemption action crime
93840,"Cabin in the Woods, The",Comedy Horror Sci-Fi Thriller,2012.0,,cabin in the woods the comedy horror sci fi thriller
93855,God Bless America,Comedy Drama,2011.0,,god bless america comedy drama
93980,"Three Stooges, The",Comedy,2012.0,,three stooges the comedy
93982,"Raven, The",Mystery Thriller,2012.0,,raven the mystery thriller
93988,North & South,Drama Romance,2004.0,,north south drama romance
94011,"Big Bang, The",Action Thriller,2011.0,,big bang the action thriller
94015,Mirror Mirror,Adventure Comedy Fantasy,2012.0,,mirror mirror adventure comedy fantasy
94018,Battleship,Action Sci-Fi Thriller IMAX,2012.0,,battleship action sci fi thriller imax
94070,"Best Exotic Marigold Hotel, The",Comedy Drama,2011.0,,best exotic marigold hotel the comedy drama
94122,Comic-Con Episode IV: A Fan's Hope,Documentary,2011.0,,comic con episode iv a fan s hope documentary
94130,Bully,Documentary,2011.0,,bully documentary
94150,Hysteria,Comedy Romance,2011.0,,hysteria comedy romance
94160,Dante's Inferno: An Animated Epic,Action Animation Fantasy,2010.0,,dante s inferno an animated epic action animation fantasy
94262,"Atomic Submarine, The",Sci-Fi Thriller,1959.0,,atomic submarine the sci fi thriller
94266,"Five-Year Engagement, The",Comedy Romance,2012.0,,five year engagement the comedy romance
94323,Think Like a Man,Comedy,2012.0,,think like a man comedy
94325,"Lucky One, The",Drama,2012.0,,lucky one the drama
94405,Safe,Action Crime Thriller,2012.0,,safe action crime thriller
94478,Dark Shadows,Comedy Horror IMAX,2012.0,,dark shadows comedy horror imax
94494,96 Minutes,Drama Thriller,2011.0,,96 minutes drama thriller
94503,"Decoy Bride, The",Comedy Romance,2011.0,,decoy bride the comedy romance
94661,Rocket Singh: Salesman of the Year,Comedy Drama,2009.0,,rocket singh salesman of the year comedy drama
94677,"Dictator, The",Comedy,2012.0,,dictator the comedy
94735,Walking with Monsters,Documentary,2005.0,,walking with monsters documentary
94777,Men in Black III (M.III.B.) (M.I.B.³),Action Comedy Sci-Fi IMAX,2012.0,,men in black iii m iii b m i b action comedy sci fi imax
94780,Snow White and the Huntsman,Action Adventure Drama,2012.0,,snow white and the huntsman action adventure drama
94799,Sound of My Voice,Drama Mystery Sci-Fi,2011.0,,sound of my voice drama mystery sci fi
94810,Eva,Drama Fantasy Sci-Fi,2011.0,,eva drama fantasy sci fi
94833,"Pirates! Band of Misfits, The",Adventure Animation Children Comedy,2012.0,,pirates band of misfits the adventure animation children comedy
94864,Prometheus,Action Horror Sci-Fi IMAX,2012.0,,prometheus action horror sci fi imax
94867,"Pact, The",Horror Mystery Thriller,2012.0,,pact the horror mystery thriller
94896,Bernie,Comedy Crime Drama,2011.0,,bernie comedy crime drama
94919,Inhale,Drama Thriller,2010.0,,inhale drama thriller
94931,Take This Waltz,Drama Romance,2011.0,,take this waltz drama romance
94953,Wanderlust,Comedy,2012.0,,wanderlust comedy
94959,Moonrise Kingdom,Comedy Drama Romance,2012.0,quirky,moonrise kingdom comedy drama romance quirky
94985,Get the Gringo,Action Crime Drama Thriller,2012.0,,get the gringo action crime drama thriller
95004,Superman/Doomsday,Action Animation,2007.0,,superman doomsday action animation
95067,"Thousand Words, A",Comedy Drama,2012.0,interesting scenario,thousand words a comedy drama interesting scenario
95088,Safety Not Guaranteed,Comedy Drama,2012.0,,safety not guaranteed comedy drama
95105,Madagascar 3: Europe's Most Wanted,Adventure Animation Children Comedy IMAX,2012.0,,madagascar 3 europe s most wanted adventure animation children comedy imax
95135,Your Sister's Sister,Comedy Drama,2011.0,,your sister s sister comedy drama
95145,Dragon Ball: The Curse Of The Blood Rubies (Doragon bôru: Shenron no densetsu),Action Adventure Animation Children,1986.0,,dragon ball the curse of the blood rubies doragon b ru shenron no densetsu action adventure animation children
95147,Dragon Ball: Sleeping Princess in Devil's Castle (Doragon bôru: Majinjô no nemuri hime),Action Adventure Animation Children,1987.0,,dragon ball sleeping princess in devil s castle doragon b ru majinj no nemuri hime action adventure animation children
95149,Superman/Batman: Public Enemies,Action Animation Fantasy,2009.0,,superman batman public enemies action animation fantasy
95163,Dragon Ball: Mystical Adventure (Doragon bôru: Makafushigi dai bôken),Action Adventure Animation Children,1988.0,,dragon ball mystical adventure doragon b ru makafushigi dai b ken action adventure animation children
95165,Dragon Ball Z the Movie: The World's Strongest (a.k.a. Dragon Ball Z: The Strongest Guy in The World) (Doragon bôru Z: Kono yo de ichiban tsuyoi yatsu),Action Adventure Animation Sci-Fi Thriller,1990.0,,dragon ball z the movie the world s strongest a k a dragon ball z the strongest guy in the world doragon b ru z kono yo de ichiban tsuyoi yatsu action adventure animation sci fi thriller
95167,Brave,Action Adventure Animation Children,2012.0,,brave action adventure animation children
95170,Beauty and the Beast: The Enchanted Christmas,Animation Children Fantasy Musical,1997.0,,beauty and the beast the enchanted christmas animation children fantasy musical
95175,Front of the Class,Drama,2008.0,,front of the class drama
95182,Dragon Ball Z the Movie: The Tree of Might (Doragon bôru Z 3: Chikyû marugoto chô kessen),Action Adventure Animation Sci-Fi,1990.0,,dragon ball z the movie the tree of might doragon b ru z 3 chiky marugoto ch kessen action adventure animation sci fi
95193,Pocahontas II: Journey to a New World,Adventure Animation Children,1998.0,,pocahontas ii journey to a new world adventure animation children
95199,What to Expect When You're Expecting,Comedy Drama Romance,2012.0,,what to expect when you re expecting comedy drama romance
95201,To Rome with Love,Comedy,2012.0,,to rome with love comedy
95207,Abraham Lincoln: Vampire Hunter,Action Fantasy Horror Thriller,2012.0,,abraham lincoln vampire hunter action fantasy horror thriller
95218,First Position,Documentary,2011.0,,first position documentary
95307,Rock of Ages,Comedy Drama Musical IMAX,2012.0,,rock of ages comedy drama musical imax
95309,Seeking a Friend for the End of the World,Comedy Drama Romance,2012.0,,seeking a friend for the end of the world comedy drama romance
95311,Presto,Animation Children Comedy Fantasy,2008.0,,presto animation children comedy fantasy
95313,Jack-Jack Attack,Adventure Animation Children Comedy,2005.0,,jack jack attack adventure animation children comedy
95377,One Man Band,Animation Comedy Musical,2005.0,,one man band animation comedy musical
95441,Ted,Comedy Fantasy,2012.0,crude humor,ted comedy fantasy crude humor
95449,Magic Mike,Drama Romance,2012.0,,magic mike drama romance
95473,Dragon Ball Z: The Return of Cooler (Doragon bôru Z 6: Gekitotsu! Hyakuoku pawâ no senshi),Action Adventure Animation,1992.0,,dragon ball z the return of cooler doragon b ru z 6 gekitotsu hyakuoku paw no senshi action adventure animation
95475,Dragon Ball Z: Cooler's Revenge (Doragon bôru Z 5: Tobikkiri no saikyô tai saikyô),Action Adventure Animation,1991.0,,dragon ball z cooler s revenge doragon b ru z 5 tobikkiri no saiky tai saiky action adventure animation
95497,Dragon Ball Z: Super Android 13! (Doragon bôru Z 7: Kyokugen batoru!! San dai sûpâ saiyajin),Action Adventure Animation,1992.0,,dragon ball z super android 13 doragon b ru z 7 kyokugen batoru san dai s p saiyajin action adventure animation
95499,Dragon Ball Z: Broly - The Legendary Super Saiyan (Doragon bôru Z 8: Moetsukiro!! Nessen retsusen-chô gekisen),Action Adventure Animation,1993.0,,dragon ball z broly the legendary super saiyan doragon b ru z 8 moetsukiro nessen retsusen ch gekisen action adventure animation
95508,Cleanskin,Crime Drama Thriller,2012.0,,cleanskin crime drama thriller
95510,"Amazing Spider-Man, The",Action Adventure Sci-Fi IMAX,2012.0,,amazing spider man the action adventure sci fi imax
95519,Dragon Ball Z: Bojack Unbound (Doragon bôru Z 9: Ginga girigiri!! Butchigiri no sugoi yatsu),Action Adventure Animation Fantasy,1993.0,,dragon ball z bojack unbound doragon b ru z 9 ginga girigiri butchigiri no sugoi yatsu action adventure animation fantasy
95543,Ice Age 4: Continental Drift,Adventure Animation Comedy,2012.0,,ice age 4 continental drift adventure animation comedy
95558,Beasts of the Southern Wild,Drama Fantasy,2012.0,beautiful emotional poetic,beasts of the southern wild drama fantasy beautiful emotional poetic
95583,Savages,Crime Drama Thriller,2012.0,,savages crime drama thriller
95624,"Firm, The",Drama,2009.0,,firm the drama
95633,Spirit Camp,Horror,2009.0,,spirit camp horror
95654,Geri's Game,Animation Children,1997.0,,geri s game animation children
95690,Some Guy Who Kills People,Comedy Thriller,2011.0,,some guy who kills people comedy thriller
95717,Treasure Island,Adventure,2012.0,,treasure island adventure
95720,"Watch, The",Comedy Sci-Fi,2012.0,,watch the comedy sci fi
95738,"Adventures of Mary-Kate and Ashley, The: The Case of the Christmas Caper",Children Musical Mystery,1995.0,,adventures of mary kate and ashley the the case of the christmas caper children musical mystery
95744,2 Days in New York,Comedy,2012.0,,2 days in new york comedy
95761,Killer Joe,Crime Thriller,2011.0,,killer joe crime thriller
95771,Dragon Ball Z: Broly Second Coming (Doragon bôru Z 10: Kiken na futari! Sûpâ senshi wa nemurenai),Action Adventure Animation,1994.0,,dragon ball z broly second coming doragon b ru z 10 kiken na futari s p senshi wa nemurenai action adventure animation
95780,Dragon Ball Z: Bio-Broly (Doragon bôru Z 11: Sûpâ senshi gekiha! Katsu no wa ore da),Action Adventure Animation,1994.0,,dragon ball z bio broly doragon b ru z 11 s p senshi gekiha katsu no wa ore da action adventure animation
95796,Anaconda: The Offspring,Action Horror Sci-Fi Thriller,2008.0,,anaconda the offspring action horror sci fi thriller
95839,"Christmas Carol, A",Drama Fantasy,1999.0,,christmas carol a drama fantasy
95843,Goodbye Charlie,Comedy Fantasy Romance,1964.0,,goodbye charlie comedy fantasy romance
95858,For the Birds,Animation Children Comedy,2000.0,,for the birds animation children comedy
95873,Ruby Sparks,Comedy Fantasy Romance,2012.0,,ruby sparks comedy fantasy romance
95875,Total Recall,Action Sci-Fi Thriller,2012.0,,total recall action sci fi thriller
95939,"Angels' Share, The",Comedy Drama,2012.0,,angels share the comedy drama
95949,"Immature, The (Immaturi)",Comedy,2011.0,,immature the immaturi comedy
95965,Dragon Ball Z: Bardock - The Father of Goku (Doragon bôru Z: Tatta hitori no saishuu kessen - Furiiza ni itonda Z senshi Kakarotto no chichi),Action Adventure Animation,1990.0,,dragon ball z bardock the father of goku doragon b ru z tatta hitori no saishuu kessen furiiza ni itonda z senshi kakarotto no chichi action adventure animation
96004,Dragon Ball Z: The History of Trunks (Doragon bôru Z: Zetsubô e no hankô!! Nokosareta chô senshi - Gohan to Torankusu),Action Adventure Animation,1993.0,,dragon ball z the history of trunks doragon b ru z zetsub e no hank nokosareta ch senshi gohan to torankusu action adventure animation
96007,Dragon Ball GT: A Hero's Legacy (Doragon bôru GT: Gokû gaiden! Yûki no akashi wa sû-shin-chû),Action Adventure Animation,1997.0,,dragon ball gt a hero s legacy doragon b ru gt gok gaiden y ki no akashi wa s shin ch action adventure animation
96020,Sidewalls (Medianeras),Drama,2011.0,,sidewalls medianeras drama
96079,Skyfall,Action Adventure Thriller IMAX,2012.0,beautiful cinematography beautifully filmed cinematography,skyfall action adventure thriller imax beautiful cinematography beautifully filmed cinematography
96084,Hands Over the City (Le mani sulla città),Drama,1963.0,city politics italy political right versus left,hands over the city le mani sulla citt drama city politics italy political right versus left
96110,"Campaign, The",Comedy,2012.0,,campaign the comedy
96114,Brake,Crime Thriller,2012.0,,brake crime thriller
96121,Hope Springs,Comedy Drama,2012.0,,hope springs comedy drama
96150,"Queen of Versailles, The",Documentary,2012.0,,queen of versailles the documentary
96281,ParaNorman,Adventure Animation Comedy,2012.0,,paranorman adventure animation comedy
96283,Diary of a Wimpy Kid: Dog Days,Children Comedy,2012.0,,diary of a wimpy kid dog days children comedy
96373,Broken,Drama,2012.0,,broken drama
96411,6 Days to Air: The Making of South Park,Documentary,2011.0,,6 days to air the making of south park documentary
96417,Premium Rush,Action Thriller,2012.0,,premium rush action thriller
96430,"Odd Life of Timothy Green, The",Comedy Drama Fantasy,2012.0,,odd life of timothy green the comedy drama fantasy
96432,Lawless,Crime Drama,2012.0,,lawless crime drama
96448,Piranha 3DD (a.k.a. Piranha DD),Comedy Horror,2012.0,,piranha 3dd a k a piranha dd comedy horror
96471,Prime Suspect 3,Crime Drama Mystery,1993.0,,prime suspect 3 crime drama mystery
96488,Searching for Sugar Man,Documentary,2012.0,,searching for sugar man documentary
96518,Prime Suspect 6: The Last Witness,Drama Thriller,2003.0,,prime suspect 6 the last witness drama thriller
96520,Prime Suspect: The Lost Child,Drama Mystery,1995.0,,prime suspect the lost child drama mystery
96530,Conception,Comedy Romance,2011.0,,conception comedy romance
96563,Paradise Lost 3: Purgatory,Documentary,2011.0,,paradise lost 3 purgatory documentary
96567,"Words, The",Drama Romance,2012.0,,words the drama romance
96588,Pitch Perfect,Comedy Musical,2012.0,,pitch perfect comedy musical
96606,Samsara,Documentary,2011.0,,samsara documentary
96608,Runaway Brain,Animation Comedy Sci-Fi,1995.0,,runaway brain animation comedy sci fi
96610,Looper,Action Crime Sci-Fi,2012.0,,looper action crime sci fi
96616,That's My Boy,Comedy,2012.0,,that s my boy comedy
96655,Robot & Frank,Comedy Drama Sci-Fi,2012.0,,robot frank comedy drama sci fi
96691,Resident Evil: Retribution,Action Horror Sci-Fi IMAX,2012.0,,resident evil retribution action horror sci fi imax
96726,Lola Versus,Comedy Romance,2012.0,,lola versus comedy romance
96728,"Master, The",Drama,2012.0,,master the drama
96737,Dredd,Action Sci-Fi,2012.0,,dredd action sci fi
96811,End of Watch,Crime Drama Thriller,2012.0,,end of watch crime drama thriller
96815,V/H/S,Horror Thriller,2012.0,,v h s horror thriller
96821,"Perks of Being a Wallflower, The",Drama Romance,2012.0,,perks of being a wallflower the drama romance
96829,"Hunt, The (Jagten)",Drama,2012.0,,hunt the jagten drama
96832,Holy Motors,Drama Fantasy Musical Mystery Sci-Fi,2012.0,,holy motors drama fantasy musical mystery sci fi
96861,Taken 2,Action Crime Drama Thriller,2012.0,istanbul liam neeson predictable turkey unnecessary sequel,taken 2 action crime drama thriller istanbul liam neeson predictable turkey unnecessary sequel
96917,House at the End of the Street,Horror Thriller,2012.0,,house at the end of the street horror thriller
96935,My Left Eye Sees Ghosts (Ngo joh aan gin diy gwai),Comedy Fantasy Romance,2002.0,,my left eye sees ghosts ngo joh aan gin diy gwai comedy fantasy romance
96945,Love Lasts Three Years (L'amour dure trois ans),Comedy Drama Romance,2011.0,,love lasts three years l amour dure trois ans comedy drama romance
96964,"Tall Man, The",Crime Drama Mystery,2012.0,,tall man the crime drama mystery
96975,LOL,Comedy Drama Romance,2012.0,,lol comedy drama romance
97024,Rust and Bone (De rouille et d'os),Drama Romance,2012.0,,rust and bone de rouille et d os drama romance
97168,Marley,Documentary,2012.0,,marley documentary
97172,Frankenweenie,Animation Comedy Horror IMAX,2012.0,,frankenweenie animation comedy horror imax
97188,Sinister,Horror Thriller,2012.0,,sinister horror thriller
97194,"Thing: Terror Takes Shape, The",Documentary,1998.0,,thing terror takes shape the documentary
97225,Hotel Transylvania,Animation Children Comedy,2012.0,,hotel transylvania animation children comedy
97230,Side by Side,Documentary,2012.0,,side by side documentary
97285,Take Aim at the Police Van (Sono gosôsha wo nerae: 'Jûsangô taihisen' yori),Action Crime Mystery,1960.0,,take aim at the police van sono gos sha wo nerae j sang taihisen yori action crime mystery
97304,Argo,Drama Thriller,2012.0,cia politics thrilling,argo drama thriller cia politics thrilling
97306,Seven Psychopaths,Comedy Crime,2012.0,,seven psychopaths comedy crime
97328,Liberal Arts,Comedy Drama,2012.0,,liberal arts comedy drama
97470,Catch .44,Action Drama Thriller,2011.0,,catch 44 action drama thriller
97643,[REC]³ 3 Génesis,Horror Thriller,2012.0,,rec 3 g nesis horror thriller
97665,Asterix & Obelix: God Save Britannia (Astérix et Obélix: Au service de Sa Majesté),Adventure Comedy,2012.0,,asterix obelix god save britannia ast rix et ob lix au service de sa majest adventure comedy
97701,Paranormal Activity 4,Horror IMAX,2012.0,,paranormal activity 4 horror imax
97742,Alex Cross,Action Crime Mystery Thriller,2012.0,,alex cross action crime mystery thriller
97752,Cloud Atlas,Drama Sci-Fi IMAX,2012.0,,cloud atlas drama sci fi imax
97757,'Hellboy': The Seeds of Creation,Action Adventure Comedy Documentary Fantasy,2004.0,,hellboy the seeds of creation action adventure comedy documentary fantasy
97785,Silent Hill: Revelation 3D,Horror Mystery Thriller,2012.0,,silent hill revelation 3d horror mystery thriller
97836,Here Comes the Boom,Action Comedy,2012.0,,here comes the boom action comedy
97858,Mental,Comedy Drama,2012.0,,mental comedy drama
97860,Killing Them Softly,Crime Drama Thriller,2012.0,,killing them softly crime drama thriller
97866,"Imposter, The",Documentary,2012.0,,imposter the documentary
97870,"Sessions, The (Surrogate, The)",Drama,2012.0,,sessions the surrogate the drama
97904,Smashed,Comedy Drama,2012.0,,smashed comedy drama
97913,Wreck-It Ralph,Animation Comedy,2012.0,,wreck it ralph animation comedy
97921,Silver Linings Playbook,Comedy Drama,2012.0,,silver linings playbook comedy drama
97923,Flight,Drama,2012.0,,flight drama
97936,Anna Karenina,Drama,2012.0,,anna karenina drama
97938,Life of Pi,Adventure Drama IMAX,2012.0,cinematography india surreal,life of pi adventure drama imax cinematography india surreal
97950,"Man with the Iron Fists, The",Action Adventure Crime,2012.0,,man with the iron fists the action adventure crime
97988,"Bay, The",Horror Sci-Fi Thriller,2012.0,,bay the horror sci fi thriller
98061,Himizu,Children Crime Drama,2011.0,,himizu children crime drama
98083,Jackass 3.5,Comedy Documentary,2011.0,,jackass 3 5 comedy documentary
98122,Indie Game: The Movie,Documentary,2012.0,,indie game the movie documentary
98124,"Batman: The Dark Knight Returns, Part 1",Action Animation Sci-Fi,2012.0,,batman the dark knight returns part 1 action animation sci fi
98154,Lincoln,Drama War,2012.0,,lincoln drama war
98160,Nature Calls,Comedy,2012.0,,nature calls comedy
98175,Vamps,Comedy Horror Romance,2012.0,,vamps comedy horror romance
98203,"Twilight Saga: Breaking Dawn - Part 2, The",Adventure Drama Fantasy Romance IMAX,2012.0,,twilight saga breaking dawn part 2 the adventure drama fantasy romance imax
98230,10 Years,Comedy Drama Romance,2011.0,,10 years comedy drama romance
98239,Red Dawn,Action War,2012.0,,red dawn action war
98243,Rise of the Guardians,Adventure Animation Children Fantasy IMAX,2012.0,,rise of the guardians adventure animation children fantasy imax
98279,"Fantastic Fear of Everything, A",Comedy,2012.0,,fantastic fear of everything a comedy
98296,Deadfall,Crime Drama Thriller,2012.0,,deadfall crime drama thriller
98361,Byzantium,Drama Fantasy Thriller,2012.0,,byzantium drama fantasy thriller
98491,Paperman,Animation Comedy Romance,2012.0,,paperman animation comedy romance
98499,"Fearless Hyena, The (Xiao quan guai zhao)",Action Comedy,1979.0,,fearless hyena the xiao quan guai zhao action comedy
98503,Half a Loaf of Kung Fu (Dian zhi gong fu gan chian chan),Action Comedy,1980.0,,half a loaf of kung fu dian zhi gong fu gan chian chan action comedy
98585,Hitchcock,Drama,2012.0,,hitchcock drama
98604,From Up on Poppy Hill (Kokuriko-zaka kara),Animation Drama Romance,2011.0,,from up on poppy hill kokuriko zaka kara animation drama romance
98607,Redline,Action Animation Sci-Fi,2009.0,,redline action animation sci fi
98623,Winners and Sinners (Qi mou miao ji: Wu fu xing),Action Comedy Crime,1983.0,,winners and sinners qi mou miao ji wu fu xing action comedy crime
98633,My Lucky Stars (Fuk sing go jiu),Action Comedy,1985.0,,my lucky stars fuk sing go jiu action comedy
98697,"Money Money Money (L'aventure, c'est l'aventure)",Adventure Comedy,1972.0,,money money money l aventure c est l aventure adventure comedy
98799,"Liar's Autobiography: The Untrue Story of Monty Python's Graham Chapman, A",Animation Comedy,2012.0,,liar s autobiography the untrue story of monty python s graham chapman a animation comedy
98809,"Hobbit: An Unexpected Journey, The",Adventure Fantasy IMAX,2012.0,action myth,hobbit an unexpected journey the adventure fantasy imax action myth
98836,Hyde Park on Hudson,Comedy Drama,2012.0,,hyde park on hudson comedy drama
98908,How to Make Love to a Woman,Comedy Romance,2010.0,,how to make love to a woman comedy romance
98961,Zero Dark Thirty,Action Drama Thriller,2012.0,afghanistan american propaganda assassination military terrorism,zero dark thirty action drama thriller afghanistan american propaganda assassination military terrorism
99005,Fire with Fire,Action Crime Drama,2012.0,,fire with fire action crime drama
99007,Warm Bodies,Comedy Horror Romance,2013.0,,warm bodies comedy horror romance
99030,Wrong,Comedy Drama,2012.0,,wrong comedy drama
99087,Playing for Keeps,Comedy Romance,2012.0,,playing for keeps comedy romance
99106,"Guilt Trip, The",Comedy,2012.0,,guilt trip the comedy
99112,Jack Reacher,Action Crime Thriller,2012.0,,jack reacher action crime thriller
99114,Django Unchained,Action Drama Western,2012.0,action christoph waltz funny good soundtrack great performances humour leonardo dicaprio quentin tarantino samuel l. jackson soundtrack western soundtrack,django unchained action drama western action christoph waltz funny good soundtrack great performances humour leonardo dicaprio quentin tarantino samuel l jackson soundtrack western soundtrack
99117,This Is 40,Drama,2012.0,,this is 40 drama
99122,I Bought a Vampire Motorcycle,Comedy Horror,1990.0,,i bought a vampire motorcycle comedy horror
99130,Ice Cream Man,Comedy Horror,1995.0,,ice cream man comedy horror
99145,"Impossible, The (Imposible, Lo)",Drama Thriller,2012.0,,impossible the imposible lo drama thriller
99149,"Misérables, Les",Drama Musical Romance IMAX,2012.0,,mis rables les drama musical romance imax
99191,Campfire Tales,Horror,1997.0,,campfire tales horror
99415,Parental Guidance,Comedy,2012.0,,parental guidance comedy
99437,John Dies at the End,Comedy Fantasy Horror,2012.0,,john dies at the end comedy fantasy horror
99532,"Misérables, Les",Drama Romance,2000.0,,mis rables les drama romance
99574,Promised Land,Drama,2012.0,,promised land drama
99636,English Vinglish,Comedy Drama,2012.0,,english vinglish comedy drama
99638,Fish Story (Fisshu sutôrî),Comedy,2009.0,,fish story fisshu sut r comedy
99721,Texas Chainsaw 3D,Horror Mystery Thriller,2013.0,,texas chainsaw 3d horror mystery thriller
99728,Gangster Squad,Action Crime Drama,2013.0,,gangster squad action crime drama
99750,"Iceman, The",Crime Drama Thriller,2012.0,,iceman the crime drama thriller
99764,It's Such a Beautiful Day,Animation Comedy Drama Fantasy Sci-Fi,2012.0,moving philosopical surreal weird,it s such a beautiful day animation comedy drama fantasy sci fi moving philosopical surreal weird
99813,"Batman: The Dark Knight Returns, Part 2",Action Animation,2013.0,,batman the dark knight returns part 2 action animation
99846,Everything or Nothing: The Untold Story of 007,Documentary,2012.0,,everything or nothing the untold story of 007 documentary
99853,Codependent Lesbian Space Alien Seeks Same,Comedy Romance Sci-Fi,2011.0,,codependent lesbian space alien seeks same comedy romance sci fi
99910,"Last Stand, The",Action Crime Thriller,2013.0,,last stand the action crime thriller
99917,Upstream Color,Romance Sci-Fi Thriller,2013.0,artistic artsy atmospheric beautiful dreamlike existentialism,upstream color romance sci fi thriller artistic artsy atmospheric beautiful dreamlike existentialism
99992,Shadow Dancer,Crime Drama Thriller,2012.0,,shadow dancer crime drama thriller
100044,Human Planet,Documentary,2011.0,,human planet documentary
100068,Comme un chef,Comedy,2012.0,,comme un chef comedy
100083,Movie 43,Comedy,2013.0,embarassing scenes offensive r language sarcasm satire,movie 43 comedy embarassing scenes offensive r language sarcasm satire
100106,"Pervert's Guide to Ideology, The",Documentary,2012.0,,pervert s guide to ideology the documentary
100159,Sightseers,Comedy,2012.0,,sightseers comedy
100163,Hansel & Gretel: Witch Hunters,Action Fantasy Horror IMAX,2013.0,,hansel gretel witch hunters action fantasy horror imax
100194,Jim Jefferies: Fully Functional (EPIX),Comedy,2012.0,,jim jefferies fully functional epix comedy
100226,Why Stop Now,Comedy Drama,2012.0,,why stop now comedy drama
100277,Tabu,Drama Romance,2012.0,,tabu drama romance
100302,Upside Down,Drama Romance Sci-Fi,2012.0,,upside down drama romance sci fi
100304,"Liability, The",Action Thriller,2012.0,,liability the action thriller
100306,Angst,Drama Horror,1983.0,,angst drama horror
100326,Stand Up Guys,Comedy Crime,2012.0,,stand up guys comedy crime
100383,Side Effects,Crime Drama Mystery Thriller,2013.0,,side effects crime drama mystery thriller
100390,Identity Thief,Comedy Crime,2013.0,,identity thief comedy crime
100397,"ABCs of Death, The",Horror,2012.0,,abcs of death the horror
100487,Beautiful Creatures,Drama Fantasy Romance,2013.0,,beautiful creatures drama fantasy romance
100498,"Good Day to Die Hard, A",Action Crime Thriller IMAX,2013.0,,good day to die hard a action crime thriller imax
100507,21 and Over,Comedy,2013.0,,21 and over comedy
100527,Safe Haven,Drama Mystery Romance,2013.0,,safe haven drama mystery romance
100553,Frozen Planet,Documentary,2011.0,,frozen planet documentary
100556,"Act of Killing, The",Documentary,2012.0,,act of killing the documentary
100579,Universal Soldier: Day of Reckoning,Action Sci-Fi Thriller,2012.0,,universal soldier day of reckoning action sci fi thriller
100611,Escape from Planet Earth,Adventure Animation Comedy Sci-Fi,2013.0,,escape from planet earth adventure animation comedy sci fi
100714,Before Midnight,Drama Romance,2013.0,,before midnight drama romance
100737,Snitch,Action Drama Thriller,2013.0,,snitch action drama thriller
100810,Dark Skies,Horror Sci-Fi Thriller,2013.0,,dark skies horror sci fi thriller
100843,Oh Boy (A Coffee in Berlin),Comedy Drama,2012.0,,oh boy a coffee in berlin comedy drama
100882,Journey to the West: Conquering the Demons (Daai wa sai you chi Chui mo chun kei),Adventure Comedy Fantasy Romance IMAX,2013.0,,journey to the west conquering the demons daai wa sai you chi chui mo chun kei adventure comedy fantasy romance imax
100906,Maniac Cop 2,Action Horror Thriller,1990.0,,maniac cop 2 action horror thriller
101025,Jack the Giant Slayer,Adventure Fantasy IMAX,2013.0,,jack the giant slayer adventure fantasy imax
101070,Wadjda,Drama,2012.0,,wadjda drama
101072,"Unintentional Kidnapping of Mrs. Elfriede Ott, The (Die Unabsichtliche Entführung der Frau Elfriede Ott)",Comedy,2010.0,,unintentional kidnapping of mrs elfriede ott the die unabsichtliche entf hrung der frau elfriede ott comedy
101074,"Legend of Sleepy Hollow, The",Animation Comedy Horror Musical,1949.0,,legend of sleepy hollow the animation comedy horror musical
101076,G.I. Joe: Retaliation,Action Adventure Sci-Fi Thriller IMAX,2013.0,,g i joe retaliation action adventure sci fi thriller imax
101088,Stoker,Drama Mystery Thriller,2013.0,,stoker drama mystery thriller
101112,Oz the Great and Powerful,Action Adventure Fantasy IMAX,2013.0,,oz the great and powerful action adventure fantasy imax
101142,"Croods, The",Adventure Animation Comedy,2013.0,animation funny stone age,croods the adventure animation comedy animation funny stone age
101283,"Incredible Burt Wonderstone, The",Comedy,2013.0,,incredible burt wonderstone the comedy
101360,"Call, The",Drama Thriller,2013.0,,call the drama thriller
101362,Olympus Has Fallen,Action Thriller,2013.0,,olympus has fallen action thriller
101415,"First Time, The",Comedy Drama Romance,2012.0,,first time the comedy drama romance
101423,Mezzo Forte,Action Animation Comedy,1998.0,,mezzo forte action animation comedy
101525,"Place Beyond the Pines, The",Crime Drama,2012.0,,place beyond the pines the crime drama
101529,"Brass Teapot, The",Comedy Fantasy Thriller,2012.0,,brass teapot the comedy fantasy thriller
101531,Phil Spector,Drama,2013.0,,phil spector drama
101577,"Host, The",Action Adventure Romance,2013.0,,host the action adventure romance
101612,Admission,Comedy Romance,2013.0,,admission comedy romance
101739,Evil Dead,Horror,2013.0,,evil dead horror
101741,Trance,Crime Thriller,2013.0,,trance crime thriller
101765,"Perfect Plan, A (Plan parfait, Un)",Adventure Comedy Romance,2012.0,,perfect plan a plan parfait un adventure comedy romance
101864,Oblivion,Action Adventure Sci-Fi IMAX,2013.0,,oblivion action adventure sci fi imax
101884,Dark Tide,Adventure Drama Thriller,2012.0,,dark tide adventure drama thriller
101895,42,Drama,2013.0,,42 drama
101962,Wolf Children (Okami kodomo no ame to yuki),Animation Fantasy,2012.0,,wolf children okami kodomo no ame to yuki animation fantasy
101973,Disconnect,Drama Thriller,2012.0,,disconnect drama thriller
102007,"Invincible Iron Man, The",Animation,2007.0,animation,invincible iron man the animation animation
102025,Yongary: Monster from the Deep,Children Horror Sci-Fi,1967.0,,yongary monster from the deep children horror sci fi
102033,Pain & Gain,Action Comedy Crime,2013.0,,pain gain action comedy crime
102058,Hulk Vs.,Animation,2009.0,,hulk vs animation
102066,Resolution,Horror Thriller,2012.0,,resolution horror thriller
102070,Grabbers,Comedy Horror Sci-Fi,2012.0,,grabbers comedy horror sci fi
102084,Justice League: Doom,Action Animation Fantasy,2012.0,,justice league doom action animation fantasy
102088,"Grandmaster, The (Yi dai zong shi)",Action Drama IMAX,2013.0,,grandmaster the yi dai zong shi action drama imax
102123,This Is the End,Action Comedy,2013.0,,this is the end action comedy
102125,Iron Man 3,Action Sci-Fi Thriller IMAX,2013.0,,iron man 3 action sci fi thriller imax
102165,"English Teacher, The",Comedy Drama,2013.0,,english teacher the comedy drama
102194,Mud,Adventure Crime Drama,2012.0,,mud adventure crime drama
102217,Bill Hicks: Revelations,Comedy,1993.0,,bill hicks revelations comedy
102278,Pawn,Crime Thriller,2013.0,,pawn crime thriller
102338,Shaolin Temple (Shao Lin si),Action Adventure Drama,1976.0,,shaolin temple shao lin si action adventure drama
102378,Syrup,Comedy Drama,2013.0,,syrup comedy drama
102407,"Great Gatsby, The",Drama,2013.0,,great gatsby the drama
102445,Star Trek Into Darkness,Action Adventure Sci-Fi IMAX,2013.0,,star trek into darkness action adventure sci fi imax
102481,"Internship, The",Comedy,2013.0,,internship the comedy
102590,Darkon,Documentary Fantasy,2006.0,,darkon documentary fantasy
102602,Mimino,Comedy,1977.0,,mimino comedy
102666,Ivan Vasilievich: Back to the Future (Ivan Vasilievich menyaet professiyu),Adventure Comedy,1973.0,,ivan vasilievich back to the future ivan vasilievich menyaet professiyu adventure comedy
102684,Only God Forgives,Drama Thriller,2013.0,,only god forgives drama thriller
102686,"Hangover Part III, The",Comedy,2013.0,,hangover part iii the comedy
102716,"Fast & Furious 6 (Fast and the Furious 6, The)",Action Crime Thriller IMAX,2013.0,,fast furious 6 fast and the furious 6 the action crime thriller imax
102720,Epic,Adventure Animation Fantasy,2013.0,,epic adventure animation fantasy
102735,Captain America,Action Drama,1979.0,,captain america action drama
102742,Tie Xi Qu: West of the Tracks (Tiexi qu),Documentary,2003.0,,tie xi qu west of the tracks tiexi qu documentary
102747,"Rink, The",Comedy,1916.0,,rink the comedy
102749,Captain America II: Death Too Soon,Action Crime,1979.0,,captain america ii death too soon action crime
102760,Down Terrace,Comedy Crime Drama,2009.0,,down terrace comedy crime drama
102800,Frances Ha,Comedy Drama,2012.0,,frances ha comedy drama
102802,"Lords of Salem, The",Horror Thriller,2012.0,,lords of salem the horror thriller
102819,Behind the Candelabra,Drama,2013.0,,behind the candelabra drama
102823,As I Was Moving Ahead Occasionally I Saw Brief Glimpses of Beauty,Documentary,2000.0,,as i was moving ahead occasionally i saw brief glimpses of beauty documentary
102852,With Great Power: The Stan Lee Story,Documentary,2012.0,,with great power the stan lee story documentary
102880,After Earth,Action Adventure Sci-Fi IMAX,2013.0,,after earth action adventure sci fi imax
102903,Now You See Me,Crime Mystery Thriller,2013.0,illusions overcomplicated predictable stupid ending,now you see me crime mystery thriller illusions overcomplicated predictable stupid ending
102984,Inhuman Resources (Redd Inc.),Horror Thriller,2012.0,,inhuman resources redd inc horror thriller
102993,"Way, Way Back, The",Comedy Drama,2013.0,,way way back the comedy drama
103027,Much Ado About Nothing,Comedy Drama Romance,2012.0,,much ado about nothing comedy drama romance
103042,Man of Steel,Action Adventure Fantasy Sci-Fi IMAX,2013.0,amy adams superhero,man of steel action adventure fantasy sci fi imax amy adams superhero
103048,"Kings of Summer, The",Comedy,2013.0,,kings of summer the comedy
103075,"Purge, The",Crime Horror Thriller,2013.0,,purge the crime horror thriller
103085,Rapture-Palooza,Comedy Fantasy,2013.0,,rapture palooza comedy fantasy
103107,20 Feet from Stardom (Twenty Feet from Stardom),Documentary,2013.0,,20 feet from stardom twenty feet from stardom documentary
103137,"Bling Ring, The",Crime Drama,2013.0,,bling ring the crime drama
103141,Monsters University,Adventure Animation Comedy,2013.0,,monsters university adventure animation comedy
103171,Schlussmacher,Comedy,2013.0,,schlussmacher comedy
103210,Fullmetal Alchemist: The Sacred Star of Milos,Action Adventure Animation,2011.0,,fullmetal alchemist the sacred star of milos action adventure animation
103219,Maniac,Horror Thriller,2012.0,,maniac horror thriller
103221,Not Suitable for Children,Comedy Romance,2012.0,,not suitable for children comedy romance
103228,Pacific Rim,Action Adventure Sci-Fi IMAX,2013.0,,pacific rim action adventure sci fi imax
103233,LEGO Batman: The Movie - DC Heroes Unite,Action Adventure Animation,2013.0,,lego batman the movie dc heroes unite action adventure animation
103235,"Best Offer, The (Migliore offerta, La)",Thriller,2013.0,,best offer the migliore offerta la thriller
103245,Adam and Eve (National Lampoon's Adam & Eve),Comedy Drama Romance,2005.0,,adam and eve national lampoon s adam eve comedy drama romance
103249,World War Z,Action Drama Horror IMAX,2013.0,,world war z action drama horror imax
103253,Elysium,Action Drama Sci-Fi IMAX,2013.0,,elysium action drama sci fi imax
103335,Despicable Me 2,Animation Children Comedy IMAX,2013.0,,despicable me 2 animation children comedy imax
103339,White House Down,Action Drama Thriller IMAX,2013.0,,white house down action drama thriller imax
103341,"World's End, The",Action Comedy Sci-Fi,2013.0,,world s end the action comedy sci fi
103366,Redemption (Hummingbird),Action Crime Thriller,2013.0,,redemption hummingbird action crime thriller
103372,"Heat, The",Action Comedy Crime,2013.0,,heat the action comedy crime
103384,"Lone Ranger, The",Action Adventure Western IMAX,2013.0,,lone ranger the action adventure western imax
103449,Passion,Crime Drama Mystery Thriller,2012.0,,passion crime drama mystery thriller
103483,V/H/S/2,Horror Thriller,2013.0,,v h s 2 horror thriller
103502,"Knot, The",Comedy Romance,2012.0,,knot the comedy romance
103539,The Spectacular Now,Comedy Drama Romance,2013.0,,the spectacular now comedy drama romance
103543,"Lifeguard, The",Comedy Drama,2013.0,,lifeguard the comedy drama
103596,Sharknado,Sci-Fi,2013.0,,sharknado sci fi
103602,Craig Ferguson: I'm Here To Help,Comedy Documentary,2013.0,,craig ferguson i m here to help comedy documentary
103606,Stuck in Love,Comedy Drama Romance,2012.0,,stuck in love comedy drama romance
103609,Class Act,Comedy,1992.0,,class act comedy
103624,Fruitvale Station,Drama,2013.0,,fruitvale station drama
103655,R.I.P.D.,Action Comedy Fantasy,2013.0,,r i p d action comedy fantasy
103685,"Field in England, A",Drama Fantasy Thriller War,2013.0,,field in england a drama fantasy thriller war
103688,"Conjuring, The",Horror Thriller,2013.0,,conjuring the horror thriller
103755,Turbo,Adventure Animation Children Comedy Fantasy,2013.0,,turbo adventure animation children comedy fantasy
103772,"Wolverine, The",Action Adventure Fantasy Sci-Fi,2013.0,,wolverine the action adventure fantasy sci fi
103801,Drinking Buddies,Comedy Drama Romance,2013.0,,drinking buddies comedy drama romance
103810,Red 2,Action Comedy Crime Thriller,2013.0,,red 2 action comedy crime thriller
103819,Coffee Town,Comedy,2013.0,,coffee town comedy
103865,Revenge for Jolly!,Comedy Drama,2012.0,,revenge for jolly comedy drama
103883,2 Guns,Action Comedy Crime,2013.0,,2 guns action comedy crime
103980,Blue Jasmine,Drama,2013.0,,blue jasmine drama
103984,"Great Beauty, The (Grande Bellezza, La)",Comedy Drama,2013.0,,great beauty the grande bellezza la comedy drama
104017,3 dev adam (Three Giant Men),Action Adventure Sci-Fi,1973.0,,3 dev adam three giant men action adventure sci fi
104069,Louis C.K.: Oh My God,Comedy,2013.0,,louis c k oh my god comedy
104074,Percy Jackson: Sea of Monsters,Adventure Children Fantasy,2013.0,,percy jackson sea of monsters adventure children fantasy
104076,"Smurfs 2, The",Animation Children Comedy,2013.0,,smurfs 2 the animation children comedy
104078,Alan Partridge: Alpha Papa,Comedy,2013.0,,alan partridge alpha papa comedy
104129,Man of Tai Chi,Action IMAX,2013.0,,man of tai chi action imax
104141,Batman: Mystery of the Batwoman,Action Animation Children Crime,2003.0,,batman mystery of the batwoman action animation children crime
104211,We're the Millers,Comedy Crime,2013.0,,we re the millers comedy crime
104218,Grown Ups 2,Comedy,2013.0,adam sandler,grown ups 2 comedy adam sandler
104241,Kick-Ass 2,Action Comedy Crime,2013.0,,kick ass 2 action comedy crime
104243,Riddick,Action Sci-Fi Thriller IMAX,2013.0,,riddick action sci fi thriller imax
104245,Planes,Adventure Animation Comedy,2013.0,,planes adventure animation comedy
104272,Blackfish,Documentary,2013.0,,blackfish documentary
104283,"Wind Rises, The (Kaze tachinu)",Animation Drama Romance,2013.0,,wind rises the kaze tachinu animation drama romance
104303,Jobs,Drama,2013.0,,jobs drama
104337,Lee Daniels' The Butler,Drama,2013.0,,lee daniels the butler drama
104339,In a World...,Comedy,2013.0,,in a world comedy
104374,About Time,Drama Fantasy Romance,2013.0,,about time drama fantasy romance
104419,Justice League: Crisis on Two Earths,Action Animation Sci-Fi,2010.0,,justice league crisis on two earths action animation sci fi
104457,You're Next,Horror Thriller,2011.0,,you re next horror thriller
104644,Maria Bamford: The Special Special Special!,Comedy,2012.0,,maria bamford the special special special comedy
104760,Getaway,Action Crime,2013.0,,getaway action crime
104780,"Mystery of the Third Planet, The (Tayna tretey planety)",Adventure Animation Sci-Fi,1981.0,,mystery of the third planet the tayna tretey planety adventure animation sci fi
104837,Rage of Honor,Action Crime,1987.0,,rage of honor action crime
104841,Gravity,Action Sci-Fi IMAX,2013.0,cliche characters long shots predictable simple slow action visually appealing,gravity action sci fi imax cliche characters long shots predictable simple slow action visually appealing
104863,What If,Comedy Drama Romance,2013.0,daniel radcliffe zoe kazan,what if comedy drama romance daniel radcliffe zoe kazan
104875,"History of Future Folk, The",Adventure Comedy Musical Sci-Fi,2012.0,quirky,history of future folk the adventure comedy musical sci fi quirky
104879,Prisoners,Drama Mystery Thriller,2013.0,absorbing acting atmospheric hugh jackman jake gyllenhaal morality mystery thriller,prisoners drama mystery thriller absorbing acting atmospheric hugh jackman jake gyllenhaal morality mystery thriller
104906,Austenland,Comedy Romance,2013.0,,austenland comedy romance
104908,Insidious: Chapter 2,Horror Thriller,2013.0,,insidious chapter 2 horror thriller
104913,Rush,Action Drama,2013.0,,rush action drama
104925,"Family, The",Action Comedy Crime,2013.0,,family the action comedy crime
104944,Short Term 12,Drama,2013.0,emotional feel-good heartwarming mental illness touching,short term 12 drama emotional feel good heartwarming mental illness touching
105020,Collision Course,Action Comedy Thriller,1989.0,,collision course action comedy thriller
105037,"To Do List, The",Comedy,2013.0,,to do list the comedy
105121,Inescapable,Action Drama War,2012.0,,inescapable action drama war
105197,Nebraska,Adventure Drama,2013.0,,nebraska adventure drama
105211,Enough Said,Comedy Drama Romance,2013.0,,enough said comedy drama romance
105213,Don Jon,Comedy Drama Romance,2013.0,,don jon comedy drama romance
105246,Mood Indigo (L'écume des jours),Drama Fantasy,2013.0,,mood indigo l cume des jours drama fantasy
105250,"Century of the Self, The",Documentary,2002.0,,century of the self the documentary
105254,Crystal Fairy & the Magical Cactus and 2012,Adventure Comedy,2013.0,,crystal fairy the magical cactus and 2012 adventure comedy
105325,Bad Milo (Bad Milo!),Comedy Horror,2013.0,,bad milo bad milo comedy horror
105351,Runner Runner,Crime Drama Thriller,2013.0,,runner runner crime drama thriller
105355,Blue Is the Warmest Color (La vie d'Adèle),Drama Romance,2013.0,,blue is the warmest color la vie d ad le drama romance
105468,Cloudy with a Chance of Meatballs 2,Animation Children Comedy Fantasy,2013.0,,cloudy with a chance of meatballs 2 animation children comedy fantasy
105504,Captain Phillips,Adventure Drama Thriller IMAX,2013.0,hostage ocean suspense suspense tense,captain phillips adventure drama thriller imax hostage ocean suspense suspense tense
105540,"All Dogs Christmas Carol, An",Animation Children Comedy Musical,1998.0,,all dogs christmas carol an animation children comedy musical
105585,Machete Kills (Machete 2),Action Crime Thriller,2013.0,,machete kills machete 2 action crime thriller
105593,Filth,Comedy Crime Drama,2013.0,,filth comedy crime drama
105653,Escape Plan,Action Mystery Thriller,2013.0,,escape plan action mystery thriller
105720,"Thief of Paris, The (Le voleur)",Comedy Crime Drama,1967.0,,thief of paris the le voleur comedy crime drama
105731,Carrie,Drama Horror,2013.0,,carrie drama horror
105746,UnHung Hero,Documentary,2013.0,,unhung hero documentary
105755,"Counselor, The",Crime Drama Thriller,2013.0,,counselor the crime drama thriller
105801,Escape From Tomorrow,Drama Fantasy Horror,2013.0,,escape from tomorrow drama fantasy horror
105835,"Double, The",Comedy Drama Thriller,2013.0,,double the comedy drama thriller
105844,12 Years a Slave,Drama,2013.0,,12 years a slave drama
105954,All Is Lost,Action Adventure Drama,2013.0,,all is lost action adventure drama
106002,Ender's Game,Action Adventure Sci-Fi IMAX,2013.0,,ender s game action adventure sci fi imax
106062,Jackass Presents: Bad Grandpa,Comedy,2013.0,,jackass presents bad grandpa comedy
106072,Thor: The Dark World,Action Adventure Fantasy IMAX,2013.0,,thor the dark world action adventure fantasy imax
106100,Dallas Buyers Club,Drama,2013.0,jared leto social commentary uplifting,dallas buyers club drama jared leto social commentary uplifting
106144,"Selfish Giant, The",Drama,2013.0,,selfish giant the drama
106330,Last Vegas,Comedy Drama Romance,2013.0,,last vegas comedy drama romance
106438,Philomena,Comedy Drama,2013.0,,philomena comedy drama
106441,"Book Thief, The",Children Drama War,2013.0,,book thief the children drama war
106487,The Hunger Games: Catching Fire,Action Adventure Sci-Fi IMAX,2013.0,,the hunger games catching fire action adventure sci fi imax
106489,"Hobbit: The Desolation of Smaug, The",Adventure Fantasy IMAX,2013.0,adventure fantasy tolkien too long,hobbit the desolation of smaug the adventure fantasy imax adventure fantasy tolkien too long
106491,47 Ronin,Action Adventure Fantasy,2013.0,,47 ronin action adventure fantasy
106540,Delivery Man,Comedy,2013.0,,delivery man comedy
106542,Charlie Countryman,Action Comedy Romance,2013.0,,charlie countryman action comedy romance
106594,Red Flag,Comedy Drama Romance,2012.0,,red flag comedy drama romance
106642,"Day of the Doctor, The",Adventure Drama Sci-Fi,2013.0,,day of the doctor the adventure drama sci fi
106648,Guilty of Romance (Koi no tsumi),Crime Drama Horror,2011.0,,guilty of romance koi no tsumi crime drama horror
106696,Frozen,Adventure Animation Comedy Fantasy Musical Romance,2013.0,,frozen adventure animation comedy fantasy musical romance
106766,Inside Llewyn Davis,Drama,2013.0,atmospheric cinematography depressing funny,inside llewyn davis drama atmospheric cinematography depressing funny
106782,"Wolf of Wall Street, The",Comedy Crime Drama,2013.0,drugs leonardo dicaprio martin scorsese stock market wall street,wolf of wall street the comedy crime drama drugs leonardo dicaprio martin scorsese stock market wall street
106785,Homefront,Action Crime Thriller,2013.0,,homefront action crime thriller
106839,Mandela: Long Walk to Freedom,Drama,2013.0,,mandela long walk to freedom drama
106873,Evangelion: 3.0 You Can (Not) Redo,Action Animation Drama,2012.0,,evangelion 3 0 you can not redo action animation drama
106883,All is Bright,Comedy Drama,2013.0,,all is bright comedy drama
106889,Tim's Vermeer,Documentary,2013.0,,tim s vermeer documentary
106916,American Hustle,Crime Drama,2013.0,,american hustle crime drama
106918,"Secret Life of Walter Mitty, The",Adventure Comedy Drama,2013.0,,secret life of walter mitty the adventure comedy drama
106920,Her,Drama Romance Sci-Fi,2013.0,,her drama romance sci fi
106927,RoboGeisha (Robo-geisha),Action Comedy Sci-Fi,2009.0,,robogeisha robo geisha action comedy sci fi
107013,"Christmas Carol, A",Drama Fantasy,1977.0,,christmas carol a drama fantasy
107069,Lone Survivor,Action Drama Thriller War,2013.0,,lone survivor action drama thriller war
107141,Saving Mr. Banks,Comedy Drama,2013.0,,saving mr banks comedy drama
107159,Zatoichi and the Chest of Gold (Zatôichi senryô-kubi) (Zatôichi 6),Action Drama,1964.0,,zatoichi and the chest of gold zat ichi senry kubi zat ichi 6 action drama
107314,Oldboy,Action Drama Mystery,2013.0,,oldboy action drama mystery
107338,Dampfnudelblues,Comedy Crime,2013.0,,dampfnudelblues comedy crime
107348,Anchorman 2: The Legend Continues,Comedy,2013.0,comedy steve carell stupid but funny will ferrell,anchorman 2 the legend continues comedy comedy steve carell stupid but funny will ferrell
107406,Snowpiercer,Action Drama Sci-Fi,2013.0,fatalistic,snowpiercer action drama sci fi fatalistic
107408,Only Old Men Are Going to Battle (V boy idut odni stariki),Comedy Drama War,1973.0,,only old men are going to battle v boy idut odni stariki comedy drama war
107410,Guest from the Future (Gostya iz buduschego),Adventure Drama Sci-Fi,1985.0,,guest from the future gostya iz buduschego adventure drama sci fi
107412,"Kidnapping, Caucasian Style (Kavkazskaya plennitsa)",Comedy Romance,1967.0,,kidnapping caucasian style kavkazskaya plennitsa comedy romance
107436,Haunter,Horror Mystery Thriller,2013.0,,haunter horror mystery thriller
107447,Wrong Cops,Comedy Crime,2013.0,,wrong cops comedy crime
107449,"Muppet Christmas: Letters to Santa, A",Children Comedy,2008.0,,muppet christmas letters to santa a children comedy
107462,Ninja: Shadow of a Tear,Action Crime Thriller,2013.0,,ninja shadow of a tear action crime thriller
107565,"Fuck You, Goethe (Fack Ju Göhte)",Comedy,2013.0,,fuck you goethe fack ju g hte comedy
107630,High School,Comedy,2010.0,,high school comedy
107702,Grudge Match,Comedy,2013.0,,grudge match comedy
107723,Highlander: The Search for Vengeance,Action Adventure Fantasy,2007.0,,highlander the search for vengeance action adventure fantasy
107771,Only Lovers Left Alive,Drama Horror Romance,2013.0,,only lovers left alive drama horror romance
107780,Cats,Musical,1998.0,,cats musical
107846,MacGyver: Trail to Doomsday,Action Adventure,1994.0,,macgyver trail to doomsday action adventure
107945,Bad Karma,Thriller,2012.0,,bad karma thriller
107951,Hunting Elephants,Comedy Crime,2013.0,,hunting elephants comedy crime
107953,Dragon Ball Z: Battle of Gods,Action Animation Fantasy IMAX,2013.0,,dragon ball z battle of gods action animation fantasy imax
107962,Freezer,Action Thriller,2014.0,,freezer action thriller
107997,We Are What We Are,Drama Horror Mystery Thriller,2013.0,,we are what we are drama horror mystery thriller
107999,Dragon ball Z 04: Lord Slug,Animation Children,1991.0,,dragon ball z 04 lord slug animation children
108078,Chinese Puzzle (Casse-tête chinois),Comedy Romance,2013.0,,chinese puzzle casse t te chinois comedy romance
108090,Dragon Ball: The Path to Power (Doragon bôru: Saikyô e no michi),Action Adventure Animation Children,1996.0,,dragon ball the path to power doragon b ru saiky e no michi action adventure animation children
108156,Ride Along,Action Comedy,2014.0,,ride along action comedy
108188,Jack Ryan: Shadow Recruit,Action Drama Thriller IMAX,2014.0,,jack ryan shadow recruit action drama thriller imax
108190,Divergent,Adventure Romance Sci-Fi IMAX,2014.0,anti-intellectual bad writing dystopia new society plot holes predictable scifi unintelligent,divergent adventure romance sci fi imax anti intellectual bad writing dystopia new society plot holes predictable scifi unintelligent
108192,Hotel Chevalier (Part 1 of 'The Darjeeling Limited'),Drama,2007.0,,hotel chevalier part 1 of the darjeeling limited drama
108540,Ernest & Célestine (Ernest et Célestine),Adventure Animation Children Comedy Drama Romance,2012.0,,ernest c lestine ernest et c lestine adventure animation children comedy drama romance
108601,Drift,Drama,2013.0,,drift drama
108689,"I, Frankenstein",Action Fantasy Sci-Fi IMAX,2014.0,,i frankenstein action fantasy sci fi imax
108715,Better Living Through Chemistry,Comedy Drama,2014.0,,better living through chemistry comedy drama
108727,Nymphomaniac: Volume I,Drama,2013.0,,nymphomaniac volume i drama
108729,Enemy,Mystery Thriller,2013.0,,enemy mystery thriller
108795,Wonder Woman,Action Adventure Animation Fantasy,2009.0,,wonder woman action adventure animation fantasy
108928,"Monuments Men, The",Action Drama War,2014.0,,monuments men the action drama war
108932,The Lego Movie,Action Adventure Animation Children Comedy Fantasy,2014.0,cheeky clever colorful feel-good fun imaginative quirky,the lego movie action adventure animation children comedy fantasy cheeky clever colorful feel good fun imaginative quirky
108945,RoboCop,Action Crime Sci-Fi IMAX,2014.0,,robocop action crime sci fi imax
108949,"Art of the Steal, The",Crime,2013.0,,art of the steal the crime
108981,Nymphomaniac: Volume II,Drama Mystery,2013.0,,nymphomaniac volume ii drama mystery
109042,Knights of Badassdom,Adventure Comedy Fantasy,2013.0,,knights of badassdom adventure comedy fantasy
109161,Venus in Fur (La Vénus à la fourrure),Drama,2013.0,,venus in fur la v nus la fourrure drama
109183,Date and Switch,Comedy,2014.0,,date and switch comedy
109187,"Zero Theorem, The",Drama Fantasy Sci-Fi,2013.0,,zero theorem the drama fantasy sci fi
109191,Winter's Tale,Drama Fantasy Mystery,2014.0,,winter s tale drama fantasy mystery
109241,On the Other Side of the Tracks (De l'autre côté du périph),Action Comedy Crime,2012.0,,on the other side of the tracks de l autre c t du p riph action comedy crime
109282,GLOW: The Story of the Gorgeous Ladies of Wrestling,Documentary,2012.0,,glow the story of the gorgeous ladies of wrestling documentary
109295,Cold Comes the Night,Crime Drama Thriller,2013.0,,cold comes the night crime drama thriller
109313,Chouchou,Comedy,2003.0,,chouchou comedy
109317,Someone Marry Barry,Comedy,2014.0,,someone marry barry comedy
109372,About Last Night,Comedy Romance,2014.0,,about last night comedy romance
109374,"Grand Budapest Hotel, The",Comedy Drama,2014.0,,grand budapest hotel the comedy drama
109383,"Oversimplification of Her Beauty, An",Animation Comedy Drama Romance,2012.0,,oversimplification of her beauty an animation comedy drama romance
109416,Bring It On: Fight to the Finish,Comedy,2009.0,,bring it on fight to the finish comedy
109483,That Awkward Moment,Comedy Romance,2014.0,,that awkward moment comedy romance
109487,Interstellar,Sci-Fi IMAX,2014.0,black hole sci-fi time-travel christopher nolan sci-fi time-travel bad dialogue philosophical issues thought-provoking visually appealing,interstellar sci fi imax black hole sci fi time travel christopher nolan sci fi time travel bad dialogue philosophical issues thought provoking visually appealing
109569,3 Days to Kill,Action Crime Drama,2014.0,,3 days to kill action crime drama
109576,Welcome to the Jungle,Comedy,2013.0,,welcome to the jungle comedy
109578,Non-Stop,Action Mystery Thriller,2014.0,,non stop action mystery thriller
109596,Wrinkles (Arrugas),Animation Drama,2011.0,,wrinkles arrugas animation drama
109633,"Garden of Words, The (Koto no ha no niwa)",Animation Romance,2013.0,,garden of words the koto no ha no niwa animation romance
109673,300: Rise of an Empire,Action Drama War IMAX,2014.0,,300 rise of an empire action drama war imax
109687,Particle Fever,Documentary,2013.0,,particle fever documentary
109723,"Bag Man, The",Crime Drama Thriller,2014.0,,bag man the crime drama thriller
109846,Mr. Peabody & Sherman,Adventure Animation Comedy,2014.0,,mr peabody sherman adventure animation comedy
109848,Under the Skin,Horror Sci-Fi Thriller,2013.0,,under the skin horror sci fi thriller
109850,Need for Speed,Action Crime Drama IMAX,2014.0,,need for speed action crime drama imax
109853,Barefoot,Comedy Drama Romance,2014.0,,barefoot comedy drama romance
109864,Veronica Mars,Comedy Crime Drama,2014.0,,veronica mars comedy crime drama
109895,Bad Words,Comedy,2013.0,,bad words comedy
109897,Son of God,Drama,2014.0,,son of god drama
109941,Puss in Boots: The Three Diablos,Animation Comedy,2012.0,,puss in boots the three diablos animation comedy
109968,Why Don't You Play In Hell? (Jigoku de naze warui),Action Drama,2013.0,,why don t you play in hell jigoku de naze warui action drama
109971,Ocho apellidos vascos,Comedy,2014.0,,ocho apellidos vascos comedy
110102,Captain America: The Winter Soldier,Action Adventure Sci-Fi IMAX,2014.0,,captain america the winter soldier action adventure sci fi imax
110127,Noah,Adventure Drama IMAX,2014.0,,noah adventure drama imax
110130,"Nut Job, The",Adventure Animation Children Comedy,2014.0,,nut job the adventure animation children comedy
110281,King of Comedy (Hei kek ji wong),Comedy Drama Romance,1999.0,,king of comedy hei kek ji wong comedy drama romance
110286,13 Sins,Horror Thriller,2014.0,,13 sins horror thriller
110297,Muppets Most Wanted,Adventure Comedy Crime,2014.0,,muppets most wanted adventure comedy crime
110330,Me and you (io e te),Drama,2012.0,,me and you io e te drama
110350,Free to Play,Documentary,2014.0,,free to play documentary
110387,"Unknown Known, The",Documentary,2013.0,,unknown known the documentary
110501,The Raid 2: Berandal,Action Crime Thriller,2014.0,,the raid 2 berandal action crime thriller
110541,"Brain Smasher... A Love Story (Bouncer and the Lady, The)",Action Comedy,1993.0,,brain smasher a love story bouncer and the lady the action comedy
110553,The Amazing Spider-Man 2,Action Sci-Fi IMAX,2014.0,,the amazing spider man 2 action sci fi imax
110586,Calvary,Comedy Drama,2014.0,,calvary comedy drama
110591,Oculus,Horror,2013.0,,oculus horror
110603,God's Not Dead,Drama,2014.0,,god s not dead drama
110611,Cold in July,Drama Thriller,2014.0,,cold in july drama thriller
110655,Rio 2,Adventure Animation Children Comedy,2014.0,,rio 2 adventure animation children comedy
110669,"Honest Liar, An",Comedy Documentary,2014.0,,honest liar an comedy documentary
110718,Fading Gigolo,Comedy,2013.0,,fading gigolo comedy
110730,Transcendence,Drama Sci-Fi IMAX,2014.0,,transcendence drama sci fi imax
110746,Hatchet III,Comedy Horror,2013.0,,hatchet iii comedy horror
110771,"Other Woman, The",Comedy Romance,2014.0,,other woman the comedy romance
110773,"Haunted House 2, A",Comedy Horror,2014.0,,haunted house 2 a comedy horror
110781,Mulan II,Action Animation Children Comedy Musical,2004.0,,mulan ii action animation children comedy musical
110826,Brick Mansions,Action Crime Drama,2014.0,,brick mansions action crime drama
110882,Locke,Drama,2013.0,,locke drama
111113,Neighbors,Comedy,2014.0,,neighbors comedy
111146,Alpha and Omega 3: The Great Wolf Games,Action Adventure Animation Children Comedy,2014.0,,alpha and omega 3 the great wolf games action adventure animation children comedy
111320,Mom's Night Out,Comedy,2014.0,,mom s night out comedy
111360,Lucy,Action Sci-Fi,2014.0,,lucy action sci fi
111362,X-Men: Days of Future Past,Action Adventure Sci-Fi,2014.0,,x men days of future past action adventure sci fi
111364,Godzilla,Action Adventure Sci-Fi IMAX,2014.0,creature feature,godzilla action adventure sci fi imax creature feature
111375,Walk of Shame,Comedy,2014.0,,walk of shame comedy
111384,Blue Ruin,Thriller,2013.0,,blue ruin thriller
111443,Chef,Comedy,2014.0,,chef comedy
111551,Afflicted,Horror Sci-Fi Thriller,2013.0,,afflicted horror sci fi thriller
111617,Blended,Comedy,2014.0,,blended comedy
111622,Begin Again,Comedy Romance,2013.0,,begin again comedy romance
111659,Maleficent,Action Adventure Children IMAX,2014.0,,maleficent action adventure children imax
111663,Zombeavers,Action Comedy Horror,2014.0,,zombeavers action comedy horror
111680,At Middleton,Comedy Romance,2013.0,,at middleton comedy romance
111732,"Dance of Reality, The (Danza de la realidad, La)",Drama Fantasy,2013.0,,dance of reality the danza de la realidad la drama fantasy
111743,A Million Ways to Die in the West,Comedy Western,2014.0,charlize theron liam neeson seth macfarlane witty,a million ways to die in the west comedy western charlize theron liam neeson seth macfarlane witty
111759,Edge of Tomorrow,Action Sci-Fi IMAX,2014.0,,edge of tomorrow action sci fi imax
111781,Mission: Impossible - Rogue Nation,Action Adventure Thriller,2015.0,,mission impossible rogue nation action adventure thriller
111785,Midnight Chronicles,Action Adventure Fantasy,2009.0,,midnight chronicles action adventure fantasy
111795,Million Dollar Arm,Comedy Drama,2014.0,,million dollar arm comedy drama
111800,G.B.F.,Comedy,2013.0,,g b f comedy
111817,Jimi: All Is by My Side,Drama,2013.0,,jimi all is by my side drama
111844,Bad Asses (Bad Ass 2),Action Drama,2014.0,,bad asses bad ass 2 action drama
111913,Lilting,Drama,2014.0,,lilting drama
111921,The Fault in Our Stars,Drama Romance,2014.0,,the fault in our stars drama romance
112006,Tangled Ever After,Action Animation Children,2012.0,,tangled ever after action animation children
112070,Maps to the Stars,Drama,2014.0,,maps to the stars drama
112138,22 Jump Street,Action Comedy Crime,2014.0,,22 jump street action comedy crime
112171,"Equalizer, The",Action Crime Thriller,2014.0,,equalizer the action crime thriller
112175,How to Train Your Dragon 2,Action Adventure Animation,2014.0,,how to train your dragon 2 action adventure animation
112183,Birdman: Or (The Unexpected Virtue of Ignorance),Comedy Drama,2014.0,,birdman or the unexpected virtue of ignorance comedy drama
112290,Boyhood,Drama,2014.0,,boyhood drama
112303,Think Like a Man Too,Comedy Romance,2014.0,,think like a man too comedy romance
112316,Jersey Boys,Drama Musical,2014.0,,jersey boys drama musical
112326,Nick Fury: Agent of S.H.I.E.L.D.,Action Sci-Fi,1998.0,,nick fury agent of s h i e l d action sci fi
112334,"Internet's Own Boy: The Story of Aaron Swartz, The",Documentary,2014.0,,internet s own boy the story of aaron swartz the documentary
112370,Transformers: Age of Extinction,Action Adventure Sci-Fi,2014.0,,transformers age of extinction action adventure sci fi
112421,Frank,Comedy Drama Mystery,2014.0,adorable black comedy eccentric introspection mental illness quirky,frank comedy drama mystery adorable black comedy eccentric introspection mental illness quirky
112450,They Came Together,Comedy Romance,2014.0,,they came together comedy romance
112454,Honey (Miele),Drama,2013.0,,honey miele drama
112460,Planes: Fire & Rescue,Adventure Animation Comedy,2014.0,,planes fire rescue adventure animation comedy
112497,Tammy,Comedy,2014.0,,tammy comedy
112512,Colourful (Karafuru),Animation Drama Fantasy Mystery,2010.0,,colourful karafuru animation drama fantasy mystery
112515,"Babadook, The",Drama Horror Thriller,2014.0,atmospheric dark metaphorical psychological,babadook the drama horror thriller atmospheric dark metaphorical psychological
112552,Whiplash,Drama,2014.0,passion psychological suspense jazz music tense inspirational inspiring intense,whiplash drama passion psychological suspense jazz music tense inspirational inspiring intense
112556,Gone Girl,Drama Thriller,2014.0,annoying stupid ending,gone girl drama thriller annoying stupid ending
112580,"Angriest Man in Brooklyn, The",Comedy Drama,2014.0,,angriest man in brooklyn the comedy drama
112623,Dawn of the Planet of the Apes,Sci-Fi,2014.0,,dawn of the planet of the apes sci fi
112727,Deliver Us from Evil,Crime Horror Thriller,2014.0,,deliver us from evil crime horror thriller
112749,And So It Goes,Comedy Drama Romance,2014.0,,and so it goes comedy drama romance
112788,Sex Tape,Comedy,2014.0,,sex tape comedy
112804,I Origins,Drama Sci-Fi,2014.0,,i origins drama sci fi
112818,"Purge: Anarchy, The",Action Horror Thriller,2014.0,,purge anarchy the action horror thriller
112852,Guardians of the Galaxy,Action Adventure Sci-Fi,2014.0,funny great visuals humorous unlikely hero,guardians of the galaxy action adventure sci fi funny great visuals humorous unlikely hero
112868,"Signal, The",Sci-Fi Thriller,2014.0,,signal the sci fi thriller
112897,The Expendables 3,Action Adventure,2014.0,,the expendables 3 action adventure
112911,Hercules,Action Adventure,2014.0,,hercules action adventure
112940,A Most Wanted Man,Thriller,2014.0,,a most wanted man thriller
113159,Life After Beth,Comedy Horror Romance,2014.0,,life after beth comedy horror romance
113186,Felony,Thriller,2013.0,,felony thriller
113207,Get on Up,Drama Musical,2014.0,,get on up drama musical
113225,Magic in the Moonlight,Comedy Drama Romance,2014.0,,magic in the moonlight comedy drama romance
113252,Housebound,Comedy Horror Thriller,2014.0,,housebound comedy horror thriller
113275,The Hundred-Foot Journey,Comedy Drama,2014.0,,the hundred foot journey comedy drama
113278,Batman: Assault on Arkham,Action Animation Crime Thriller,2014.0,,batman assault on arkham action animation crime thriller
113280,White Frog,Drama,2012.0,,white frog drama
113313,"Den, The",Horror Thriller,2013.0,,den the horror thriller
113345,Jupiter Ascending,Action Adventure Sci-Fi,2015.0,,jupiter ascending action adventure sci fi
113348,Teenage Mutant Ninja Turtles,Action Adventure Comedy,2014.0,,teenage mutant ninja turtles action adventure comedy
113350,I'll Follow You Down,Drama Mystery Sci-Fi,2013.0,,i ll follow you down drama mystery sci fi
113374,"Old Lady and the Pigeons, The (La vieille dame et les pigeons)",Animation Comedy,1997.0,,old lady and the pigeons the la vieille dame et les pigeons animation comedy
113378,"Giver, The",Drama Sci-Fi,2014.0,,giver the drama sci fi
113394,"Pretty One, The",Comedy Drama,2013.0,,pretty one the comedy drama
113416,Revenge of the Green Dragons,Action Crime Drama,2014.0,,revenge of the green dragons action crime drama
113453,Let's Be Cops,Comedy Crime,2014.0,,let s be cops comedy crime
113532,"Inbetweeners 2, The",Comedy,2014.0,,inbetweeners 2 the comedy
113565,"Sacrament, The",Horror Thriller,2013.0,,sacrament the horror thriller
113573,Sin City: A Dame to Kill For,Action Crime Thriller,2014.0,,sin city a dame to kill for action crime thriller
113604,If I Stay,Drama,2014.0,,if i stay drama
113705,"Two Days, One Night (Deux jours, une nuit)",Drama,2014.0,bittersweet,two days one night deux jours une nuit drama bittersweet
113741,Coherence,Drama Mystery Sci-Fi Thriller,2013.0,,coherence drama mystery sci fi thriller
113780,"As Above, So Below",Horror Thriller,2014.0,,as above so below horror thriller
113829,"One I Love, The",Comedy Drama Romance,2014.0,,one i love the comedy drama romance
113849,Headshot,Crime Drama Thriller,2011.0,,headshot crime drama thriller
113862,"Guest, The",Thriller,2014.0,,guest the thriller
114028,Pride,Comedy Drama,2014.0,,pride comedy drama
114044,Honeymoon,Horror,2014.0,,honeymoon horror
114060,The Drop,Crime Drama Thriller,2014.0,,the drop crime drama thriller
114066,"20,000 Days on Earth",Documentary Drama Musical,2014.0,,20 000 days on earth documentary drama musical
114074,The Skeleton Twins,Drama,2014.0,,the skeleton twins drama
114126,Beautiful Losers,Documentary,2008.0,,beautiful losers documentary
114180,"Maze Runner, The",Action Mystery Sci-Fi,2014.0,action dystopia plot holes post-apocalyptic survival thriller unexplained weak plot,maze runner the action mystery sci fi action dystopia plot holes post apocalyptic survival thriller unexplained weak plot
114184,Camp X-Ray,Drama,2014.0,,camp x ray drama
114246,"Walk Among the Tombstones, A",Action Crime Mystery Thriller,2014.0,,walk among the tombstones a action crime mystery thriller
114265,Laggies,Comedy Romance,2014.0,,laggies comedy romance
114335,La cravate,,1957.0,,la cravate
114396,Cesar Chavez,Drama,2014.0,,cesar chavez drama
114494,Who Am I (Kein System Ist Sicher),Thriller,2014.0,,who am i kein system ist sicher thriller
114554,"Tale of Princess Kaguya, The (Kaguyahime no monogatari)",Animation Drama Fantasy,2013.0,,tale of princess kaguya the kaguyahime no monogatari animation drama fantasy
114601,This Is Where I Leave You,Comedy Drama,2014.0,,this is where i leave you comedy drama
114627,Angel's Egg (Tenshi no tamago),Animation Drama Fantasy,1985.0,atmospheric bizzare eerie symbolism,angel s egg tenshi no tamago animation drama fantasy atmospheric bizzare eerie symbolism
114662,American Sniper,Action War,2014.0,,american sniper action war
114670,Tusk,Comedy Drama Horror,2014.0,,tusk comedy drama horror
114678,Hector and the Search for Happiness,Adventure Comedy Drama,2014.0,,hector and the search for happiness adventure comedy drama
114707,Horns,Horror Mystery,2014.0,,horns horror mystery
114713,Annabelle,Horror,2014.0,,annabelle horror
114762,Two Night Stand,Comedy Romance,2014.0,,two night stand comedy romance
114795,Dracula Untold,Action Drama Fantasy,2014.0,,dracula untold action drama fantasy
114818,Stretch,Action Comedy Crime,2014.0,,stretch action comedy crime
114847,Autómata (Automata),Sci-Fi Thriller,2014.0,,aut mata automata sci fi thriller
114925,"Captive, The",Crime Drama Thriller,2014.0,,captive the crime drama thriller
114935,Predestination,Action Mystery Sci-Fi Thriller,2014.0,,predestination action mystery sci fi thriller
115065,Justin and the Knights of Valour,Adventure Animation,2013.0,,justin and the knights of valour adventure animation
115111,Ward 13,Action Animation Comedy Horror,2003.0,,ward 13 action animation comedy horror
115122,What We Do in the Shadows,Comedy Horror,2014.0,,what we do in the shadows comedy horror
115149,John Wick,Action Thriller,2014.0,dark hero gun-fu keanu reeves revenge secret society stylish action killer widows/widowers,john wick action thriller dark hero gun fu keanu reeves revenge secret society stylish action killer widows widowers
115151,Plastic,Action Crime,2014.0,,plastic action crime
115170,"Judge, The",Drama,2014.0,,judge the drama
115203,"Culture High, The",Documentary,2014.0,,culture high the documentary
115210,Fury,Action Drama War,2014.0,,fury action drama war
115216,"Salvation, The",Drama Western,2014.0,,salvation the drama western
115231,St. Vincent,Comedy,2014.0,,st vincent comedy
115502,"Rewrite, The",Comedy Romance,2014.0,,rewrite the comedy romance
115569,Nightcrawler,Crime Drama Thriller,2014.0,,nightcrawler crime drama thriller
115617,Big Hero 6,Action Animation Comedy,2014.0,animation kids robots feel-good fun family movie very funny,big hero 6 action animation comedy animation kids robots feel good fun family movie very funny
115664,The Book of Life,Adventure Animation Romance,2014.0,,the book of life adventure animation romance
115667,"Love, Rosie",Comedy Romance,2014.0,,love rosie comedy romance
115680,Time Lapse,Crime Drama Sci-Fi Thriller,2014.0,,time lapse crime drama sci fi thriller
115713,Ex Machina,Drama Sci-Fi Thriller,2015.0,,ex machina drama sci fi thriller
115727,Crippled Avengers (Can que) (Return of the 5 Deadly Venoms),Action Adventure,1981.0,,crippled avengers can que return of the 5 deadly venoms action adventure
115819,Mr Hublot,Animation Comedy,2013.0,,mr hublot animation comedy
115828,Copenhagen,Adventure Drama Romance,2014.0,,copenhagen adventure drama romance
115877,"Simpsons: The Longest Daycare, The",Animation Comedy,2012.0,,simpsons the longest daycare the animation comedy
115969,Generation War,Drama War,2013.0,,generation war drama war
116044,Christmas in Connecticut,Comedy Romance,1992.0,,christmas in connecticut comedy romance
116138,Leviathan,Drama,2014.0,,leviathan drama
116169,Reign of Assassins,Action,2010.0,,reign of assassins action
116207,Zulu,Crime Drama Thriller,2013.0,,zulu crime drama thriller
116411,Tangerines,Drama,2013.0,,tangerines drama
116413,Life Partners,Comedy Romance,2014.0,,life partners comedy romance
116419,Drive Hard,Action Comedy Crime,2014.0,,drive hard action comedy crime
116505,New Kids Nitro,Action Comedy,2011.0,,new kids nitro action comedy
116529,Stalingrad,Action Drama War IMAX,2013.0,,stalingrad action drama war imax
116668,Dead Snow 2: Red vs. Dead,Action Comedy Horror,2014.0,,dead snow 2 red vs dead action comedy horror
116718,Volga - Volga,Comedy Musical,1938.0,,volga volga comedy musical
116724,You Are the Apple of My Eye,Comedy Drama Romance,2011.0,,you are the apple of my eye comedy drama romance
116738,DeadHeads,Adventure Comedy Horror,2011.0,,deadheads adventure comedy horror
116797,The Imitation Game,Drama Thriller War,2014.0,inspirational intelligent,the imitation game drama thriller war inspirational intelligent
116799,Inherent Vice,Comedy Crime Drama Mystery Romance,2014.0,,inherent vice comedy crime drama mystery romance
116817,Rudderless,Comedy Drama,2014.0,,rudderless comedy drama
116823,The Hunger Games: Mockingjay - Part 1,Adventure Sci-Fi Thriller,2014.0,,the hunger games mockingjay part 1 adventure sci fi thriller
116849,Sex Ed,Comedy Romance,2014.0,,sex ed comedy romance
116887,Exodus: Gods and Kings,Action Adventure Drama,2014.0,,exodus gods and kings action adventure drama
116897,Wild Tales,Comedy Drama Thriller,2014.0,black comedy dark comedy dark humor ironic multiple short stories short stories,wild tales comedy drama thriller black comedy dark comedy dark humor ironic multiple short stories short stories
116941,Jetsons: The Movie,Animation Children Comedy Musical Sci-Fi,1990.0,,jetsons the movie animation children comedy musical sci fi
116963,Ski School,Comedy,1991.0,,ski school comedy
116977,Dumb and Dumber To,Comedy,2014.0,,dumb and dumber to comedy
116985,The Longest Week,Comedy Drama,2014.0,,the longest week comedy drama
117107,Miss Meadows,Drama,2014.0,,miss meadows drama
117109,Too Many Cooks,Comedy,2014.0,,too many cooks comedy
117133,Painted Skin,Action Drama Thriller,2008.0,,painted skin action drama thriller
117176,The Theory of Everything,Drama Romance,2014.0,,the theory of everything drama romance
117192,Doctor Who: The Time of the Doctor,Adventure Drama,2013.0,,doctor who the time of the doctor adventure drama
117364,Virunga,Documentary War,2014.0,,virunga documentary war
117368,The Madagascar Penguins in a Christmas Caper,Animation Comedy,2005.0,,the madagascar penguins in a christmas caper animation comedy
117444,Song of the Sea,Animation Children Fantasy,2014.0,,song of the sea animation children fantasy
117466,In the Heart of the Sea,Action Adventure Drama,2015.0,,in the heart of the sea action adventure drama
117511,Hello Ladies: The Movie,Comedy,2014.0,,hello ladies the movie comedy
117529,Jurassic World,Action Adventure Drama Sci-Fi Thriller,2015.0,,jurassic world action adventure drama sci fi thriller
117531,Watermark,Documentary,2014.0,,watermark documentary
117533,Citizenfour,Documentary,2014.0,,citizenfour documentary
117545,Asterix: The Land of the Gods (Astérix: Le domaine des dieux),Animation,2014.0,,asterix the land of the gods ast rix le domaine des dieux animation
117572,Hit by Lightning,Comedy Crime Romance,2014.0,,hit by lightning comedy crime romance
117590,Horrible Bosses 2,Comedy Crime,2014.0,,horrible bosses 2 comedy crime
117630,Double Trouble,Action Comedy Crime Romance,1992.0,,double trouble action comedy crime romance
117646,Dragonheart 2: A New Beginning,Action Adventure Comedy Drama Fantasy Thriller,2000.0,,dragonheart 2 a new beginning action adventure comedy drama fantasy thriller
117849,La Belle Verte,Comedy,1996.0,,la belle verte comedy
117851,Penguins of Madagascar,Adventure Animation Children Comedy,2014.0,,penguins of madagascar adventure animation children comedy
117867,'71,Action Drama Thriller War,2014.0,,71 action drama thriller war
117877,The Rabbi's Cat (Le chat du rabbin),Adventure Animation,2011.0,philosophical trippy,the rabbi s cat le chat du rabbin adventure animation philosophical trippy
117881,Still Alice,Drama,2014.0,,still alice drama
117887,Paddington,Children Comedy,2014.0,heartwarming,paddington children comedy heartwarming
117895,Maze Runner: Scorch Trials,Action Thriller,2015.0,,maze runner scorch trials action thriller
117922,Ice Age: A Mammoth Christmas,Adventure Animation Children,2011.0,,ice age a mammoth christmas adventure animation children
118082,The Voices,Comedy Crime Thriller,2014.0,,the voices comedy crime thriller
118166,Courier,Comedy Drama Romance,1987.0,,courier comedy drama romance
118198,The Green Prince,Documentary Drama Thriller,2014.0,,the green prince documentary drama thriller
118248,Dying of the Light,Drama Thriller,2014.0,,dying of the light drama thriller
118270,Hellbenders,Comedy Horror Thriller,2012.0,,hellbenders comedy horror thriller
118290,Omega Doom,Sci-Fi,1996.0,,omega doom sci fi
118326,By the Gun,Crime Drama Thriller,2014.0,,by the gun crime drama thriller
118354,Kill the Messenger,Crime Drama Mystery Thriller,2014.0,,kill the messenger crime drama mystery thriller
118512,Bring It On: In It To Win It,Comedy,2007.0,,bring it on in it to win it comedy
118530,Fans,Comedy,1999.0,,fans comedy
118572,The Mule,Comedy Crime Drama,2014.0,,the mule comedy crime drama
118696,The Hobbit: The Battle of the Five Armies,Adventure Fantasy,2014.0,hope,the hobbit the battle of the five armies adventure fantasy hope
118700,Selma,Drama,2014.0,,selma drama
118702,Unbroken,Drama War,2014.0,,unbroken drama war
118706,Black Sea,Adventure Mystery Thriller,2015.0,,black sea adventure mystery thriller
118784,Good Copy Bad Copy,Documentary,2007.0,documentary music industry remix culture,good copy bad copy documentary documentary music industry remix culture
118814,Playing It Cool,Comedy Romance,2014.0,,playing it cool comedy romance
118834,National Lampoon's Bag Boy,Comedy,2007.0,,national lampoon s bag boy comedy
118862,Closer to the Moon,Comedy Drama,2013.0,,closer to the moon comedy drama
118880,"Girl Walks Home Alone at Night, A",Horror Romance Thriller,2014.0,,girl walks home alone at night a horror romance thriller
118888,Dave Chappelle: For What it's Worth,Comedy,2004.0,,dave chappelle for what it s worth comedy
118894,Scooby-Doo! Abracadabra-Doo,Animation Children Mystery,2010.0,,scooby doo abracadabra doo animation children mystery
118896,Mommy,Drama,2014.0,,mommy drama
118900,Wild,Drama,2014.0,,wild drama
118924,Top Five,Comedy,2014.0,,top five comedy
118930,Bill Burr: I'm Sorry You Feel That Way,Comedy,2014.0,,bill burr i m sorry you feel that way comedy
118985,Big Eyes,Drama,2014.0,painter,big eyes drama painter
118997,Into the Woods,Children Comedy Fantasy Musical,2014.0,,into the woods children comedy fantasy musical
119068,"Men, Women & Children",Comedy Drama,2014.0,,men women children comedy drama
119141,The Interview,Action Comedy,2014.0,bloody bromance comedy funny james franco seth rogen,the interview action comedy bloody bromance comedy funny james franco seth rogen
119145,Kingsman: The Secret Service,Action Adventure Comedy Crime,2015.0,slick,kingsman the secret service action adventure comedy crime slick
119153,Bill Burr: You People Are All the Same,Comedy,2012.0,,bill burr you people are all the same comedy
119155,Night at the Museum: Secret of the Tomb,Adventure Children Comedy Fantasy,2014.0,,night at the museum secret of the tomb adventure children comedy fantasy
119167,Paradox,Sci-Fi Thriller,2010.0,,paradox sci fi thriller
119218,The Punisher: Dirty Laundry,Action Crime Drama,2012.0,,the punisher dirty laundry action crime drama
119655,Seventh Son,Adventure Children Fantasy,2014.0,,seventh son adventure children fantasy
119714,Corner Gas: The Movie,Comedy,2014.0,,corner gas the movie comedy
119828,A Man Called Blade,Action Drama Thriller Western,1977.0,,a man called blade action drama thriller western
119964,A Merry Friggin' Christmas,Comedy,2014.0,,a merry friggin christmas comedy
120130,Into the Forest of Fireflies' Light,Animation Drama Fantasy,2011.0,,into the forest of fireflies light animation drama fantasy
120138,PK,Comedy Drama Fantasy Mystery Romance,2014.0,,pk comedy drama fantasy mystery romance
120466,Chappie,Action Thriller,2015.0,,chappie action thriller
120478,The Salt of the Earth,Documentary,2014.0,,the salt of the earth documentary
120625,The Fool,Drama,2014.0,,the fool drama
120635,Taken 3,Action Crime Thriller,2015.0,action murder police,taken 3 action crime thriller action murder police
120637,Blackhat,Action Crime Drama Mystery Thriller,2015.0,,blackhat action crime drama mystery thriller
120761,By the Law,Drama,1926.0,,by the law drama
120783,Son of a Gun,Action Crime Drama,2014.0,,son of a gun action crime drama
120799,Terminator Genisys,Action Adventure Sci-Fi Thriller,2015.0,,terminator genisys action adventure sci fi thriller
120807,John Mulaney: New In Town,Comedy,2012.0,,john mulaney new in town comedy
120813,Patton Oswalt: My Weakness Is Strong,Comedy,2009.0,,patton oswalt my weakness is strong comedy
120827,The Hound of the Baskervilles,Crime Drama Horror Mystery,1988.0,,the hound of the baskervilles crime drama horror mystery
120919,Man on High Heels,Action Comedy,2014.0,,man on high heels action comedy
121007,Space Buddies,Adventure Children Fantasy Sci-Fi,2009.0,,space buddies adventure children fantasy sci fi
121035,Houdini,Drama,2014.0,,houdini drama
121097,To Grandmother's House We Go,Adventure Children Comedy,1992.0,,to grandmother s house we go adventure children comedy
121099,101 Dalmatians II: Patch's London Adventure,Animation Children,2003.0,,101 dalmatians ii patch s london adventure animation children
121129,The Hungover Games,Comedy,2014.0,,the hungover games comedy
121169,The Duke of Burgundy,Drama,2014.0,,the duke of burgundy drama
121171,Red Army,Documentary,2014.0,,red army documentary
121231,It Follows,Horror,2014.0,,it follows horror
121253,The Town that Dreaded Sundown,Horror Thriller,2014.0,,the town that dreaded sundown horror thriller
121338,Carry on Cabby,Adventure Comedy Romance,1963.0,,carry on cabby adventure comedy romance
121342,Carry on Cruising,Comedy Romance,1962.0,,carry on cruising comedy romance
121372,Bill Burr: Let It Go,Comedy,2010.0,,bill burr let it go comedy
121374,Bill Burr: Why Do I Do This?,Comedy,2008.0,,bill burr why do i do this comedy
121469,Killer Movie,Comedy Horror Mystery Thriller,2008.0,,killer movie comedy horror mystery thriller
121715,Sebastian Maniscalco: What's Wrong with People?,Comedy,2012.0,,sebastian maniscalco what s wrong with people comedy
121781,Stuart Little 3: Call of the Wild,Animation Children Comedy Fantasy,2005.0,,stuart little 3 call of the wild animation children comedy fantasy
122092,Guy X,Comedy War,2005.0,,guy x comedy war
122246,Tooth Fairy 2,Children Comedy,2012.0,,tooth fairy 2 children comedy
122260,The Diary of Anne Frank,Drama War,2009.0,,the diary of anne frank drama war
122433,The Deadly Bees,Horror Mystery Thriller,1967.0,,the deadly bees horror mystery thriller
122490,Wicked Blood,Action Drama Thriller,2014.0,,wicked blood action drama thriller
122627,Oblivion 2: Backlash,Sci-Fi,1996.0,,oblivion 2 backlash sci fi
122882,Mad Max: Fury Road,Action Adventure Sci-Fi Thriller,2015.0,beautiful cinematography visually appealing,mad max fury road action adventure sci fi thriller beautiful cinematography visually appealing
122884,Insidious: Chapter 3,Fantasy Horror Thriller,2015.0,,insidious chapter 3 fantasy horror thriller
122886,Star Wars: Episode VII - The Force Awakens,Action Adventure Fantasy Sci-Fi IMAX,2015.0,,star wars episode vii the force awakens action adventure fantasy sci fi imax
122888,Ben-hur,,2016.0,,ben hur
122890,Warcraft,Action Adventure Fantasy,2016.0,,warcraft action adventure fantasy
122892,Avengers: Age of Ultron,Action Adventure Sci-Fi,2015.0,,avengers age of ultron action adventure sci fi
122896,Pirates of the Caribbean: Dead Men Tell No Tales,,2017.0,,pirates of the caribbean dead men tell no tales
122898,Justice League,Action Adventure Sci-Fi,2017.0,,justice league action adventure sci fi
122900,Ant-Man,Action Adventure Sci-Fi,2015.0,,ant man action adventure sci fi
122902,Fantastic Four,Action Adventure Fantasy Sci-Fi,2015.0,,fantastic four action adventure fantasy sci fi
122904,Deadpool,Action Adventure Comedy Sci-Fi,2016.0,,deadpool action adventure comedy sci fi
122906,Black Panther,Action Adventure Sci-Fi,2017.0,,black panther action adventure sci fi
122912,Avengers: Infinity War - Part I,Action Adventure Sci-Fi,2018.0,comic book dr. strange great villain guardians of the galaxy marvel mcu robert downey jr. thanos thor visually stunning dark emotional sad visually appealing visually stunning,avengers infinity war part i action adventure sci fi comic book dr strange great villain guardians of the galaxy marvel mcu robert downey jr thanos thor visually stunning dark emotional sad visually appealing visually stunning
122916,Thor: Ragnarok,Action Adventure Sci-Fi,2017.0,awesome humor quirky unconventional white guilt,thor ragnarok action adventure sci fi awesome humor quirky unconventional white guilt
122918,Guardians of the Galaxy 2,Action Adventure Sci-Fi,2017.0,fun,guardians of the galaxy 2 action adventure sci fi fun
122920,Captain America: Civil War,Action Sci-Fi Thriller,2016.0,,captain america civil war action sci fi thriller
122922,Doctor Strange,Action Adventure Sci-Fi,2016.0,visually appealing,doctor strange action adventure sci fi visually appealing
122924,X-Men: Apocalypse,Action Adventure Fantasy Sci-Fi,2016.0,,x men apocalypse action adventure fantasy sci fi
122926,Untitled Spider-Man Reboot,Action Adventure Fantasy,2017.0,,untitled spider man reboot action adventure fantasy
122932,Elsa & Fred,Children Comedy Romance,2014.0,,elsa fred children comedy romance
123200,Jim Jefferies: I Swear to God,Comedy,2009.0,,jim jefferies i swear to god comedy
123310,Tornado!,Action,1996.0,,tornado action
123545,The Blue Lagoon,Drama Romance,1949.0,,the blue lagoon drama romance
123553,In the Name of the King III,Action Adventure Drama Fantasy,2014.0,,in the name of the king iii action adventure drama fantasy
123947,Cake,Drama,2014.0,,cake drama
124273,Kevin Smith: Too Fat For 40,Comedy,2010.0,,kevin smith too fat for 40 comedy
124404,"Snowflake, the White Gorilla",Adventure Animation Children Comedy,2011.0,,snowflake the white gorilla adventure animation children comedy
124484,Kenny & Company,Comedy Drama,1976.0,,kenny company comedy drama
124851,Delirium,Adventure Romance Sci-Fi,2014.0,,delirium adventure romance sci fi
124853,Why Man Creates,Animation Documentary,1968.0,,why man creates animation documentary
124859,The Gambler,Crime Drama Thriller,2014.0,,the gambler crime drama thriller
125221,The Beast of Hollow Mountain,Horror Sci-Fi Western,1956.0,,the beast of hollow mountain horror sci fi western
125914,Mortdecai,Adventure Comedy Mystery Romance,2015.0,,mortdecai adventure comedy mystery romance
125916,Fifty Shades of Grey,Drama Romance,2015.0,,fifty shades of grey drama romance
125970,Halloweentown,Adventure Children Comedy Fantasy,1998.0,,halloweentown adventure children comedy fantasy
125974,Halloweentown High,Adventure Children Comedy Fantasy,2004.0,,halloweentown high adventure children comedy fantasy
126088,A Flintstones Christmas Carol,Animation Children Comedy,1994.0,,a flintstones christmas carol animation children comedy
126090,Hedgehog in the Fog,Animation,1975.0,,hedgehog in the fog animation
126142,The Cave of the Golden Rose,Adventure Children Fantasy,1991.0,,the cave of the golden rose adventure children fantasy
126420,American Heist,Action,2015.0,,american heist action
126426,Solyaris,Drama Sci-Fi,1968.0,,solyaris drama sci fi
126430,The Pacific,Action Adventure Drama War,2010.0,,the pacific action adventure drama war
126482,Strange Magic,Animation Children Fantasy Musical,2015.0,,strange magic animation children fantasy musical
126548,The DUFF,Comedy,2015.0,funny high school,the duff comedy funny high school
126577,"Daddy, I'm A Zombie",Animation Comedy Fantasy,2012.0,,daddy i m a zombie animation comedy fantasy
126921,The Fox and the Hound 2,Adventure Animation Children Comedy,2006.0,,the fox and the hound 2 adventure animation children comedy
127052,Operation 'Y' & Other Shurik's Adventures,Comedy Crime Romance,1965.0,,operation y other shurik s adventures comedy crime romance
127096,Project Almanac,Sci-Fi Thriller,2015.0,,project almanac sci fi thriller
127098,Louis C.K.: Live at The Comedy Store,Comedy,2015.0,,louis c k live at the comedy store comedy
127108,Brooklyn,Drama Romance,2015.0,,brooklyn drama romance
127114,The End of the Tour,Drama,2015.0,,the end of the tour drama
127116,Experimenter,Drama,2015.0,,experimenter drama
127130,Mistress America,Comedy,2015.0,,mistress america comedy
127132,Zipper,Drama Thriller,2015.0,,zipper drama thriller
127134,A Walk in the Woods,Adventure Comedy Drama,2015.0,,a walk in the woods adventure comedy drama
127136,True Story,Drama Mystery Thriller,2015.0,,true story drama mystery thriller
127146,Kurt Cobain: Montage of Heck,Documentary,2015.0,,kurt cobain montage of heck documentary
127152,Going Clear: Scientology and the Prison of Belief,Documentary,2015.0,,going clear scientology and the prison of belief documentary
127164,"What Happened, Miss Simone?",Documentary,2015.0,,what happened miss simone documentary
127172,A Story of Children and Film,Documentary,2013.0,film history poetic representation of children,a story of children and film documentary film history poetic representation of children
127180,"Story of Film: An Odyssey, The",Documentary,2011.0,,story of film an odyssey the documentary
127184,Eden,Drama,2014.0,,eden drama
127194,The D Train,Comedy,2015.0,,the d train comedy
127198,Dope,Comedy Drama,2015.0,,dope comedy drama
127202,Me and Earl and the Dying Girl,Drama,2015.0,,me and earl and the dying girl drama
127204,The Overnight,Comedy,2015.0,,the overnight comedy
127212,The Stanford Prison Experiment,Drama Thriller,2015.0,,the stanford prison experiment drama thriller
127298,A Pigeon Sat on a Branch Reflecting on Existence,Comedy Drama,2014.0,depressing understated,a pigeon sat on a branch reflecting on existence comedy drama depressing understated
127319,The Loft,Thriller,2014.0,,the loft thriller
127323,Vice,Action Adventure Sci-Fi Thriller,2015.0,,vice action adventure sci fi thriller
127390,Family Guy Presents: Blue Harvest,Animation Comedy,2007.0,,family guy presents blue harvest animation comedy
128087,Trinity and Sartana Are Coming,Comedy Western,1972.0,,trinity and sartana are coming comedy western
128089,Kevin Hart: I'm a Grown Little Man,Comedy,2009.0,,kevin hart i m a grown little man comedy
128097,Jim Norton: American Degenerate,Comedy,2013.0,,jim norton american degenerate comedy
128099,Jim Jefferies: BARE,Comedy,2014.0,,jim jefferies bare comedy
128197,Hard Promises,Comedy Romance,1991.0,,hard promises comedy romance
128360,The Hateful Eight,Western,2015.0,characters dialogue humor kurt russell quentin tarantino samuel l. jackson tension building violent western,the hateful eight western characters dialogue humor kurt russell quentin tarantino samuel l jackson tension building violent western
128366,Patton Oswalt: Tragedy Plus Comedy Equals Time,Comedy,2014.0,,patton oswalt tragedy plus comedy equals time comedy
128488,Wild Card,Action Crime Drama Thriller,2015.0,,wild card action crime drama thriller
128512,Paper Towns,Drama Mystery Romance,2015.0,,paper towns drama mystery romance
128520,The Wedding Ringer,Comedy,2015.0,,the wedding ringer comedy
128542,Wyrmwood,Action Horror Sci-Fi,2015.0,,wyrmwood action horror sci fi
128592,The Boy Next Door,Mystery Thriller,2015.0,,the boy next door mystery thriller
128594,Boy Meets Girl,Comedy Drama Romance,2015.0,,boy meets girl comedy drama romance
128620,Victoria,Crime Drama Romance,2015.0,,victoria crime drama romance
128695,The Dark Valley,Western,2014.0,,the dark valley western
128736,I'm Here,Drama,2010.0,,i m here drama
128832,The Last Five Years,Comedy Drama Musical Romance,2014.0,,the last five years comedy drama musical romance
128838,Crimson Peak,Horror,2015.0,,crimson peak horror
128842,Dragonheart 3: The Sorcerer's Curse,Action Adventure Fantasy,2015.0,,dragonheart 3 the sorcerer s curse action adventure fantasy
128852,Chris Rock: Bigger & Blacker,Comedy,1999.0,,chris rock bigger blacker comedy
128900,The Natural Love,Documentary,1996.0,,the natural love documentary
128902,The Forgotten Space,Documentary,2010.0,,the forgotten space documentary
128908,Cloudburst,Adventure Comedy Drama,2011.0,,cloudburst adventure comedy drama
128914,Tom Segura: Completely Normal,Comedy,2014.0,,tom segura completely normal comedy
128944,"Honey, We Shrunk Ourselves",Action Adventure Children Comedy Sci-Fi,1997.0,,honey we shrunk ourselves action adventure children comedy sci fi
128968,Stitch! The Movie,Animation Children Comedy,2003.0,,stitch the movie animation children comedy
128975,Hot Tub Time Machine 2,Comedy Sci-Fi,2015.0,,hot tub time machine 2 comedy sci fi
128991,Johnny Express,Animation Comedy Sci-Fi,2014.0,,johnny express animation comedy sci fi
129011,Eddie Izzard: Glorious,Comedy,1997.0,,eddie izzard glorious comedy
129229,Northmen - A Viking Saga,Action Adventure,2014.0,,northmen a viking saga action adventure
129250,Superfast!,,2015.0,,superfast
129313,Reality,Comedy,2014.0,,reality comedy
129333,Julia,Horror Thriller,2014.0,,julia horror thriller
129354,Focus,Comedy Crime Drama Romance,2015.0,,focus comedy crime drama romance
129397,Marvel One-Shot: Item 47,Action Fantasy Sci-Fi,2012.0,,marvel one shot item 47 action fantasy sci fi
129428,The Second Best Exotic Marigold Hotel,Comedy Drama,2015.0,,the second best exotic marigold hotel comedy drama
129514,George Carlin: It's Bad for Ya!,Comedy,2008.0,,george carlin it s bad for ya comedy
129657,Tracers,Action,2015.0,,tracers action
129659,"McFarland, USA",Drama,2015.0,,mcfarland usa drama
129737,Unfinished Business,Comedy,2015.0,,unfinished business comedy
129779,Ghost in the Shell Arise - Border 1: Ghost Pain,Action Animation Sci-Fi,2013.0,,ghost in the shell arise border 1 ghost pain action animation sci fi
129937,Run All Night,Action Crime Drama Thriller,2015.0,,run all night action crime drama thriller
130050,Digging Up the Marrow,Drama Fantasy Horror Mystery Thriller,2014.0,,digging up the marrow drama fantasy horror mystery thriller
130052,Clown,Drama Horror,2014.0,,clown drama horror
130073,Cinderella,Children Drama Fantasy Romance,2015.0,,cinderella children drama fantasy romance
130083,Kidnapping Mr. Heineken,Action Crime Drama Thriller,2015.0,,kidnapping mr heineken action crime drama thriller
130087,The Cobbler,Comedy Drama Fantasy,2015.0,,the cobbler comedy drama fantasy
130444,Ruby Red,Adventure Children Fantasy Sci-Fi,2013.0,,ruby red adventure children fantasy sci fi
130450,Pan,Adventure Children Fantasy,2015.0,,pan adventure children fantasy
130452,While We're Young,Comedy Drama,2014.0,,while we re young comedy drama
130482,Too Late for Tears,Crime Drama Film-Noir Mystery Thriller,1949.0,,too late for tears crime drama film noir mystery thriller
130490,Insurgent,Action Sci-Fi Thriller,2015.0,,insurgent action sci fi thriller
130498,La vérité si je mens !,Comedy,1997.0,,la v rit si je mens comedy
130518,The Amazing Screw-On Head,Action Adventure Animation Comedy Sci-Fi,2006.0,,the amazing screw on head action adventure animation comedy sci fi
130520,Home,Adventure Animation Children Comedy Fantasy Sci-Fi,2015.0,,home adventure animation children comedy fantasy sci fi
130576,Midnight Special,Drama Sci-Fi,2015.0,,midnight special drama sci fi
130578,"Gunman, The",Action Thriller,2015.0,,gunman the action thriller
130634,Furious 7,Action Crime Thriller,2015.0,,furious 7 action crime thriller
130686,The Final Girls,Comedy Horror,2015.0,,the final girls comedy horror
130840,Spring,Horror Romance Sci-Fi,2015.0,,spring horror romance sci fi
130842,Power/Rangers,Action Adventure Sci-Fi,2015.0,,power rangers action adventure sci fi
130970,George Carlin: Life Is Worth Losing,Comedy,2005.0,,george carlin life is worth losing comedy
130976,Legend No. 17,Drama,2013.0,,legend no 17 drama
130978,Love and Pigeons,Comedy Romance,1985.0,,love and pigeons comedy romance
131013,Get Hard,Comedy Crime,2015.0,,get hard comedy crime
131023,That Sugar Film,Documentary,2014.0,,that sugar film documentary
131098,Saving Santa,Animation Children Comedy,2013.0,,saving santa animation children comedy
131104,The Brain,Comedy Crime,1969.0,,the brain comedy crime
131130,Tom and Jerry: A Nutcracker Tale,Animation Comedy,2007.0,,tom and jerry a nutcracker tale animation comedy
131237,What Men Talk About,Comedy,2010.0,,what men talk about comedy
131439,Kill Me Three Times,Thriller,2014.0,,kill me three times thriller
131480,Poker Night,Action Crime Thriller,2014.0,,poker night action crime thriller
131578,Reckless Kelly,Comedy,1994.0,,reckless kelly comedy
131610,Willy/Milly,Comedy Fantasy,1986.0,,willy milly comedy fantasy
131656,Shaun the Sheep Movie,Adventure Animation Children Comedy,2015.0,,shaun the sheep movie adventure animation children comedy
131714,Last Knights,Action Adventure,2015.0,,last knights action adventure
131724,The Jinx: The Life and Deaths of Robert Durst,Documentary,2015.0,,the jinx the life and deaths of robert durst documentary
131739,Batman vs. Robin,Action Adventure Animation,2015.0,,batman vs robin action adventure animation
131749,Libre et assoupi,Comedy,2014.0,,libre et assoupi comedy
131796,Woman in Gold,Drama,2015.0,,woman in gold drama
131826,Iliza Shlesinger: Freezing Hot,Comedy,2015.0,,iliza shlesinger freezing hot comedy
131920,The Road Within,Comedy Drama,2014.0,,the road within comedy drama
131934,The Malibu Bikini Shop,Comedy,1986.0,,the malibu bikini shop comedy
132046,Tomorrowland,Action Adventure Children Mystery Sci-Fi,2015.0,,tomorrowland action adventure children mystery sci fi
132084,Let It Be Me,,1995.0,,let it be me
132153,Buzzard,Comedy Drama Horror,2015.0,,buzzard comedy drama horror
132157,Paul Blart: Mall Cop 2,Action Comedy Crime,2015.0,,paul blart mall cop 2 action comedy crime
132333,Seve,Documentary Drama,2014.0,,seve documentary drama
132335,Breathe,Drama,2014.0,,breathe drama
132362,Patlabor 2: The Movie,Action Animation Sci-Fi,1993.0,,patlabor 2 the movie action animation sci fi
132422,Da Sweet Blood of Jesus,Comedy Romance Thriller,2014.0,,da sweet blood of jesus comedy romance thriller
132424,The Longest Ride,Drama Romance,2015.0,,the longest ride drama romance
132454,Girltrash: All Night Long,Comedy Crime Drama,2014.0,,girltrash all night long comedy crime drama
132462,Sword of Vengeance,Action Adventure Drama,2014.0,,sword of vengeance action adventure drama
132488,Lovesick,Comedy Romance,2014.0,,lovesick comedy romance
132496,Danny Collins,Comedy Drama,2015.0,,danny collins comedy drama
132584,The Even Stevens Movie,Children Comedy,2003.0,,the even stevens movie children comedy
132618,Kite,Action Crime Drama Mystery Thriller,2014.0,,kite action crime drama mystery thriller
132660,Man Up,Comedy Romance,2015.0,,man up comedy romance
132796,San Andreas,Action Drama Thriller,2015.0,,san andreas action drama thriller
132800,Welcome to Me,Comedy Drama,2014.0,,welcome to me comedy drama
132888,Comedy Central Roast of James Franco,Comedy,2013.0,,comedy central roast of james franco comedy
133115,We Could Be King,Documentary,2014.0,,we could be king documentary
133195,Hitman: Agent 47,Action Crime Thriller,2015.0,,hitman agent 47 action crime thriller
133217,B/W,Comedy Crime Sci-Fi,2015.0,,b w comedy crime sci fi
133281,Ricki and the Flash,Comedy Drama,2015.0,,ricki and the flash comedy drama
133365,Partisan,Drama Thriller,2015.0,,partisan drama thriller
133377,Infini,Horror Sci-Fi Thriller,2015.0,,infini horror sci fi thriller
133419,Pitch Perfect 2,Comedy,2015.0,,pitch perfect 2 comedy
133545,Just Before I Go,Comedy Drama,2014.0,,just before i go comedy drama
133645,Carol,Drama Romance,2015.0,,carol drama romance
133712,Office Romance,Comedy Romance,1977.0,,office romance comedy romance
133716,Bootleggers,Comedy Crime,1961.0,,bootleggers comedy crime
133771,The Lobster,Comedy Romance Sci-Fi,2015.0,,the lobster comedy romance sci fi
133780,Güeros,Comedy Drama,2014.0,,g eros comedy drama
133782,Maggie,Drama Horror Thriller,2015.0,,maggie drama horror thriller
133798,Hot Pursuit,Action Comedy,2015.0,,hot pursuit action comedy
133802,Slow West,Action Thriller Western,2015.0,,slow west action thriller western
133832,The Green Inferno,Horror Thriller,2014.0,,the green inferno horror thriller
133867,Barely Lethal,Action Adventure Comedy,2015.0,,barely lethal action adventure comedy
133879,Carry On Don't Lose Your Head,Comedy,1966.0,,carry on don t lose your head comedy
134004,What Love Is,Comedy Romance,2007.0,,what love is comedy romance
134019,The Monkey King,Animation,1964.0,,the monkey king animation
134021,5 to 7,Comedy Drama Romance,2014.0,,5 to 7 comedy drama romance
134041,Afonya,Comedy Drama Romance,1975.0,,afonya comedy drama romance
134095,My Love,Animation Drama,2006.0,,my love animation drama
134109,Radio Day,Comedy,2008.0,,radio day comedy
134130,The Martian,Adventure Drama Sci-Fi,2015.0,smart,the martian adventure drama sci fi smart
134158,Return to Sender,Thriller,2015.0,,return to sender thriller
134170,Kung Fury,Action Comedy Fantasy Sci-Fi,2015.0,funny ridiculous silly,kung fury action comedy fantasy sci fi funny ridiculous silly
134184,Elections Day,Comedy,2007.0,,elections day comedy
134214,Youth,Drama,2015.0,,youth drama
134246,Survivor,Action Thriller,2015.0,,survivor action thriller
134248,Hot Girls Wanted,Documentary,2015.0,,hot girls wanted documentary
134252,That Munchhausen,Comedy Drama Fantasy,1979.0,,that munchhausen comedy drama fantasy
134326,The Taming of the Scoundrel,Comedy,1980.0,,the taming of the scoundrel comedy
134334,Phir Hera Pheri,Comedy,2006.0,,phir hera pheri comedy
134368,Spy,Action Comedy Crime,2015.0,,spy action comedy crime
134393,Trainwreck,Comedy Romance,2015.0,,trainwreck comedy romance
134515,BMX Bandits,Adventure Crime Drama,1983.0,,bmx bandits adventure crime drama
134524,Turtle Power: The Definitive History of the Teenage Mutant Ninja Turtles,Documentary,2014.0,,turtle power the definitive history of the teenage mutant ninja turtles documentary
134528,Aloha,Comedy Drama Romance,2015.0,,aloha comedy drama romance
134775,Dragon Blade,Action Adventure Drama,2015.0,,dragon blade action adventure drama
134783,Entourage,Comedy,2015.0,,entourage comedy
134796,Bitter Lake,Documentary,2015.0,,bitter lake documentary
134808,No Way Jose,Comedy,2015.0,,no way jose comedy
134847,Ghost Graduation,Comedy,2012.0,,ghost graduation comedy
134849,Duck Amuck,Animation Children Comedy,1953.0,,duck amuck animation children comedy
134853,Inside Out,Adventure Animation Children Comedy Drama Fantasy,2015.0,,inside out adventure animation children comedy drama fantasy
134859,The Wolfpack,Documentary,2015.0,,the wolfpack documentary
134861,Trevor Noah: African American,,2013.0,,trevor noah african american
134881,Love & Mercy,Drama,2014.0,,love mercy drama
135133,The Hunger Games: Mockingjay - Part 2,Adventure Sci-Fi,2015.0,dystopia jennifer lawrence love story nonsense politics rebellion revolution,the hunger games mockingjay part 2 adventure sci fi dystopia jennifer lawrence love story nonsense politics rebellion revolution
135137,Pixels,Action Comedy Sci-Fi,2015.0,,pixels action comedy sci fi
135143,Fantastic Beasts and Where to Find Them,Fantasy,2016.0,,fantastic beasts and where to find them fantasy
135198,The Hairdresser,Comedy Drama,2010.0,,the hairdresser comedy drama
135216,The Star Wars Holiday Special,Adventure Children Comedy Sci-Fi,1978.0,,the star wars holiday special adventure children comedy sci fi
135288,Mr. Holmes,Drama Mystery,2015.0,,mr holmes drama mystery
135436,The Secret Life of Pets,Animation Comedy,2016.0,,the secret life of pets animation comedy
135456,Ghost in the Shell: Stand Alone Complex - The Laughing Man,Action Animation Crime Sci-Fi,2005.0,,ghost in the shell stand alone complex the laughing man action animation crime sci fi
135518,Self/less,Action Mystery Sci-Fi Thriller,2015.0,ben kingsley ethics immortality ryan reynolds,self less action mystery sci fi thriller ben kingsley ethics immortality ryan reynolds
135532,The Last Witch Hunter,Action Adventure Fantasy,2015.0,,the last witch hunter action adventure fantasy
135534,Krampus,Comedy Fantasy Horror,2015.0,,krampus comedy fantasy horror
135536,Suicide Squad,Action Crime Sci-Fi,2016.0,bad story bad writing batman ben affleck comic book dc comics good soundtrack harley quinn harley quinn's ass horrible directing jared leto joker lack of plot margot robbie poor story poorly paced superhero visually appealing will smith,suicide squad action crime sci fi bad story bad writing batman ben affleck comic book dc comics good soundtrack harley quinn harley quinn s ass horrible directing jared leto joker lack of plot margot robbie poor story poorly paced superhero visually appealing will smith
135567,Independence Day: Resurgence,Action Adventure Sci-Fi,2016.0,,independence day resurgence action adventure sci fi
135569,Star Trek Beyond,Action Adventure Sci-Fi,2016.0,,star trek beyond action adventure sci fi
135777,Golmaal,Children Comedy,2006.0,,golmaal children comedy
135787,Bruce Lee: A Warrior's Journey,Documentary,2000.0,,bruce lee a warrior s journey documentary
135803,Five Element Ninjas,Action,1982.0,,five element ninjas action
135815,The Magnificent Ruffians,Action Drama,1979.0,,the magnificent ruffians action drama
135861,Ted 2,Comedy,2015.0,,ted 2 comedy
135885,Absolutely Anything,Comedy Sci-Fi,2015.0,,absolutely anything comedy sci fi
135887,Minions,Adventure Animation Children Comedy,2015.0,,minions adventure animation children comedy
135937,The Silence of the Hams,Comedy Thriller,1994.0,,the silence of the hams comedy thriller
136012,Bloodsport III,Action Thriller,1996.0,,bloodsport iii action thriller
136016,The Good Dinosaur,Adventure Animation Children Comedy Fantasy,2015.0,,the good dinosaur adventure animation children comedy fantasy
136018,Black Mass,Crime Drama,2015.0,,black mass crime drama
136020,Spectre,Action Adventure Crime,2015.0,,spectre action adventure crime
136024,The Professional: Golgo 13,Action Animation Crime,1983.0,,the professional golgo 13 action animation crime
136297,Mortal Kombat: The Journey Begins,Action Animation,1995.0,,mortal kombat the journey begins action animation
136305,Sharknado 3: Oh Hell No!,Horror Sci-Fi,2015.0,,sharknado 3 oh hell no horror sci fi
136341,Scooby-Doo! and the Samurai Sword,Animation Children Comedy,2009.0,,scooby doo and the samurai sword animation children comedy
136353,Scooby-Doo! and the Loch Ness Monster,Animation Children Comedy,2004.0,,scooby doo and the loch ness monster animation children comedy
136355,Big Top Scooby-Doo!,Animation Children Comedy,2012.0,,big top scooby doo animation children comedy
136359,Scooby-Doo Goes Hollywood,Animation Children Comedy,1979.0,,scooby doo goes hollywood animation children comedy
136443,Gabriel Iglesias: Hot and Fluffy,Comedy,2007.0,,gabriel iglesias hot and fluffy comedy
136445,George Carlin: Back in Town,Comedy,1996.0,,george carlin back in town comedy
136447,George Carlin: You Are All Diseased,Comedy,1999.0,,george carlin you are all diseased comedy
136449,Ghost in the Shell 2.0,Action Animation Sci-Fi,2008.0,,ghost in the shell 2 0 action animation sci fi
136469,Larry David: Curb Your Enthusiasm,Comedy,1999.0,,larry david curb your enthusiasm comedy
136471,Kevin Hart: Laugh at My Pain,Comedy Documentary,2011.0,,kevin hart laugh at my pain comedy documentary
136503,Tom and Jerry: Shiver Me Whiskers,Animation Children Comedy,2006.0,,tom and jerry shiver me whiskers animation children comedy
136511,Jeff Dunham: All Over the Map,Comedy,2014.0,,jeff dunham all over the map comedy
136540,The FP,Comedy,2012.0,,the fp comedy
136556,Kung Fu Panda: Secrets of the Masters,Animation Children,2011.0,,kung fu panda secrets of the masters animation children
136562,Steve Jobs,Drama,2015.0,,steve jobs drama
136564,Macbeth,Drama,2015.0,,macbeth drama
136598,Vacation,Adventure Comedy,2015.0,,vacation adventure comedy
136602,Creep,Horror Thriller,2014.0,,creep horror thriller
136654,The Face of an Angel,Drama,2015.0,,the face of an angel drama
136664,Wild Horses,Crime Drama,2015.0,,wild horses crime drama
136666,Search Party,Comedy,2014.0,,search party comedy
136778,The Squeeze,Comedy Drama,2015.0,,the squeeze comedy drama
136786,Careful What You Wish For,Thriller,2015.0,,careful what you wish for thriller
136800,Robot Overlords,Action Adventure Sci-Fi,2014.0,,robot overlords action adventure sci fi
136816,Bad Asses on the Bayou,Action Comedy,2015.0,,bad asses on the bayou action comedy
136834,The Eye: Infinity,Horror,2005.0,,the eye infinity horror
136838,Kiss me Kismet,Comedy Romance,2006.0,,kiss me kismet comedy romance
136840,Da geht noch was!,Comedy Drama Romance,2013.0,,da geht noch was comedy drama romance
136850,Villain,Crime Drama Thriller,1971.0,,villain crime drama thriller
136859,The Lovers,Action Adventure Romance Sci-Fi,2015.0,,the lovers action adventure romance sci fi
136864,Batman v Superman: Dawn of Justice,Action Adventure Fantasy Sci-Fi,2016.0,action batman ben affleck dark dc comics gal gadot superhero superman wonderwoman,batman v superman dawn of justice action adventure fantasy sci fi action batman ben affleck dark dc comics gal gadot superhero superman wonderwoman
136912,God Loves Caviar,Adventure,2012.0,,god loves caviar adventure
136958,Mortuary,Horror,1983.0,,mortuary horror
137218,April Morning,Drama,1988.0,,april morning drama
137337,Amy,Documentary,2015.0,,amy documentary
137345,That Demon Within,Crime Thriller,2014.0,,that demon within crime thriller
137517,Carnival Magic,Drama Fantasy,1981.0,,carnival magic drama fantasy
137595,Magic Mike XXL,Comedy Drama,2015.0,,magic mike xxl comedy drama
137857,The Jungle Book,Adventure Drama Fantasy,2016.0,,the jungle book adventure drama fantasy
137859,Dragon Ball Z Gaiden: The Plot to Destroy the Saiyans,Action Adventure Animation,1993.0,,dragon ball z gaiden the plot to destroy the saiyans action adventure animation
137863,Dragon Ball Z: Resurrection of F,Action Adventure Animation Fantasy,2015.0,,dragon ball z resurrection of f action adventure animation fantasy
138036,The Man from U.N.C.L.E.,Action Adventure Comedy,2015.0,slick stylish,the man from u n c l e action adventure comedy slick stylish
138186,Sorrow,Crime Drama Horror,2015.0,,sorrow crime drama horror
138204,7 Days in Hell,Comedy,2015.0,,7 days in hell comedy
138208,The Walk,Adventure Drama Thriller,2015.0,,the walk adventure drama thriller
138210,13 Hours,Drama,2016.0,,13 hours drama
138396,There Will Come a Day,Comedy Drama,2013.0,,there will come a day comedy drama
138546,The Opposite Sex,Comedy,2014.0,,the opposite sex comedy
138610,The Gallows,Horror Thriller,2015.0,,the gallows horror thriller
138632,Tokyo Tribe,Action Crime Drama Sci-Fi,2014.0,,tokyo tribe action crime drama sci fi
138702,Feast,Animation Children Comedy Drama Romance,2014.0,,feast animation children comedy drama romance
138798,Joe Dirt 2: Beautiful Loser,Comedy,2015.0,,joe dirt 2 beautiful loser comedy
138835,Return to Treasure Island,Adventure Animation Comedy,1988.0,,return to treasure island adventure animation comedy
138966,Nasu: Summer in Andalusia,Animation,2003.0,,nasu summer in andalusia animation
139052,Dark Places,Drama Mystery Thriller,2015.0,,dark places drama mystery thriller
139130,Afro Samurai,Action Adventure Animation Drama Fantasy,2007.0,,afro samurai action adventure animation drama fantasy
139157,Massu Engira Maasilamani,Comedy Horror Thriller,2015.0,,massu engira maasilamani comedy horror thriller
139385,The Revenant,Adventure Drama,2015.0,leonardo dicarpio survival tom hardy visually appealing cinematography visually appealing visually striking,the revenant adventure drama leonardo dicarpio survival tom hardy visually appealing cinematography visually appealing visually striking
139415,Irrational Man,Crime Drama,2015.0,,irrational man crime drama
139511,Exte: Hair Extensions,Horror,2007.0,,exte hair extensions horror
139640,Ooops! Noah is Gone...,Animation,2015.0,,ooops noah is gone animation
139642,Southpaw,Action Drama,2015.0,,southpaw action drama
139644,Sicario,Crime Drama Mystery,2015.0,atmospheric tension,sicario crime drama mystery atmospheric tension
139655,Goodnight Mommy (Ich seh ich seh),Drama Fantasy Horror Thriller,2014.0,,goodnight mommy ich seh ich seh drama fantasy horror thriller
139717,10 Cent Pistol,Crime Thriller,2015.0,,10 cent pistol crime thriller
139747,Before We Go,Romance,2014.0,,before we go romance
139855,Anomalisa,Animation Comedy Fantasy,2015.0,,anomalisa animation comedy fantasy
139857,Colonia,Thriller,2016.0,,colonia thriller
139859,Ghost in the Shell Arise - Border 2: Ghost Whispers,Action Animation Sci-Fi Thriller,2013.0,,ghost in the shell arise border 2 ghost whispers action animation sci fi thriller
139915,How to Make Love Like an Englishman,Comedy Romance,2014.0,,how to make love like an englishman comedy romance
139994,Fracchia contro Dracula,Comedy Horror,1985.0,,fracchia contro dracula comedy horror
140016,Always Watching: A Marble Hornets Story,Horror,2015.0,,always watching a marble hornets story horror
140038,Madly in Love,Comedy,1981.0,,madly in love comedy
140110,The Intern,Comedy,2015.0,,the intern comedy
140133,Hollywood Chainsaw Hookers,Comedy Horror,1988.0,,hollywood chainsaw hookers comedy horror
140162,Love,Drama Romance,2015.0,,love drama romance
140174,Room,Drama,2015.0,moving touching,room drama moving touching
140237,The Runner,Drama,2015.0,,the runner drama
140247,The Gift,Drama Horror,2015.0,,the gift drama horror
140265,George Carlin: Jammin' in New York,Comedy,1992.0,,george carlin jammin in new york comedy
140267,The Witch,Horror,2015.0,,the witch horror
140289,Men & Chicken,Comedy Drama,2015.0,,men chicken comedy drama
140301,The Escort,Comedy Romance,2015.0,,the escort comedy romance
140359,Doctor Who: The Waters of Mars,Adventure Children Sci-Fi,2009.0,,doctor who the waters of mars adventure children sci fi
140481,"Family Guy Presents: Something, Something, Something, Dark Side",Animation Comedy Sci-Fi,2009.0,,family guy presents something something something dark side animation comedy sci fi
140523,"Visit, The",Comedy Horror,2015.0,,visit the comedy horror
140525,Secret in Their Eyes,Crime Drama Mystery,2015.0,,secret in their eyes crime drama mystery
140541,The Electric Hotel,Animation Comedy Sci-Fi,1908.0,,the electric hotel animation comedy sci fi
140561,Jeff Ross Roasts Criminals: Live at Brazos County Jail,Comedy Documentary,2015.0,,jeff ross roasts criminals live at brazos county jail comedy documentary
140627,Battle For Sevastopol,Drama Romance War,2015.0,,battle for sevastopol drama romance war
140711,American Ultra,Action Comedy Sci-Fi Thriller,2015.0,,american ultra action comedy sci fi thriller
140715,Straight Outta Compton,Drama,2015.0,,straight outta compton drama
140725,Cop Car,Crime Thriller,2015.0,,cop car crime thriller
140737,The Lost Room,Action Fantasy Mystery,2006.0,,the lost room action fantasy mystery
140816,Tangerine,Comedy Drama,2015.0,,tangerine comedy drama
140850,Every Secret Thing,Crime Drama Mystery Thriller,2014.0,,every secret thing crime drama mystery thriller
140852,964 Pinocchio,Horror Sci-Fi,1991.0,,964 pinocchio horror sci fi
140928,Joy,Comedy Drama,2015.0,,joy comedy drama
140956,Ready Player One,Action Sci-Fi Thriller,,,ready player one action sci fi thriller
141004,Victor Frankenstein,Drama Horror Sci-Fi,2015.0,,victor frankenstein drama horror sci fi
141131,Guardians,,2016.0,,guardians
141400,Invincible Shaolin,Action,1978.0,,invincible shaolin action
141408,Scouts Guide to the Zombie Apocalypse,Action Comedy Horror,2015.0,,scouts guide to the zombie apocalypse action comedy horror
141422,Suffragette,Drama,2015.0,,suffragette drama
141513,Fort Tilden,Comedy,2014.0,,fort tilden comedy
141544,Turbo Kid,Action Adventure Sci-Fi,2015.0,,turbo kid action adventure sci fi
141646,The Unauthorized Saved by the Bell Story,Comedy Drama,2014.0,,the unauthorized saved by the bell story comedy drama
141668,War Room,Drama,2015.0,,war room drama
141688,Legend,Crime Thriller,2015.0,,legend crime thriller
141718,Deathgasm,Comedy Horror,2015.0,,deathgasm comedy horror
141749,The Danish Girl,Drama,2015.0,,the danish girl drama
141799,Cooties,Comedy Horror,2015.0,,cooties comedy horror
141810,Autumn Marathon,Comedy Drama,1979.0,,autumn marathon comedy drama
141816,12 Chairs,Adventure Comedy,1976.0,,12 chairs adventure comedy
141818,Ordinary Miracle,Comedy Drama Fantasy Romance,1978.0,,ordinary miracle comedy drama fantasy romance
141820,Old Men: Robbers,Comedy,1971.0,,old men robbers comedy
141830,Unbelievable Adventures of Italians in Russia,Adventure Comedy,1974.0,,unbelievable adventures of italians in russia adventure comedy
141836,It Can't Be!,Comedy,1975.0,,it can t be comedy
141844,12 Chairs,Adventure Comedy,1971.0,,12 chairs adventure comedy
141846,Steve Jobs: The Man in the Machine,Documentary,2015.0,,steve jobs the man in the machine documentary
141866,Green Room,,2015.0,,green room
141890,Beasts of No Nation,Drama War,2015.0,moving,beasts of no nation drama war moving
141928,Bloodsucking Bastards,Comedy Horror,2015.0,,bloodsucking bastards comedy horror
141994,Saving Christmas,Children Comedy,2014.0,,saving christmas children comedy
142020,Oscar,Comedy,1967.0,,oscar comedy
142056,Iron Man & Hulk: Heroes United,Action Adventure Animation,2013.0,,iron man hulk heroes united action adventure animation
142074,Knock Knock,Crime Horror Thriller,2015.0,,knock knock crime horror thriller
142115,The Blue Planet,Documentary,2001.0,,the blue planet documentary
142196,Cornered!,Comedy Horror,2009.0,,cornered comedy horror
142222,Demolition,Drama,2016.0,,demolition drama
142366,Cigarette Burns,Horror Thriller,2005.0,,cigarette burns horror thriller
142372,Our Brand Is Crisis,Comedy Drama,2015.0,,our brand is crisis comedy drama
142420,High Rise,Action Drama Sci-Fi,2015.0,,high rise action drama sci fi
142422,The Night Before,Comedy,2015.0,,the night before comedy
142424,Into the Forest,Drama Sci-Fi,2015.0,,into the forest drama sci fi
142444,The Editor,Comedy Horror Mystery,2015.0,,the editor comedy horror mystery
142448,Everest,Adventure Drama Thriller,2015.0,,everest adventure drama thriller
142456,The Brand New Testament,,2015.0,,the brand new testament
142488,Spotlight,Thriller,2015.0,,spotlight thriller
142507,Pawn Sacrifice,Drama,2015.0,,pawn sacrifice drama
142509,Hardcore Henry,Action Adventure Sci-Fi,2015.0,,hardcore henry action adventure sci fi
142536,Burnt,Drama,2015.0,,burnt drama
142550,Ryuzo and the Seven Henchmen,Action Comedy,2015.0,,ryuzo and the seven henchmen action comedy
142558,If I Were a Rich Man,Comedy,2002.0,,if i were a rich man comedy
142598,Last Shift,Horror,2014.0,,last shift horror
142602,"F*ck You, Goethe 2",Comedy,2015.0,,f ck you goethe 2 comedy
142831,Garam Masala,Comedy,2005.0,,garam masala comedy
142961,Life Eternal,Comedy Crime Thriller,2015.0,,life eternal comedy crime thriller
142997,Hotel Transylvania 2,Animation Comedy,2015.0,,hotel transylvania 2 animation comedy
143001,Anti-Social,Crime,2015.0,,anti social crime
143031,Jump In!,Comedy Drama Romance,2007.0,,jump in comedy drama romance
143245,The Little Prince,Animation Fantasy,2015.0,,the little prince animation fantasy
143255,Narcopolis,Mystery Sci-Fi Thriller,2014.0,,narcopolis mystery sci fi thriller
143257,Ashby,Comedy Drama,2015.0,,ashby comedy drama
143355,Wonder Woman,Action Adventure Fantasy,2017.0,,wonder woman action adventure fantasy
143365,The Circle,Drama Sci-Fi Thriller,2016.0,,the circle drama sci fi thriller
143367,Silence,Drama Thriller,2016.0,contemplative philosophical thought-provoking tragic,silence drama thriller contemplative philosophical thought provoking tragic
143385,Bridge of Spies,Drama Thriller,2015.0,,bridge of spies drama thriller
143410,Hyena Road,,,,hyena road
143458,The Great Hypnotist,Drama Mystery Thriller,2014.0,,the great hypnotist drama mystery thriller
143472,Into the Grizzly Maze,Action Horror Thriller,2015.0,,into the grizzly maze action horror thriller
143511,Human,Documentary,2015.0,,human documentary
143525,Chasuke's Journey,Comedy Drama,2015.0,,chasuke s journey comedy drama
143559,L.A. Slasher,Comedy Crime Fantasy,2015.0,,l a slasher comedy crime fantasy
143859,"Hail, Caesar!",Comedy,2016.0,,hail caesar comedy
143896,How To Change The World,Documentary,2015.0,,how to change the world documentary
143969,Er ist wieder da,Comedy,2015.0,,er ist wieder da comedy
144210,Just Eat It: A Food Waste Story,Documentary,2014.0,dumpster diving sustainability,just eat it a food waste story documentary dumpster diving sustainability
144222,Bros Before Hos,Comedy,2013.0,,bros before hos comedy
144262,Slow Learners,Comedy Romance,2015.0,,slow learners comedy romance
144352,Unforgiven,Action Crime Drama,2013.0,,unforgiven action crime drama
144478,"Sex, Drugs & Taxation",Comedy Drama,2013.0,,sex drugs taxation comedy drama
144522,Sky High,Action Horror Thriller,2003.0,,sky high action horror thriller
144606,Confessions of a Dangerous Mind,Comedy Crime Drama Romance Thriller,2002.0,,confessions of a dangerous mind comedy crime drama romance thriller
144620,Goosebumps,Adventure Comedy Horror,2015.0,,goosebumps adventure comedy horror
144714,The Perfect Guy,Drama Thriller,2015.0,,the perfect guy drama thriller
144716,Rock the Kasbah,Comedy,2015.0,,rock the kasbah comedy
144734,Freaks of Nature,Comedy Horror Sci-Fi,2015.0,,freaks of nature comedy horror sci fi
144976,Bone Tomahawk,Horror Western,2015.0,,bone tomahawk horror western
145080,Extraordinary Tales,Animation Horror Mystery,2015.0,,extraordinary tales animation horror mystery
145150,The Dressmaker,Comedy Drama Thriller,2015.0,,the dressmaker comedy drama thriller
145283,Nowitzki: The Perfect Shot,Documentary,2014.0,,nowitzki the perfect shot documentary
145418,Trumbo,Drama,2015.0,,trumbo drama
145491,Our Lips Are Sealed,Children Comedy Drama,2000.0,,our lips are sealed children comedy drama
145724,Idaho Transfer,Sci-Fi,1973.0,,idaho transfer sci fi
145745,Witch Hunt,Crime Drama,1999.0,,witch hunt crime drama
145839,Concussion,Drama,2015.0,,concussion drama
145935,"Peanuts Movie, The",Adventure Animation Children Comedy,2015.0,,peanuts movie the adventure animation children comedy
145951,Bloodsport: The Dark Kumite,Action Thriller,1999.0,,bloodsport the dark kumite action thriller
145994,Formula of Love,Comedy,1984.0,,formula of love comedy
146024,A Man from Boulevard des Capucines,Comedy Romance Western,1987.0,,a man from boulevard des capucines comedy romance western
146028,The Adventures of Sherlock Holmes and Dr. Watson: The Hound of the Baskervilles,Crime Mystery,1981.0,,the adventures of sherlock holmes and dr watson the hound of the baskervilles crime mystery
146210,Blue Mountain State: The Rise of Thadland,Comedy,2015.0,,blue mountain state the rise of thadland comedy
146244,Dil To Pagal Hai,Comedy Drama Romance,1997.0,,dil to pagal hai comedy drama romance
146309,The Boy and the Beast,Action Adventure Animation,2015.0,,the boy and the beast action adventure animation
146656,Creed,Drama,2015.0,,creed drama
146662,Dragons: Gift of the Night Fury,Adventure Animation Comedy,2011.0,,dragons gift of the night fury adventure animation comedy
146682,Twinsters,Documentary,2015.0,,twinsters documentary
146684,Cosmic Scrat-tastrophe,Animation Children Comedy,2015.0,,cosmic scrat tastrophe animation children comedy
146688,Solace,Fantasy Mystery Thriller,2015.0,,solace fantasy mystery thriller
146730,Lost in the Sun,Action Drama Thriller,2015.0,,lost in the sun action drama thriller
146986,Le Maître d'école,Comedy,1981.0,,le ma tre d cole comedy
147002,Eros,Drama Romance,2004.0,,eros drama romance
147142,Those Happy Days,Children Comedy,2006.0,,those happy days children comedy
147196,The Girls,Comedy Romance,1961.0,,the girls comedy romance
147250,The Adventures of Sherlock Holmes and Doctor Watson,,,,the adventures of sherlock holmes and doctor watson
147282,What Men Still Talk About,Comedy,2011.0,,what men still talk about comedy
147286,The Adventures of Sherlock Holmes and Doctor Watson: The Treasures of Agra,Crime Mystery,1983.0,,the adventures of sherlock holmes and doctor watson the treasures of agra crime mystery
147300,Adventures Of Sherlock Holmes And Dr. Watson: The Twentieth Century Approaches,Crime Mystery,1986.0,,adventures of sherlock holmes and dr watson the twentieth century approaches crime mystery
147326,The Adventures of Sherlock Holmes and Doctor Watson: King of Blackmailers,Crime Mystery,1980.0,,the adventures of sherlock holmes and doctor watson king of blackmailers crime mystery
147328,The Adventures of Sherlock Holmes and Dr. Watson: Bloody Signature,Crime,1979.0,,the adventures of sherlock holmes and dr watson bloody signature crime
147330,Sherlock Holmes and Dr. Watson: Acquaintance,Crime,1979.0,,sherlock holmes and dr watson acquaintance crime
147372,Doctor Who: Last Christmas,Adventure Drama Fantasy Sci-Fi,2014.0,,doctor who last christmas adventure drama fantasy sci fi
147374,"Doctor Who: The Doctor, the Widow and the Wardrobe",Adventure Drama,2011.0,,doctor who the doctor the widow and the wardrobe adventure drama
147376,Doctor Who: A Christmas Carol,Sci-Fi,2010.0,,doctor who a christmas carol sci fi
147378,Doctor Who: Planet of the Dead,Adventure Children Drama Sci-Fi,2009.0,,doctor who planet of the dead adventure children drama sci fi
147380,Doctor Who: The Next Doctor,Adventure Children Drama Sci-Fi,2008.0,,doctor who the next doctor adventure children drama sci fi
147382,Doctor Who: Voyage Of The Damned,Action Sci-Fi,2007.0,,doctor who voyage of the damned action sci fi
147384,Doctor Who: The Runaway Bride,Sci-Fi,2007.0,,doctor who the runaway bride sci fi
147410,A Perfect Day,Comedy Drama,2015.0,,a perfect day comedy drama
147657,Masked Avengers,Action,1981.0,,masked avengers action
147662,Return of the One-Armed Swordsman,Action Adventure,1969.0,,return of the one armed swordsman action adventure
147936,The Lord's Lantern in Budapest,Comedy Drama,1999.0,,the lord s lantern in budapest comedy drama
148166,Hitchcock/Truffaut,Documentary,2015.0,,hitchcock truffaut documentary
148172,The 5th Wave,Adventure Sci-Fi Thriller,2016.0,,the 5th wave adventure sci fi thriller
148238,A Very Murray Christmas,Comedy,2015.0,,a very murray christmas comedy
148424,Chi-Raq,Comedy Drama,2015.0,,chi raq comedy drama
148482,Truth,Drama,2015.0,,truth drama
148592,Just Jim,Comedy,2015.0,,just jim comedy
148626,"Big Short, The",Drama,2015.0,funny interesting witty,big short the drama funny interesting witty
148632,Applesauce,Comedy,2015.0,,applesauce comedy
148652,The Ridiculous 6,Comedy Western,2015.0,,the ridiculous 6 comedy western
148667,John Mulaney: The Comeback Kid,Comedy,2015.0,,john mulaney the comeback kid comedy
148671,Saw,Crime Horror,2003.0,,saw crime horror
148675,North Pole: Open For Christmas,Children Fantasy,2015.0,,north pole open for christmas children fantasy
148709,Mojave,Thriller,2015.0,,mojave thriller
148775,Wizards of Waverly Place: The Movie,Adventure Children Comedy Drama Fantasy Sci-Fi,2009.0,,wizards of waverly place the movie adventure children comedy drama fantasy sci fi
148881,World of Tomorrow,Animation Comedy,2015.0,existential surreal,world of tomorrow animation comedy existential surreal
148888,Zoolander 2,Comedy,2016.0,,zoolander 2 comedy
148956,How to Be Single,Comedy Romance,2016.0,,how to be single comedy romance
148978,Blue Exorcist: The Movie,Animation Fantasy Horror Mystery,2012.0,,blue exorcist the movie animation fantasy horror mystery
148982,Devil Dog: The Hound of Hell,Horror,1978.0,,devil dog the hound of hell horror
149011,He Never Died,Comedy Drama Horror,2015.0,,he never died comedy drama horror
149144,Parasyte: Part 1,Horror Sci-Fi,2014.0,,parasyte part 1 horror sci fi
149146,Parasyte: Part 2,Horror Sci-Fi,2015.0,,parasyte part 2 horror sci fi
149330,A Cosmic Christmas,,1977.0,,a cosmic christmas
149334,Nocturnal Animals,Drama Thriller,,,nocturnal animals drama thriller
149350,Lumberjack Man,Comedy Horror,2015.0,,lumberjack man comedy horror
149352,Daddy's Home,Comedy,2015.0,,daddy s home comedy
149354,Sisters,Children Comedy,2015.0,,sisters children comedy
149380,'Tis the Season for Love,Romance,2015.0,,tis the season for love romance
149406,Kung Fu Panda 3,Action Adventure Animation,2016.0,,kung fu panda 3 action adventure animation
149508,Spellbound,Comedy Romance,2011.0,,spellbound comedy romance
149566,Unicorn City,Comedy Romance,2012.0,,unicorn city comedy romance
149590,Standoff,Thriller,2016.0,,standoff thriller
149612,Swelter,Action Drama Thriller,2014.0,,swelter action drama thriller
149830,Pride and Prejudice and Zombies,Comedy Horror Romance Thriller,2016.0,,pride and prejudice and zombies comedy horror romance thriller
149902,Garm Wars: The Last Druid,Action Sci-Fi Thriller,2014.0,,garm wars the last druid action sci fi thriller
150254,The Devil's Candy,Horror,2015.0,,the devil s candy horror
150401,Close Range,Action Crime,2015.0,,close range action crime
150548,Sherlock: The Abominable Bride,Action Crime Drama Mystery Thriller,2016.0,,sherlock the abominable bride action crime drama mystery thriller
150554,The Love Bug,Adventure Children Comedy Fantasy,1997.0,,the love bug adventure children comedy fantasy
150596,Doctor Who: The Husbands of River Song,Comedy Drama Sci-Fi,2015.0,,doctor who the husbands of river song comedy drama sci fi
150604,Moonwalkers,Comedy,2015.0,,moonwalkers comedy
150696,Tomorrow,Documentary,2015.0,,tomorrow documentary
150993,Anacleto: Agente secreto,Action Comedy,2015.0,,anacleto agente secreto action comedy
151311,Wiener-Dog,Comedy,2016.0,,wiener dog comedy
151315,Ride Along 2,Action Comedy,2016.0,,ride along 2 action comedy
151317,Maggie's Plan,Comedy,2015.0,,maggie s plan comedy
151455,Eddie the Eagle,Comedy,2016.0,,eddie the eagle comedy
151479,The Flash 2 - Revenge of the Trickster,Action Fantasy Sci-Fi,1991.0,,the flash 2 revenge of the trickster action fantasy sci fi
151501,Exposed,Drama,2016.0,,exposed drama
151557,Stonewall,Drama,2015.0,,stonewall drama
151559,Frankenstein,Horror Thriller,2015.0,,frankenstein horror thriller
151653,Welcome to Happiness,Comedy Drama Fantasy,2015.0,,welcome to happiness comedy drama fantasy
151687,Risen,Children Drama,2016.0,,risen children drama
151695,The Survivalist,Drama Sci-Fi Thriller,2015.0,,the survivalist drama sci fi thriller
151739,Dirty Grandpa,Comedy,2016.0,,dirty grandpa comedy
151745,Reptilicus,Horror Sci-Fi,1961.0,,reptilicus horror sci fi
151759,Requiem for the American Dream,Documentary,2015.0,,requiem for the american dream documentary
151763,Death Note Rewrite: Genshisuru Kami,Mystery,2007.0,,death note rewrite genshisuru kami mystery
151769,Three from Prostokvashino,Animation,1978.0,,three from prostokvashino animation
151777,The Finest Hours,Drama Thriller,2016.0,,the finest hours drama thriller
151781,Ghost in the Shell: Solid State Society,Action Animation Crime Sci-Fi Thriller,2006.0,,ghost in the shell solid state society action animation crime sci fi thriller
152037,Grease Live,,2016.0,,grease live
152063,Gods of Egypt,Adventure Fantasy,2016.0,,gods of egypt adventure fantasy
152065,Embrace of the Serpent,Adventure Drama,2016.0,,embrace of the serpent adventure drama
152071,Race,Drama,2016.0,,race drama
152077,10 Cloverfield Lane,Thriller,2016.0,creepy suspense,10 cloverfield lane thriller creepy suspense
152079,London Has Fallen,Action Crime Thriller,2016.0,,london has fallen action crime thriller
152081,Zootopia,Action Adventure Animation Children Comedy,2016.0,,zootopia action adventure animation children comedy
152083,Whiskey Tango Foxtrot,Comedy War,2016.0,,whiskey tango foxtrot comedy war
152085,Desierto,Drama,2016.0,,desierto drama
152091,The Brothers Grimsby,Comedy,2016.0,,the brothers grimsby comedy
152105,Dad's Army,Comedy,1971.0,,dad s army comedy
152173,Michael Jackson's Thriller,Horror,1983.0,,michael jackson s thriller horror
152270,The Wait,Drama,2015.0,,the wait drama
152284,War and Peace,Drama Romance,2016.0,,war and peace drama romance
152372,Southbound,Horror,2016.0,,southbound horror
152591,Ip Man 3,Action,2015.0,,ip man 3 action
152658,Santa's Little Helper,Children,2015.0,,santa s little helper children
152711,Who Killed Chea Vichea?,Documentary,2010.0,cambodia crime human rights murder procedural,who killed chea vichea documentary cambodia crime human rights murder procedural
152970,Hunt for the Wilderpeople,Adventure Comedy,2016.0,,hunt for the wilderpeople adventure comedy
153070,Rabbits,Comedy Drama Fantasy,2002.0,nightmare,rabbits comedy drama fantasy nightmare
153236,Genius Party,Animation,2007.0,,genius party animation
153386,Long Live Ghosts!,Children Comedy Fantasy,1977.0,,long live ghosts children comedy fantasy
153408,Tears for Sale,Comedy Drama Fantasy,2008.0,,tears for sale comedy drama fantasy
154065,Dad's Army,Comedy,2016.0,,dad s army comedy
154358,The Barkley Marathons: The Race That Eats Its Young,Documentary,2015.0,,the barkley marathons the race that eats its young documentary
154975,Merci Patron !,Comedy Documentary,2016.0,,merci patron comedy documentary
155064,The Neon Demon,Drama Horror Mystery,2016.0,,the neon demon drama horror mystery
155168,Fraktus,Comedy,2012.0,,fraktus comedy
155288,Eye in the Sky,Drama Thriller War,2016.0,suspense thought-provoking,eye in the sky drama thriller war suspense thought provoking
155358,Camino,Action Adventure Thriller,2016.0,,camino action adventure thriller
155509,Mr. Right,Action Comedy Romance,2016.0,,mr right action comedy romance
155589,Noin 7 veljestä,,1968.0,,noin 7 veljest
155659,Florence Foster Jenkins,Comedy Drama,2016.0,,florence foster jenkins comedy drama
155743,My Big Fat Greek Wedding 2,Comedy,2016.0,,my big fat greek wedding 2 comedy
155774,Neon Bull,Adventure,2015.0,,neon bull adventure
155812,Get a Job,Comedy,2016.0,,get a job comedy
155820,Keanu,Comedy,2016.0,,keanu comedy
155892,Me Him Her,Comedy,2015.0,,me him her comedy
156025,Ice Age: The Great Egg-Scapade,Adventure Animation Children Comedy,2016.0,,ice age the great egg scapade adventure animation children comedy
156371,Everybody Wants Some,Comedy,2016.0,80's,everybody wants some comedy 80 s
156387,Sing Street,Drama,2016.0,,sing street drama
156553,Zoom,Animation Comedy Drama,2015.0,,zoom animation comedy drama
156605,Paterson,,,quirky sweet understated,paterson quirky sweet understated
156607,The Huntsman Winter's War,Action Adventure Drama Fantasy,2016.0,,the huntsman winter s war action adventure drama fantasy
156609,Neighbors 2: Sorority Rising,Comedy,2016.0,,neighbors 2 sorority rising comedy
156675,Project X,Mystery Sci-Fi,1968.0,,project x mystery sci fi
156706,The Trust,Crime Thriller,2016.0,,the trust crime thriller
156726,Hush,Thriller,2016.0,,hush thriller
156781,Jimmy Carr: Telling Jokes,Comedy,2009.0,,jimmy carr telling jokes comedy
156783,Jimmy Carr: Making People Laugh,Comedy,2010.0,,jimmy carr making people laugh comedy
157108,Texas - Doc Snyder hält die Welt in Atem,Comedy Western,1993.0,,texas doc snyder h lt die welt in atem comedy western
157110,00 Schneider - Jagd auf Nihil Baxter,Comedy Crime,1994.0,,00 schneider jagd auf nihil baxter comedy crime
157122,The Man Who Knew Infinity,Drama,2016.0,,the man who knew infinity drama
157130,Despite the Falling Snow,Drama Romance Thriller,2016.0,,despite the falling snow drama romance thriller
157172,Wizards of the Lost Kingdom II,Action Fantasy,1989.0,,wizards of the lost kingdom ii action fantasy
157200,Money Monster,Drama Thriller,2016.0,,money monster drama thriller
157270,Barbershop: The Next Cut,Comedy,2016.0,,barbershop the next cut comedy
157296,Finding Dory,Adventure Animation Comedy,2016.0,,finding dory adventure animation comedy
157312,The Boss,Comedy,2016.0,,the boss comedy
157340,The Angry Birds Movie,Animation Comedy,2016.0,,the angry birds movie animation comedy
157369,Bakuman,Comedy Drama,2015.0,,bakuman comedy drama
157407,I Am Wrath,Action Crime Drama Thriller,2016.0,,i am wrath action crime drama thriller
157432,Precious Cargo,Action Crime,2016.0,,precious cargo action crime
157699,Snowden,Drama Thriller,2016.0,,snowden drama thriller
157775,Tenchi Muyô! In Love,Animation Comedy,1996.0,,tenchi muy in love animation comedy
157865,Ratchet & Clank,Action Adventure Animation Children Comedy Sci-Fi,2016.0,,ratchet clank action adventure animation children comedy sci fi
158022,Kicking Off,Comedy,2016.0,,kicking off comedy
158027,SORI: Voice from the Heart,Drama Sci-Fi,2016.0,,sori voice from the heart drama sci fi
158035,Gintama: The Final Chapter - Be Forever Yorozuya,Action Animation Comedy,2013.0,,gintama the final chapter be forever yorozuya action animation comedy
158238,The Nice Guys,Crime Mystery Thriller,2016.0,,the nice guys crime mystery thriller
158254,Kindergarten Cop 2,Action Comedy,2016.0,,kindergarten cop 2 action comedy
158388,Buck Rogers in the 25th Century,Sci-Fi,1979.0,,buck rogers in the 25th century sci fi
158398,World of Glory,Comedy,1991.0,,world of glory comedy
158402,The Crew,Action,2016.0,,the crew action
158528,The Shallows,Drama Thriller,2016.0,,the shallows drama thriller
158721,Gen-X Cops,Action Comedy Thriller,1999.0,,gen x cops action comedy thriller
158783,The Handmaiden,Drama Romance Thriller,2016.0,,the handmaiden drama romance thriller
158813,Alice Through the Looking Glass,Adventure Children Fantasy,2016.0,,alice through the looking glass adventure children fantasy
158830,The BFG,Children Fantasy,2016.0,,the bfg children fantasy
158842,My Scientology Movie,Documentary,2016.0,,my scientology movie documentary
158872,Sausage Party,Animation Comedy,2016.0,crude humor mindfuck sarcasm satire vulgar,sausage party animation comedy crude humor mindfuck sarcasm satire vulgar
158874,Karate Bullfighter,Action Drama,1975.0,,karate bullfighter action drama
158882,All Yours,Comedy Drama Romance,2016.0,,all yours comedy drama romance
158956,Kill Command,Action Horror Sci-Fi,2016.0,,kill command action horror sci fi
158966,Captain Fantastic,Drama,2016.0,building a family creative freedom good writing individualism viggo mortensen,captain fantastic drama building a family creative freedom good writing individualism viggo mortensen
158972,Toni Erdmann,Drama,2016.0,,toni erdmann drama
159061,The Wailing,Mystery Thriller,2016.0,,the wailing mystery thriller
159069,Comedy of the Strict Regime,Comedy,1993.0,,comedy of the strict regime comedy
159077,The Meddler,Comedy Drama,2016.0,,the meddler comedy drama
159093,Now You See Me 2,Action Comedy Thriller,2016.0,,now you see me 2 action comedy thriller
159161,Ali Wong: Baby Cobra,,2016.0,,ali wong baby cobra
159193,Café Society,Comedy Drama Romance,2016.0,,caf society comedy drama romance
159403,Neo Tokyo,Adventure Animation Fantasy Horror Sci-Fi,1987.0,,neo tokyo adventure animation fantasy horror sci fi
159415,Swiss Army Man,Comedy Drama Romance,2016.0,,swiss army man comedy drama romance
159441,The Do-Over,Comedy,2016.0,,the do over comedy
159510,Death Smiles on a Murderer,Horror,1973.0,,death smiles on a murderer horror
159690,Teenage Mutant Ninja Turtles: Out of the Shadows,Action Adventure Comedy,2016.0,,teenage mutant ninja turtles out of the shadows action adventure comedy
159717,The Fundamentals of Caring,Drama,2016.0,,the fundamentals of caring drama
159755,Popstar: Never Stop Never Stopping,Comedy,2016.0,,popstar never stop never stopping comedy
159779,A Midsummer Night's Dream,,2016.0,,a midsummer night s dream
159811,The Bremen Town Musicians,Animation Drama Fantasy,1969.0,,the bremen town musicians animation drama fantasy
159817,Planet Earth,Documentary,2006.0,,planet earth documentary
159849,Bo Burnham: Make Happy,Comedy,2016.0,,bo burnham make happy comedy
159858,The Conjuring 2,Horror,2016.0,,the conjuring 2 horror
159976,Pelé: Birth of a Legend,Drama,2016.0,,pel birth of a legend drama
160080,Ghostbusters,Action Comedy Horror Sci-Fi,2016.0,,ghostbusters action comedy horror sci fi
160271,Central Intelligence,Action Comedy,2016.0,,central intelligence action comedy
160289,O.J.: Made in America,Documentary,2016.0,,o j made in america documentary
160341,Bloodmoon,Action Thriller,1997.0,,bloodmoon action thriller
160400,Genius,Drama,2016.0,,genius drama
160422,The Wooden Horse,Drama War,1950.0,,the wooden horse drama war
160438,Jason Bourne,Action,2016.0,,jason bourne action
160440,The Maid's Room,Thriller,2014.0,,the maid s room thriller
160527,Sympathy for the Underdog,Action Crime Drama,1971.0,,sympathy for the underdog action crime drama
160563,The Legend of Tarzan,Action Adventure,2016.0,,the legend of tarzan action adventure
160565,The Purge: Election Year,Action Horror Sci-Fi,2016.0,,the purge election year action horror sci fi
160567,Mike & Dave Need Wedding Dates,Comedy,2016.0,,mike dave need wedding dates comedy
160569,Ice Age: Collision Course,Adventure Animation Children Comedy,2016.0,,ice age collision course adventure animation children comedy
160571,Lights Out,Horror,2016.0,,lights out horror
160573,Pete's Dragon,Adventure Children Fantasy,2016.0,,pete s dragon adventure children fantasy
160644,Indignation,Drama,2016.0,,indignation drama
160646,Goat,Drama,2016.0,,goat drama
160684,Marauders,Action,2016.0,,marauders action
160718,Piper,Animation,2016.0,,piper animation
160730,The Adderall Diaries,Action Drama Thriller,2015.0,,the adderall diaries action drama thriller
160836,Hazard,Action Drama Thriller,2005.0,,hazard action drama thriller
160848,The Red Turtle,Animation,2016.0,,the red turtle animation
160872,Satanic,Horror,2016.0,,satanic horror
160954,Nerve,Drama Thriller,2016.0,,nerve drama thriller
160978,Hellevator,Horror Sci-Fi,2004.0,,hellevator horror sci fi
160980,Sully,Drama,2016.0,,sully drama
161008,The Forbidden Dance,,1990.0,,the forbidden dance
161024,Jim Jefferies: Freedumb,Comedy,2016.0,,jim jefferies freedumb comedy
161032,The Grandmother,Action Drama,1970.0,,the grandmother action drama
161044,Webmaster,Sci-Fi,1998.0,,webmaster sci fi
161127,The Infiltrator,Crime Drama,2016.0,,the infiltrator crime drama
161131,War Dogs,Comedy,2016.0,,war dogs comedy
161290,Vigilante Diaries,Action,2016.0,,vigilante diaries action
161354,Batman: The Killing Joke,Action Animation Crime Drama,2016.0,,batman the killing joke action animation crime drama
161580,Bad Moms,Comedy,2016.0,,bad moms comedy
161582,Hell or High Water,Crime Drama,2016.0,,hell or high water crime drama
161594,Kingsglaive: Final Fantasy XV,Action Adventure Animation Drama Fantasy Sci-Fi,2016.0,,kingsglaive final fantasy xv action adventure animation drama fantasy sci fi
161634,Don't Breathe,Thriller,2016.0,intense,don t breathe thriller intense
161830,Body,Drama Horror Thriller,2015.0,,body drama horror thriller
161918,Sharknado 4: The 4th Awakens,Action Adventure Horror Sci-Fi,2016.0,,sharknado 4 the 4th awakens action adventure horror sci fi
161922,The Edge of Seventeen,Comedy,2016.0,,the edge of seventeen comedy
161966,Elle,Thriller,2016.0,,elle thriller
162082,Train to Busan,Action Thriller,2016.0,,train to busan action thriller
162344,Tom Segura: Mostly Stories,Comedy,2016.0,,tom segura mostly stories comedy
162350,The Magnificent Seven,Action Western,2016.0,,the magnificent seven action western
162414,Moonlight,Drama,,,moonlight drama
162478,Masterminds,Action Comedy Crime,2016.0,,masterminds action comedy crime
162578,Kubo and the Two Strings,Adventure Animation Children Fantasy,2016.0,,kubo and the two strings adventure animation children fantasy
162590,Bridget Jones's Baby,Comedy Romance,2016.0,,bridget jones s baby comedy romance
162598,Deepwater Horizon,Drama,2016.0,,deepwater horizon drama
162600,Miss Peregrine's Home for Peculiar Children,Fantasy,2016.0,,miss peregrine s home for peculiar children fantasy
162602,The Girl on the Train,Thriller,2016.0,,the girl on the train thriller
162606,The Accountant,Crime Drama Thriller,2016.0,,the accountant crime drama thriller
162828,Imperium,Crime Drama Thriller,2016.0,,imperium crime drama thriller
162968,Kizumonogatari Part 1: Tekketsu,Action Animation Mystery,2016.0,,kizumonogatari part 1 tekketsu action animation mystery
162982,Steins;Gate the Movie: The Burden of Déjà vu,Animation Drama Sci-Fi,2013.0,,steins gate the movie the burden of d j vu animation drama sci fi
163056,Shin Godzilla,Action Adventure Fantasy Sci-Fi,2016.0,,shin godzilla action adventure fantasy sci fi
163072,Winnie Pooh,Animation Children,1969.0,,winnie pooh animation children
163112,Winnie the Pooh Goes Visiting,Animation,1971.0,,winnie the pooh goes visiting animation
163134,Your Name.,Animation Drama Fantasy Romance,2016.0,,your name animation drama fantasy romance
163386,Winnie the Pooh and the Day of Concern,Animation,1972.0,,winnie the pooh and the day of concern animation
163527,Comedy Central Roast of David Hasselhoff,Comedy,2010.0,,comedy central roast of david hasselhoff comedy
163639,DC Super Hero Girls: Hero of the Year,Animation,2016.0,,dc super hero girls hero of the year animation
163645,Hacksaw Ridge,Drama War,2016.0,,hacksaw ridge drama war
163653,David Cross: Making America Great Again,Comedy,2016.0,,david cross making america great again comedy
163809,Over the Garden Wall,Adventure Animation Drama,2013.0,,over the garden wall adventure animation drama
163925,"Wings, Legs and Tails",Animation Comedy,1986.0,,wings legs and tails animation comedy
163937,Blair Witch,Horror Thriller,2016.0,,blair witch horror thriller
163981,31,Horror,2016.0,,31 horror
163985,ARQ,Sci-Fi Thriller,2016.0,,arq sci fi thriller
164179,Arrival,Sci-Fi,2016.0,beautiful visuals cerebral cinematography good cinematography smart thought-provoking visually appealing,arrival sci fi beautiful visuals cerebral cinematography good cinematography smart thought provoking visually appealing
164200,Storks,Animation Children Comedy,2016.0,,storks animation children comedy
164226,Maximum Ride,Action Adventure Comedy Fantasy Sci-Fi Thriller,2016.0,,maximum ride action adventure comedy fantasy sci fi thriller
164280,Endless Poetry,Drama Fantasy,2016.0,,endless poetry drama fantasy
164367,The Girl with All the Gifts,Drama Horror Sci-Fi Thriller,2016.0,,the girl with all the gifts drama horror sci fi thriller
164375,All Roads Lead to Rome,Comedy,2016.0,,all roads lead to rome comedy
164540,Amanda Knox,Documentary,2016.0,,amanda knox documentary
164647,Dirty 30,Comedy Romance,2016.0,,dirty 30 comedy romance
164655,Gimme Danger,Documentary,2016.0,,gimme danger documentary
164707,Go Figure,Children Comedy Drama,2005.0,,go figure children comedy drama
164753,Anything for Love,Romance,2016.0,,anything for love romance
164881,Night Guards,Action Sci-Fi,2016.0,,night guards action sci fi
164909,La La Land,Comedy Drama Romance,2016.0,bittersweet visually appealing,la la land comedy drama romance bittersweet visually appealing
164917,13th,Documentary,2016.0,,13th documentary
165075,London Town,Drama,2016.0,,london town drama
165101,Inferno,Mystery Thriller,2016.0,,inferno mystery thriller
165103,Keeping Up with the Joneses,Comedy,2016.0,,keeping up with the joneses comedy
165139,Wild Oats,Comedy,2016.0,,wild oats comedy
165343,The Rocky Horror Picture Show: Let's Do the Time Warp Again,Comedy Horror Sci-Fi Thriller,2016.0,,the rocky horror picture show let s do the time warp again comedy horror sci fi thriller
165347,Jack Reacher: Never Go Back,Action Crime Drama Mystery Thriller,2016.0,,jack reacher never go back action crime drama mystery thriller
165483,Joe Rogan: Triggered,Comedy,2016.0,,joe rogan triggered comedy
165489,Ethel & Ernest,,2016.0,,ethel ernest
165529,Flowers for Algernon,Drama,2000.0,,flowers for algernon drama
165549,Manchester by the Sea,Drama,2016.0,,manchester by the sea drama
165551,Lion,Drama,2016.0,,lion drama
165635,The Thinning,Thriller,2016.0,,the thinning thriller
165639,While You Were Fighting: A Thor Mockumentary,Comedy Fantasy Sci-Fi,2016.0,,while you were fighting a thor mockumentary comedy fantasy sci fi
165645,Bad Santa 2,Comedy,2016.0,,bad santa 2 comedy
165671,Ice Guardians,Documentary,2016.0,,ice guardians documentary
165843,Risk,Documentary,2016.0,,risk documentary
165947,The True Memoirs of an International Assassin,Action Comedy,2016.0,,the true memoirs of an international assassin action comedy
165959,Alesha Popovich and Tugarin the Dragon,Animation Comedy Drama,2004.0,,alesha popovich and tugarin the dragon animation comedy drama
165969,HyperNormalisation,Documentary,2016.0,,hypernormalisation documentary
166015,The African Doctor,Comedy Drama,2016.0,,the african doctor comedy drama
166024,Whiplash,,2013.0,,whiplash
166183,Junior and Karlson,Adventure Animation Children,1968.0,,junior and karlson adventure animation children
166203,Sapphire Blue,Adventure Children Fantasy Sci-Fi,2014.0,,sapphire blue adventure children fantasy sci fi
166291,A Silent Voice,Animation Drama Romance,2016.0,,a silent voice animation drama romance
166461,Moana,Adventure Animation Children Comedy Fantasy,2016.0,,moana adventure animation children comedy fantasy
166492,Office Christmas Party,Comedy,2016.0,,office christmas party comedy
166526,The Space Between Us,Adventure Sci-Fi,2016.0,,the space between us adventure sci fi
166528,Rogue One: A Star Wars Story,Action Adventure Fantasy Sci-Fi,2016.0,,rogue one a star wars story action adventure fantasy sci fi
166534,Split,Drama Horror Thriller,2017.0,,split drama horror thriller
166558,Underworld: Blood Wars,Action Horror,2016.0,,underworld blood wars action horror
166568,Miss Sloane,Thriller,2016.0,,miss sloane thriller
166635,Passengers,Adventure Drama Romance Sci-Fi,2016.0,,passengers adventure drama romance sci fi
166643,Hidden Figures,Drama,2016.0,,hidden figures drama
166705,Fences,Drama,2016.0,,fences drama
166946,The Founder,Drama,2016.0,,the founder drama
167018,Why Him?,Comedy,2016.0,,why him comedy
167036,Sing,Animation Children Comedy,2016.0,,sing animation children comedy
167064,I Am Not Your Negro,Documentary,2017.0,,i am not your negro documentary
167296,Iron Man,Drama,1931.0,,iron man drama
167370,Assassin's Creed,Action Adventure Sci-Fi,2016.0,,assassin s creed action adventure sci fi
167380,A Dog's Purpose,Comedy Drama,2017.0,,a dog s purpose comedy drama
167538,Microwave Massacre,Horror,1983.0,,microwave massacre horror
167570,The OA,,,,the oa
167634,Fist Fight,Comedy,2017.0,,fist fight comedy
167706,Shakespeare Behind Bars,Documentary,2005.0,,shakespeare behind bars documentary
167732,A Street Cat Named Bob,Comedy Drama,2016.0,,a street cat named bob comedy drama
167746,The Lego Batman Movie,Action Animation Comedy,2017.0,funny heartwarming,the lego batman movie action animation comedy funny heartwarming
167772,The Spirit of Christmas,Animation Comedy,1995.0,,the spirit of christmas animation comedy
167790,The Good Boy,Children Comedy Drama,2016.0,,the good boy children comedy drama
167854,"Dana Carvey: Straight White Male, 60",Comedy,2016.0,,dana carvey straight white male 60 comedy
168026,Marvel One-Shot: Agent Carter,Action Adventure Fantasy Sci-Fi,2013.0,,marvel one shot agent carter action adventure fantasy sci fi
168090,Kizumonogatari II: Passionate Blood,Animation Fantasy Mystery,2016.0,,kizumonogatari ii passionate blood animation fantasy mystery
168144,Joe Rogan: Live,Comedy,2006.0,,joe rogan live comedy
168174,Jim Gaffigan: Cinco,Comedy,2017.0,,jim gaffigan cinco comedy
168218,Kizumonogatari III: Cold Blood,Animation Fantasy Mystery,2017.0,,kizumonogatari iii cold blood animation fantasy mystery
168248,John Wick: Chapter Two,Action Crime Thriller,2017.0,action dark hero gun tactics hitman keanu reeves organized crime secret society heroic bloodshed,john wick chapter two action crime thriller action dark hero gun tactics hitman keanu reeves organized crime secret society heroic bloodshed
168250,Get Out,Horror,2017.0,,get out horror
168252,Logan,Action Sci-Fi,2017.0,dark emotional gritty heartbreaking predictible plot,logan action sci fi dark emotional gritty heartbreaking predictible plot
168254,Kong: Skull Island,Action Adventure Fantasy,2017.0,,kong skull island action adventure fantasy
168266,T2: Trainspotting,Crime Drama,2017.0,,t2 trainspotting crime drama
168326,The Big Sick,Comedy Romance,2017.0,,the big sick comedy romance
168350,100 Streets,Drama,2016.0,,100 streets drama
168358,Saturn 3,Sci-Fi Thriller,1980.0,,saturn 3 sci fi thriller
168366,Beauty and the Beast,Fantasy Romance,2017.0,,beauty and the beast fantasy romance
168418,The Boss Baby,Animation Children Comedy,2017.0,,the boss baby animation children comedy
168456,Mercury Plains,Action Adventure Drama,2016.0,,mercury plains action adventure drama
168492,Call Me by Your Name,Drama Romance,2017.0,,call me by your name drama romance
168608,Mudbound,Drama,2017.0,,mudbound drama
168612,Ghost in the Shell,Action Drama Sci-Fi,2017.0,,ghost in the shell action drama sci fi
168632,Bill Burr: Walk Your Way Out,Comedy,2017.0,,bill burr walk your way out comedy
168712,Fifty Shades Darker,Drama Romance,2017.0,,fifty shades darker drama romance
168846,Neal Brennan: 3 Mics,Comedy,2017.0,,neal brennan 3 mics comedy
169034,Lemonade,,2016.0,,lemonade
169180,American Fable,Thriller,2017.0,,american fable thriller
169670,The Void,Horror,2016.0,,the void horror
169904,Guyver: Dark Hero,Sci-Fi,1994.0,,guyver dark hero sci fi
169912,Denis Leary: No Cure for Cancer,Comedy,1993.0,,denis leary no cure for cancer comedy
169958,Buster's Mal Heart,Drama Mystery,2017.0,,buster s mal heart drama mystery
169982,Power Rangers,Action Adventure Sci-Fi,2017.0,,power rangers action adventure sci fi
169984,Alien: Covenant,Action Horror Sci-Fi Thriller,2017.0,,alien covenant action horror sci fi thriller
169992,Free Fire,Action Crime Drama,2017.0,,free fire action crime drama
170289,Species III,Action Horror Sci-Fi,2004.0,,species iii action horror sci fi
170297,Ultimate Avengers 2,Action Animation Sci-Fi,2006.0,,ultimate avengers 2 action animation sci fi
170355,Mulholland Dr.,Drama Mystery Romance,1999.0,,mulholland dr drama mystery romance
170357,Dave Chappelle: The Age of Spin,Comedy,2017.0,,dave chappelle the age of spin comedy
170399,CHiPS,Action Comedy Drama,2017.0,,chips action comedy drama
170401,Table 19,Comedy Drama,2017.0,,table 19 comedy drama
170411,Dave Chappelle: Deep in the Heart of Texas,Comedy,2017.0,,dave chappelle deep in the heart of texas comedy
170551,The Quiet Family,Comedy,1998.0,,the quiet family comedy
170597,A Plasticine Crow,Animation,1981.0,,a plasticine crow animation
170697,Gifted,Drama,2017.0,,gifted drama
170705,Band of Brothers,Action Drama War,2001.0,,band of brothers action drama war
170777,There Once Was a Dog,Animation Children Comedy,1982.0,,there once was a dog animation children comedy
170813,Baywatch,Action Comedy,2017.0,,baywatch action comedy
170817,Snatched,Action Comedy,2017.0,,snatched action comedy
170827,The Mummy,Action Adventure Fantasy Horror Thriller,2017.0,,the mummy action adventure fantasy horror thriller
170837,Life-Size,Children Comedy Fantasy,2000.0,,life size children comedy fantasy
170875,The Fate of the Furious,Action Crime Drama Thriller,2017.0,,the fate of the furious action crime drama thriller
170897,Sandy Wexler,Comedy,2017.0,,sandy wexler comedy
170907,Betting on Zero,Documentary,2016.0,,betting on zero documentary
170937,Win It All,Comedy,2017.0,,win it all comedy
170939,Captain Underpants: The First Epic Movie,Action Animation Children Comedy,2017.0,,captain underpants the first epic movie action animation children comedy
170945,It Comes at Night,Horror Mystery Thriller,2017.0,paranoia suspenseful,it comes at night horror mystery thriller paranoia suspenseful
170957,Cars 3,Adventure Animation Comedy,2017.0,,cars 3 adventure animation comedy
170993,Mini's First Time,Comedy Crime Drama,2006.0,,mini s first time comedy crime drama
171011,Planet Earth II,Documentary,2016.0,,planet earth ii documentary
171023,The Hero,Drama,2017.0,,the hero drama
171251,"Nobody Speak: Hulk Hogan, Gawker and Trials of a Free Press",Documentary,2017.0,,nobody speak hulk hogan gawker and trials of a free press documentary
171495,Cosmos,,,,cosmos
171631,Maria Bamford: Old Baby,,,,maria bamford old baby
171695,Robin Williams: Live on Broadway,Comedy,2002.0,,robin williams live on broadway comedy
171701,The Death of Louis XIV,Drama,2016.0,,the death of louis xiv drama
171749,Death Note: Desu nôto (2006–2007),,,,death note desu n to 2006 2007
171751,Munna bhai M.B.B.S.,Comedy,2003.0,,munna bhai m b b s comedy
171759,The Beguiled,Drama Thriller Western,2017.0,,the beguiled drama thriller western
171763,Baby Driver,Action Crime Thriller,2017.0,,baby driver action crime thriller
171765,Okja,Action Adventure Drama Sci-Fi,2017.0,,okja action adventure drama sci fi
171811,Embassy,Comedy Sci-Fi War,2013.0,,embassy comedy sci fi war
171867,Rough Night,Comedy Drama,2017.0,,rough night comedy drama
171891,Generation Iron 2,,,,generation iron 2
171917,Mystère à la Tour Eiffel,Drama Mystery Thriller,2015.0,,myst re la tour eiffel drama mystery thriller
172013,Stefan Zweig: Farewell to Europe,Drama,2016.0,,stefan zweig farewell to europe drama
172215,Saved by the Bell: Hawaiian Style,Comedy,1992.0,,saved by the bell hawaiian style comedy
172229,Plain Clothes,Comedy Mystery Romance Thriller,1988.0,,plain clothes comedy mystery romance thriller
172233,The Prime Gig,Drama Romance,2000.0,,the prime gig drama romance
172253,The Night Before,Comedy,1988.0,,the night before comedy
172321,Late Night with Conan O'Brien: The Best of Triumph the Insult Comic Dog,Comedy,2004.0,,late night with conan o brien the best of triumph the insult comic dog comedy
172461,Get Me Roger Stone,Documentary,2017.0,,get me roger stone documentary
172497,T2 3-D: Battle Across Time,,1996.0,,t2 3 d battle across time
172547,Despicable Me 3,Adventure Animation Children Comedy,2017.0,,despicable me 3 adventure animation children comedy
172577,Last Year's Snow Was Falling,Animation Children Comedy Fantasy,1983.0,,last year s snow was falling animation children comedy fantasy
172583,Investigation Held by Kolobki,Animation,1986.0,,investigation held by kolobki animation
172585,Karlson Returns,Adventure Animation Children,1970.0,,karlson returns adventure animation children
172587,Vacations in Prostokvashino,Animation,1980.0,,vacations in prostokvashino animation
172589,Winter in Prostokvashino,Animation,1984.0,,winter in prostokvashino animation
172591,The Godfather Trilogy: 1972-1990,,1992.0,,the godfather trilogy 1972 1990
172637,Priklyucheniya Kapitana Vrungelya,Action Adventure Animation Comedy,1979.0,,priklyucheniya kapitana vrungelya action adventure animation comedy
172705,Tickling Giants,Documentary,2017.0,,tickling giants documentary
172793,Vovka in the Kingdom of Far Far Away,Adventure Animation Children Fantasy,1965.0,,vovka in the kingdom of far far away adventure animation children fantasy
172825,Adventures of Mowgli: The Kidnapping,Adventure Animation Children,1968.0,,adventures of mowgli the kidnapping adventure animation children
172875,A Detective Story,Animation Sci-Fi,2003.0,,a detective story animation sci fi
172881,Final Flight of the Osiris,Action Animation Sci-Fi,2003.0,,final flight of the osiris action animation sci fi
172887,Kid's Story,Animation Sci-Fi,2003.0,,kid s story animation sci fi
172909,Cheburashka,Animation,1971.0,,cheburashka animation
173145,War for the Planet of the Apes,Action Adventure Drama Sci-Fi,2017.0,,war for the planet of the apes action adventure drama sci fi
173197,The Square,Drama,2017.0,,the square drama
173205,The Meyerowitz Stories,Comedy,2017.0,,the meyerowitz stories comedy
173209,War Machine,Comedy Drama War,2017.0,,war machine comedy drama war
173235,Tokyo Idols,Documentary,2017.0,,tokyo idols documentary
173253,Vir Das: Abroad Understanding,Comedy,2017.0,,vir das abroad understanding comedy
173255,"Norm Macdonald: Hitler's Dog, Gossip & Trickery",Comedy,2017.0,,norm macdonald hitler s dog gossip trickery comedy
173291,Valerian and the City of a Thousand Planets,Action Adventure Sci-Fi,2017.0,,valerian and the city of a thousand planets action adventure sci fi
173307,The Gracefield Incident,Action Horror Sci-Fi,2015.0,,the gracefield incident action horror sci fi
173317,Shadow World,Documentary,2016.0,,shadow world documentary
173351,Wow! A Talking Fish!,Animation Children Comedy Fantasy,1983.0,,wow a talking fish animation children comedy fantasy
173355,Travels of an Ant,Animation,1983.0,,travels of an ant animation
173535,The Adventures of Sherlock Holmes and Doctor Watson: The Hunt for the Tiger,,1980.0,,the adventures of sherlock holmes and doctor watson the hunt for the tiger
173619,Fugitives,Comedy Crime,1986.0,,fugitives comedy crime
173751,Tiger Raid,Thriller,2016.0,,tiger raid thriller
173873,Gulliver's Travels,Adventure Children Fantasy,1996.0,,gulliver s travels adventure children fantasy
173925,Seven Sisters,Sci-Fi Thriller,2017.0,,seven sisters sci fi thriller
173941,Atomic Blonde,Thriller,2017.0,,atomic blonde thriller
173963,Empties,Comedy,2007.0,,empties comedy
174045,Goon: Last of the Enforcers,Comedy,2017.0,,goon last of the enforcers comedy
174053,Black Mirror: White Christmas,Drama Horror Mystery Sci-Fi Thriller,2014.0,dystopia future interesting jon hamm thought provoking,black mirror white christmas drama horror mystery sci fi thriller dystopia future interesting jon hamm thought provoking
174055,Dunkirk,Action Drama Thriller War,2017.0,brilliant inspiring tense,dunkirk action drama thriller war brilliant inspiring tense
174141,Belladonna of Sadness,Animation Drama Fantasy,1973.0,,belladonna of sadness animation drama fantasy
174403,The Putin Interviews,,2017.0,,the putin interviews
174479,Unedited Footage of a Bear,Horror Thriller,2014.0,,unedited footage of a bear horror thriller
174551,Obsession,Comedy,1965.0,,obsession comedy
174681,"Oh, Hello: On Broadway",Comedy,2017.0,,oh hello on broadway comedy
174727,Good Time,Crime Drama,2017.0,,good time crime drama
174737,Don Camillo in Moscow,Comedy,1965.0,,don camillo in moscow comedy
174815,The House,Comedy,2017.0,,the house comedy
174909,Logan Lucky,Comedy,2017.0,,logan lucky comedy
175197,The Dark Tower,Fantasy Horror Sci-Fi Western,2017.0,,the dark tower fantasy horror sci fi western
175199,Annabelle: Creation,Horror,2017.0,,annabelle creation horror
175293,Gena the Crocodile,Animation Children,1969.0,,gena the crocodile animation children
175303,It,Horror,2017.0,,it horror
175387,On the Trail of the Bremen Town Musicians,Adventure Animation Children,1973.0,,on the trail of the bremen town musicians adventure animation children
175397,"In the blue sea, in the white foam.",Animation Children Fantasy,1984.0,,in the blue sea in the white foam animation children fantasy
175401,Wolf and Calf,Animation,1984.0,,wolf and calf animation
175431,Bobik Visiting Barbos,Animation Comedy,1977.0,,bobik visiting barbos animation comedy
175435,The Magic Ring,Animation Fantasy,1982.0,,the magic ring animation fantasy
175475,The Emoji Movie,Animation Children Comedy,2017.0,,the emoji movie animation children comedy
175485,Death Note,Horror Thriller,2017.0,,death note horror thriller
175569,Wind River,Action Crime Mystery Thriller,2017.0,,wind river action crime mystery thriller
175577,Rory Scovel Tries Stand-Up for the First Time,Comedy,2017.0,,rory scovel tries stand up for the first time comedy
175585,Shot Caller,Action Crime Drama Thriller,2017.0,,shot caller action crime drama thriller
175661,The Hitman's Bodyguard,Action Comedy,2017.0,,the hitman s bodyguard action comedy
175693,Rick and Morty: State of Georgia Vs. Denver Fenton Allen,Comedy Crime,2016.0,,rick and morty state of georgia vs denver fenton allen comedy crime
175705,Themroc,Comedy Horror,1973.0,,themroc comedy horror
175707,A German Life,Documentary,2016.0,,a german life documentary
175743,Self-criticism of a Bourgeois Dog,Comedy,2017.0,,self criticism of a bourgeois dog comedy
175781,Der Herr Karl,Comedy,1961.0,,der herr karl comedy
176051,LEGO DC Super Hero Girls: Brain Drain,Animation,2017.0,,lego dc super hero girls brain drain animation
176101,Kingsman: The Golden Circle,Action Adventure Comedy,2017.0,,kingsman the golden circle action adventure comedy
176329,Ari Shaffir: Double Negative,Comedy,2017.0,,ari shaffir double negative comedy
176371,Blade Runner 2049,Sci-Fi,2017.0,atmospheric beautiful cinematography dark dreamlike existentialism moody philosophical,blade runner 2049 sci fi atmospheric beautiful cinematography dark dreamlike existentialism moody philosophical
176389,The Nut Job 2: Nutty by Nature,Adventure Animation Children Comedy,2017.0,,the nut job 2 nutty by nature adventure animation children comedy
176413,Bliss,Drama,2012.0,,bliss drama
176415,Alles Inklusive,Comedy Drama,2014.0,,alles inklusive comedy drama
176419,Mother!,Drama Horror Mystery Thriller,2017.0,allegorical uncomfortable unsettling,mother drama horror mystery thriller allegorical uncomfortable unsettling
176423,Icarus,Documentary,2017.0,,icarus documentary
176579,Cage Dive,Drama Horror Thriller,2017.0,,cage dive drama horror thriller
176601,Black Mirror,,,,black mirror
176621,Boniface's Holiday,Animation Children Comedy Romance,1965.0,,boniface s holiday animation children comedy romance
176751,American Made,Crime Thriller,2017.0,,american made crime thriller
176805,Little Boxes,Comedy Drama,2017.0,,little boxes comedy drama
176935,Geostorm,Action,2017.0,,geostorm action
177185,Maz Jobrani: Immigrant,Comedy,2017.0,,maz jobrani immigrant comedy
177285,Sword Art Online The Movie: Ordinal Scale,Action Adventure Animation Fantasy Sci-Fi,2017.0,,sword art online the movie ordinal scale action adventure animation fantasy sci fi
177593,"Three Billboards Outside Ebbing, Missouri",Crime Drama,2017.0,,three billboards outside ebbing missouri crime drama
177615,Lady Bird,Comedy,2017.0,,lady bird comedy
177763,Murder on the Orient Express,Crime Drama Mystery,2017.0,,murder on the orient express crime drama mystery
177765,Coco,Adventure Animation Children,2017.0,,coco adventure animation children
177939,"The Night Is Short, Walk on Girl",Animation Romance,2017.0,,the night is short walk on girl animation romance
178061,"I, Tonya",Drama,2017.0,,i tonya drama
178111,"Fireworks, Should We See It from the Side or the Bottom?",Animation,2017.0,,fireworks should we see it from the side or the bottom animation
178129,Adventures in Plymptoons!,Documentary,2011.0,,adventures in plymptoons documentary
178323,Gaga: Five Foot Two,Documentary,2017.0,,gaga five foot two documentary
178613,Dave Chappelle: Killin' Them Softly,Comedy,2000.0,,dave chappelle killin them softly comedy
178615,Front Cover,Comedy Drama Romance,2016.0,,front cover comedy drama romance
178827,Paddington 2,Adventure Animation Children Comedy,2017.0,,paddington 2 adventure animation children comedy
179053,2048: Nowhere to Run,Sci-Fi Thriller,2017.0,,2048 nowhere to run sci fi thriller
179073,Male Hunt,Comedy,1964.0,,male hunt comedy
179119,The Death of Stalin,Comedy,2017.0,,the death of stalin comedy
179133,Loving Vincent,Animation Crime Drama,2017.0,,loving vincent animation crime drama
179135,Blue Planet II,Documentary,2017.0,,blue planet ii documentary
179211,Christina P: Mother Inferior,Comedy,2017.0,,christina p mother inferior comedy
179401,Jumanji: Welcome to the Jungle,Action Adventure Children,2017.0,action comedy dwayne johnson funny,jumanji welcome to the jungle action adventure children action comedy dwayne johnson funny
179427,Dane Cook: Troublemaker,Comedy,2014.0,,dane cook troublemaker comedy
179491,Mayhem,Action Horror,2017.0,,mayhem action horror
179511,Emerald Green,Adventure Drama Fantasy Romance,2016.0,,emerald green adventure drama fantasy romance
179709,Wonder Wheel,Drama,2017.0,,wonder wheel drama
179749,Creep 2,Comedy Horror,2017.0,,creep 2 comedy horror
179813,LBJ,Drama,2017.0,,lbj drama
179815,"Roman J. Israel, Esq.",Drama Thriller,2017.0,,roman j israel esq drama thriller
179817,Darkest Hour,Drama War,2017.0,,darkest hour drama war
179819,Star Wars: The Last Jedi,Action Adventure Fantasy Sci-Fi,2017.0,,star wars the last jedi action adventure fantasy sci fi
179953,A Bad Moms Christmas,Comedy,2017.0,,a bad moms christmas comedy
180031,The Shape of Water,Adventure Drama Fantasy,2017.0,atmospheric dreamlike,the shape of water adventure drama fantasy atmospheric dreamlike
180045,Molly's Game,Drama,2017.0,,molly s game drama
180095,Wonder,Drama,2017.0,,wonder drama
180231,Daddy's Home 2,Comedy Drama,2017.0,,daddy s home 2 comedy drama
180263,The Shining,Drama Horror Thriller,1997.0,,the shining drama horror thriller
180265,Jim & Andy: The Great Beyond,Documentary,2017.0,,jim andy the great beyond documentary
180297,The Disaster Artist,Comedy Drama,2017.0,,the disaster artist comedy drama
180497,The Post,Drama Thriller,2017.0,,the post drama thriller
180777,Die Frauen von Ravensbrück,Documentary,2005.0,,die frauen von ravensbr ck documentary
180985,The Greatest Showman,Drama,2017.0,bad music,the greatest showman drama bad music
180987,Ferdinand,Animation Children Comedy,2017.0,,ferdinand animation children comedy
181065,Jack Whitehall: At Large,Comedy,2017.0,,jack whitehall at large comedy
181139,Lynne Koplitz: Hormonal Beast,Comedy,2017.0,,lynne koplitz hormonal beast comedy
181315,Phantom Thread,Drama Romance,2017.0,,phantom thread drama romance
181413,Too Funny to Fail: The Life and Death of The Dana Carvey Show,,2017.0,,too funny to fail the life and death of the dana carvey show
181659,Craig Ferguson: Tickle Fight,Comedy,2017.0,,craig ferguson tickle fight comedy
181719,Serving in Silence: The Margarethe Cammermeyer Story,,1995.0,,serving in silence the margarethe cammermeyer story
182293,Hare-um Scare-um,Animation Children Comedy,1939.0,,hare um scare um animation children comedy
182297,Porky in Wackyland,Animation Comedy Fantasy,1938.0,,porky in wackyland animation comedy fantasy
182299,Porky's Hare Hunt,Animation Children Comedy,1938.0,,porky s hare hunt animation children comedy
182639,The Second Renaissance Part II,Animation Sci-Fi,2003.0,,the second renaissance part ii animation sci fi
182715,Annihilation,Adventure Mystery Sci-Fi Thriller,2018.0,,annihilation adventure mystery sci fi thriller
182727,A Christmas Story Live!,,2017.0,,a christmas story live
182731,Pixel Perfect,Children Comedy Sci-Fi,2004.0,,pixel perfect children comedy sci fi
182749,Judd Apatow: The Return,Comedy,2017.0,,judd apatow the return comedy
182793,The Purple Sea,Drama,2009.0,,the purple sea drama
182823,Bright,Action Crime Fantasy,2017.0,,bright action crime fantasy
183011,The Commuter,Crime Drama Mystery Thriller,2018.0,,the commuter crime drama mystery thriller
183197,Dave Chappelle: Equanimity,Comedy,2017.0,,dave chappelle equanimity comedy
183199,Quest,Documentary,2017.0,,quest documentary
183227,Dave Chappelle: The Bird Revelation,Comedy,2017.0,,dave chappelle the bird revelation comedy
183295,Insidious: The Last Key,Horror Mystery Thriller,2018.0,,insidious the last key horror mystery thriller
183301,The Tale of the Bunny Picnic,Children,1986.0,,the tale of the bunny picnic children
183317,Patti Rocks,Comedy Drama,1988.0,,patti rocks comedy drama
183611,Game Night,Action Comedy Crime Horror,2018.0,comedy funny rachel mcadams,game night action comedy crime horror comedy funny rachel mcadams
183635,Maze Runner: The Death Cure,Action Mystery Sci-Fi Thriller,2018.0,,maze runner the death cure action mystery sci fi thriller
183897,Isle of Dogs,Animation Comedy,2018.0,,isle of dogs animation comedy
183911,The Clapper,Comedy,2018.0,,the clapper comedy
183959,Tom Segura: Disgraceful,Comedy,2018.0,,tom segura disgraceful comedy
184015,When We First Met,Comedy,2018.0,,when we first met comedy
184053,Battle Planet,Action Sci-Fi,2008.0,,battle planet action sci fi
184245,De platte jungle,Documentary,1978.0,,de platte jungle documentary
184253,The Cloverfield Paradox,Horror Mystery Sci-Fi Thriller,2018.0,,the cloverfield paradox horror mystery sci fi thriller
184257,Making a Murderer,Crime Documentary,2015.0,,making a murderer crime documentary
184349,Elsa & Fred,Comedy Drama Romance,2005.0,,elsa fred comedy drama romance
184471,Tomb Raider,Action Adventure Fantasy,2018.0,adventure alicia vikander video game adaptation,tomb raider action adventure fantasy adventure alicia vikander video game adaptation
184641,Fullmetal Alchemist 2018,Action Adventure Fantasy,2017.0,,fullmetal alchemist 2018 action adventure fantasy
184721,First Reformed,Drama Thriller,2017.0,,first reformed drama thriller
184791,Fred Armisen: Standup for Drummers,Comedy,2018.0,,fred armisen standup for drummers comedy
184931,Death Wish,Action Crime Drama Thriller,2018.0,,death wish action crime drama thriller
184987,A Wrinkle in Time,Adventure Children Fantasy Sci-Fi,2018.0,,a wrinkle in time adventure children fantasy sci fi
184997,"Love, Simon",Comedy Drama,2018.0,,love simon comedy drama
185029,A Quiet Place,Drama Horror Thriller,2018.0,,a quiet place drama horror thriller
185031,Alpha,Adventure Thriller,2018.0,,alpha adventure thriller
185033,I Kill Giants,Drama Fantasy Thriller,2018.0,,i kill giants drama fantasy thriller
185135,Sherlock - A Study in Pink,Crime,2010.0,,sherlock a study in pink crime
185435,"Game Over, Man!",Action Comedy,2018.0,,game over man action comedy
185473,Blockers,Comedy,2018.0,,blockers comedy
185585,Pacific Rim: Uprising,Action Fantasy Sci-Fi,2018.0,,pacific rim uprising action fantasy sci fi
186587,Rampage,Action Adventure Sci-Fi,2018.0,,rampage action adventure sci fi
187031,Jurassic World: Fallen Kingdom,Action Adventure Drama Sci-Fi Thriller,2018.0,,jurassic world fallen kingdom action adventure drama sci fi thriller
187541,Incredibles 2,Action Adventure Animation Children,2018.0,,incredibles 2 action adventure animation children
187593,Deadpool 2,Action Comedy Sci-Fi,2018.0,josh brolin ryan reynolds sarcasm,deadpool 2 action comedy sci fi josh brolin ryan reynolds sarcasm
187595,Solo: A Star Wars Story,Action Adventure Children Sci-Fi,2018.0,emilia clarke star wars,solo a star wars story action adventure children sci fi emilia clarke star wars
187717,Won't You Be My Neighbor?,Documentary,2018.0,,won t you be my neighbor documentary
188189,Sorry to Bother You,Comedy Fantasy Sci-Fi,2018.0,,sorry to bother you comedy fantasy sci fi
188301,Ant-Man and the Wasp,Action Adventure Comedy Fantasy Sci-Fi,2018.0,,ant man and the wasp action adventure comedy fantasy sci fi
188675,Dogman,Crime Drama,2018.0,,dogman crime drama
188751,Mamma Mia: Here We Go Again!,Comedy Romance,2018.0,,mamma mia here we go again comedy romance
188797,Tag,Comedy,2018.0,,tag comedy
188833,The Man Who Killed Don Quixote,Adventure Comedy Fantasy,2018.0,,the man who killed don quixote adventure comedy fantasy
189043,Boundaries,Comedy Drama,2018.0,,boundaries comedy drama
189111,Spiral,Documentary,2018.0,,spiral documentary
189333,Mission: Impossible - Fallout,Action Adventure Thriller,2018.0,,mission impossible fallout action adventure thriller
189381,SuperFly,Action Crime Thriller,2018.0,,superfly action crime thriller
189547,Iron Soldier,Action Sci-Fi,2010.0,,iron soldier action sci fi
189713,BlacKkKlansman,Comedy Crime Drama,2018.0,,blackkklansman comedy crime drama
190183,The Darkest Minds,Sci-Fi Thriller,2018.0,,the darkest minds sci fi thriller
190207,Tilt,Drama Romance,2011.0,,tilt drama romance
190209,Jeff Ross Roasts the Border,Comedy,2017.0,,jeff ross roasts the border comedy
190213,John From,Drama,2015.0,,john from drama
190215,Liquid Truth,Drama,2017.0,,liquid truth drama
190219,Bunny,Animation,1998.0,,bunny animation
190221,Hommage à Zgougou (et salut à Sabine Mamou),Documentary,2002.0,,hommage zgougou et salut sabine mamou documentary
191005,Gintama,Action Adventure Comedy Sci-Fi,2017.0,,gintama action adventure comedy sci fi
193565,Gintama: The Movie,Action Animation Comedy Sci-Fi,2010.0,anime comedy gintama remaster,gintama the movie action animation comedy sci fi anime comedy gintama remaster
193567,anohana: The Flower We Saw That Day - The Movie,Animation Drama,2013.0,,anohana the flower we saw that day the movie animation drama
193571,Silver Spoon,Comedy Drama,2014.0,,silver spoon comedy drama
193573,Love Live! The School Idol Movie,Animation,2015.0,,love live the school idol movie animation
193579,Jon Stewart Has Left the Building,Documentary,2015.0,,jon stewart has left the building documentary
193581,Black Butler: Book of the Atlantic,Action Animation Comedy Fantasy,2017.0,,black butler book of the atlantic action animation comedy fantasy
193583,No Game No Life: Zero,Animation Comedy Fantasy,2017.0,,no game no life zero animation comedy fantasy
193585,Flint,Drama,2017.0,,flint drama
193587,Bungo Stray Dogs: Dead Apple,Action Animation,2018.0,,bungo stray dogs dead apple action animation
193609,Andrew Dice Clay: Dice Rules,Comedy,1991.0,,andrew dice clay dice rules comedy
